// Generated from: credits.png by tools/png2rle565.py
// Format: RGB565_LE, run length encoded, draw with drawImageRLE() or drawImageRLETransparent()
// Original size: 128x128 = 32768 bytes, encoded: 30156 bytes

const uint16_t default_credits_width = 128;
const uint16_t default_credits_height = 128;

const uint8_t default_credits_rle[] PLATFORM_PROGMEM = {
    0x02, 0xB8, 0xBD, 0x98, 0xB5, 0xD9, 0xBD, 0x81, 0xF9, 0xBD, 0x05, 0xD8, 0xBD, 0x99, 0xB5, 0x58,
    0xAD, 0x17, 0xA5, 0xD7, 0x9C, 0x77, 0x8C, 0x81, 0x37, 0x84, 0x05, 0x77, 0x8C, 0xD8, 0x9C, 0x18,
    0xA5, 0x58, 0xAD, 0x98, 0xB5, 0xD8, 0xBD, 0x81, 0xF9, 0xBD, 0x05, 0xD9, 0xBD, 0x98, 0xB5, 0x58,
    0xAD, 0x18, 0xA5, 0xD7, 0x9C, 0x77, 0x8C, 0x81, 0x37, 0x84, 0x05, 0x77, 0x8C, 0xD7, 0x9C, 0x17,
    0xA5, 0x58, 0xAD, 0x98, 0xB5, 0xD9, 0xBD, 0x81, 0xF9, 0xBD, 0x05, 0xD9, 0xBD, 0x98, 0xB5, 0x58,
    0xAD, 0x18, 0xA5, 0xD7, 0x9C, 0x77, 0x8C, 0x81, 0x37, 0x84, 0x05, 0x77, 0x8C, 0xD7, 0x9C, 0x18,
    0xA5, 0x58, 0xAD, 0x98, 0xB5, 0xD8, 0xBD, 0x81, 0xF9, 0xBD, 0x05, 0xD9, 0xBD, 0x98, 0xB5, 0x58,
    0xAD, 0x18, 0xA5, 0xD8, 0x9C, 0x78, 0x8C, 0x81, 0x37, 0x84, 0x05, 0x77, 0x8C, 0xD7, 0x9C, 0x17,
    0xA5, 0x58, 0xAD, 0x98, 0xB5, 0xD8, 0xBD, 0x81, 0xF9, 0xBD, 0x05, 0xD8, 0xBD, 0x98, 0xB5, 0x58,
    0xAD, 0x18, 0xA5, 0xD7, 0x9C, 0x77, 0x8C, 0x81, 0x37, 0x84, 0x05, 0x77, 0x8C, 0xD7, 0x9C, 0x18,
    0xA5, 0x58, 0xAD, 0x99, 0xB5, 0xD8, 0xBD, 0x81, 0xF9, 0xBD, 0x05, 0xD9, 0xBD, 0x98, 0xB5, 0x58,
    0xAD, 0x18, 0xA5, 0xD8, 0x9C, 0x78, 0x8C, 0x81, 0x37, 0x84, 0x05, 0x77, 0x8C, 0xD7, 0x9C, 0x17,
    0xA5, 0x58, 0xAD, 0x98, 0xB5, 0xD8, 0xBD, 0x81, 0xF9, 0xBD, 0x05, 0xD8, 0xBD, 0x98, 0xB5, 0x58,
    0xAD, 0x18, 0xA5, 0xD7, 0x9C, 0x77, 0x8C, 0x81, 0x37, 0x84, 0x05, 0x77, 0x8C, 0xD7, 0x9C, 0x18,
    0xA5, 0x58, 0xAD, 0x99, 0xB5, 0xD8, 0xBD, 0x81, 0xF9, 0xBD, 0x05, 0xD8, 0xBD, 0x98, 0xB5, 0x58,
    0xAD, 0x18, 0xA5, 0xD8, 0x9C, 0x77, 0x8C, 0x81, 0x37, 0x84, 0x0D, 0x77, 0x8C, 0x38, 0x84, 0x33,
    0x63, 0x98, 0xB5, 0xF9, 0xBD, 0x5A, 0xAD, 0x7B, 0x94, 0x7B, 0x8C, 0x3A, 0x8C, 0x19, 0x84, 0xD8,
    0x7B, 0x97, 0x73, 0x57, 0x6B, 0x17, 0x63, 0x81, 0xB5, 0x52, 0x05, 0x15, 0x63, 0x56, 0x6B, 0x97,
    0x73, 0xD8, 0x7B, 0x19, 0x84, 0x3A, 0x8C, 0x81, 0x7A, 0x8C, 0x05, 0x3A, 0x8C, 0x19, 0x84, 0xD8,
    0x7B, 0x98, 0x73, 0x57, 0x6B, 0x15, 0x63, 0x81, 0xB5, 0x52, 0x0D, 0x15, 0x63, 0x56, 0x6B, 0x97,
    0x73, 0xD8, 0x7B, 0x19, 0x84, 0x3A, 0x8C, 0x7A, 0x8C, 0x7B, 0x8C, 0x3A, 0x8C, 0x19, 0x84, 0xD8,
    0x7B, 0x98, 0x73, 0x57, 0x6B, 0x16, 0x63, 0x81, 0xB5, 0x52, 0x05, 0x15, 0x63, 0x57, 0x6B, 0x98,
    0x73, 0xD9, 0x7B, 0x19, 0x84, 0x3A, 0x8C, 0x81, 0x7A, 0x8C, 0x15, 0x3A, 0x8C, 0x19, 0x84, 0xD8,
    0x7B, 0x97, 0x73, 0x56, 0x6B, 0x16, 0x63, 0xB5, 0x52, 0xB4, 0x52, 0x16, 0x63, 0x57, 0x6B, 0x97,
    0x73, 0xD8, 0x7B, 0x19, 0x84, 0x3A, 0x8C, 0x7A, 0x8C, 0x7B, 0x8C, 0x3A, 0x8C, 0x19, 0x84, 0xD8,
    0x7B, 0x97, 0x73, 0x57, 0x6B, 0x16, 0x63, 0x81, 0xB5, 0x52, 0x05, 0x16, 0x63, 0x57, 0x6B, 0x98,
    0x73, 0xD8, 0x7B, 0x19, 0x84, 0x3A, 0x8C, 0x81, 0x7B, 0x8C, 0x15, 0x3A, 0x8C, 0x19, 0x84, 0xD8,
    0x7B, 0x97, 0x73, 0x56, 0x6B, 0x16, 0x63, 0xB5, 0x52, 0xB4, 0x52, 0x16, 0x63, 0x57, 0x6B, 0x97,
    0x73, 0xD8, 0x7B, 0x19, 0x84, 0x3A, 0x8C, 0x7A, 0x8C, 0x7B, 0x8C, 0x3A, 0x8C, 0x19, 0x84, 0xD8,
    0x7B, 0x97, 0x73, 0x57, 0x6B, 0x16, 0x63, 0x81, 0xB5, 0x52, 0x05, 0x16, 0x63, 0x57, 0x6B, 0x98,
    0x73, 0xD8, 0x7B, 0x19, 0x84, 0x3A, 0x8C, 0x81, 0x7B, 0x8C, 0x1D, 0x3A, 0x8C, 0x19, 0x84, 0xD8,
    0x7B, 0x97, 0x73, 0x56, 0x6B, 0x16, 0x63, 0xB5, 0x52, 0x94, 0x94, 0xD5, 0x5A, 0x0C, 0x21, 0x09,
    0x00, 0xB9, 0xB5, 0x3A, 0xAD, 0x3A, 0x63, 0x46, 0x08, 0x47, 0x08, 0xA8, 0x10, 0xEA, 0x18, 0x0C,
    0x21, 0x2D, 0x29, 0x6F, 0x29, 0x91, 0x31, 0x93, 0x31, 0xB2, 0x31, 0x8F, 0x31, 0x6E, 0x29, 0x2D,
    0x29, 0x0D, 0x21, 0xEB, 0x18, 0xA8, 0x10, 0x81, 0x46, 0x08, 0x0D, 0xA9, 0x10, 0xEB, 0x18, 0x0C,
    0x21, 0x2E, 0x29, 0x51, 0x29, 0x90, 0x31, 0xB1, 0x31, 0xB2, 0x31, 0x90, 0x31, 0x6F, 0x29, 0x2F,
    0x29, 0x0C, 0x21, 0xEB, 0x18, 0xA9, 0x10, 0x81, 0x46, 0x08, 0x05, 0xA9, 0x10, 0xEB, 0x18, 0x0C,
    0x21, 0x2D, 0x29, 0x6F, 0x29, 0x8F, 0x31, 0x81, 0xB1, 0x31, 0x05, 0x90, 0x31, 0x6F, 0x29, 0x2F,
    0x29, 0x0E, 0x21, 0xEB, 0x18, 0xA9, 0x10, 0x81, 0x46, 0x08, 0x15, 0xA9, 0x10, 0xEB, 0x18, 0x0C,
    0x21, 0x2D, 0x29, 0x6E, 0x29, 0x90, 0x31, 0xB1, 0x31, 0xB0, 0x31, 0x90, 0x31, 0x51, 0x29, 0x2E,
    0x29, 0x0C, 0x21, 0xEB, 0x18, 0xA9, 0x10, 0x47, 0x08, 0x48, 0x08, 0xA9, 0x10, 0xEA, 0x18, 0x0C,
    0x21, 0x2D, 0x29, 0x6E, 0x29, 0x90, 0x31, 0x81, 0xB1, 0x31, 0x1D, 0x8F, 0x31, 0x6F, 0x29, 0x2D,
    0x29, 0x0C, 0x21, 0xEB, 0x18, 0xA9, 0x10, 0x46, 0x08, 0x47, 0x08, 0xA9, 0x10, 0xEB, 0x18, 0x0C,
    0x21, 0x2D, 0x29, 0x6E, 0x29, 0x90, 0x31, 0xB1, 0x31, 0xB0, 0x31, 0x90, 0x31, 0x51, 0x29, 0x2E,
    0x29, 0x0C, 0x21, 0xEB, 0x18, 0xA9, 0x10, 0x47, 0x08, 0x48, 0x08, 0xA9, 0x10, 0xEA, 0x18, 0x0C,
    0x21, 0x2D, 0x29, 0x6E, 0x29, 0x90, 0x31, 0x81, 0xB1, 0x31, 0x10, 0x8F, 0x31, 0x6F, 0x29, 0x2D,
    0x29, 0x0C, 0x21, 0xEB, 0x18, 0xA9, 0x10, 0x46, 0x08, 0x47, 0x08, 0xAA, 0x10, 0xCC, 0x18, 0x0D,
    0x21, 0x2D, 0x29, 0x6E, 0x29, 0x8F, 0x31, 0xB2, 0x31, 0xAB, 0x10, 0x69, 0x10, 0x81, 0x08, 0x00,
    0x02, 0xF9, 0xBD, 0x5B, 0x8C, 0x46, 0x08, 0x81, 0x9D, 0x73, 0x0D, 0x3B, 0x6B, 0x19, 0x63, 0xD7,
    0x5A, 0x76, 0x52, 0x34, 0x42, 0xD2, 0x39, 0x50, 0x29, 0x4F, 0x29, 0xD2, 0x39, 0x34, 0x42, 0x76,
    0x52, 0xD8, 0x5A, 0x19, 0x63, 0x3A, 0x6B, 0x81, 0x7C, 0x6B, 0x05, 0x3B, 0x6B, 0x19, 0x63, 0xD7,
    0x5A, 0x75, 0x52, 0x35, 0x42, 0xD1, 0x39, 0x81, 0x4E, 0x29, 0x05, 0xD1, 0x39, 0x34, 0x42, 0x76,
    0x52, 0xD7, 0x5A, 0x19, 0x63, 0x3B, 0x6B, 0x81, 0x7C, 0x6B, 0x0D, 0x3B, 0x6B, 0x19, 0x63, 0xD8,
    0x5A, 0x76, 0x52, 0x34, 0x42, 0xD1, 0x39, 0x4E, 0x29, 0x4F, 0x29, 0xD1, 0x39, 0x34, 0x42, 0x76,
    0x52, 0xD8, 0x5A, 0x19, 0x63, 0x3B, 0x6B, 0x81, 0x7C, 0x6B, 0x0D, 0x3A, 0x6B, 0x19, 0x63, 0xD8,
    0x5A, 0x76, 0x52, 0x34, 0x42, 0xD2, 0x39, 0x4F, 0x29, 0x4E, 0x29, 0xD1, 0x39, 0x35, 0x42, 0x76,
    0x52, 0xD7, 0x5A, 0x19, 0x63, 0x3B, 0x6B, 0x81, 0x7C, 0x6B, 0x05, 0x3B, 0x6B, 0x19, 0x63, 0xD8,
    0x5A, 0x76, 0x52, 0x34, 0x42, 0xD2, 0x39, 0x81, 0x50, 0x29, 0x05, 0xD1, 0x39, 0x34, 0x42, 0x76,
    0x52, 0xD7, 0x5A, 0x19, 0x63, 0x3B, 0x6B, 0x81, 0x7C, 0x6B, 0x0D, 0x3A, 0x6B, 0x19, 0x63, 0xD8,
    0x5A, 0x76, 0x52, 0x34, 0x42, 0xD2, 0x39, 0x4F, 0x29, 0x4E, 0x29, 0xD1, 0x39, 0x35, 0x42, 0x76,
    0x52, 0xD7, 0x5A, 0x19, 0x63, 0x3B, 0x6B, 0x81, 0x7C, 0x6B, 0x05, 0x3B, 0x6B, 0x19, 0x63, 0xD8,
    0x5A, 0x76, 0x52, 0x34, 0x42, 0xD2, 0x39, 0x81, 0x50, 0x29, 0x05, 0xD1, 0x39, 0x34, 0x42, 0x76,
    0x52, 0xD7, 0x5A, 0x19, 0x63, 0x3B, 0x6B, 0x81, 0x7C, 0x6B, 0x05, 0x3B, 0x6B, 0x19, 0x63, 0xD8,
    0x5A, 0x76, 0x52, 0x34, 0x42, 0xD1, 0x39, 0x81, 0x50, 0x29, 0x00, 0x6D, 0x31, 0x81, 0x09, 0x00,
    0x02, 0xF9, 0xBD, 0x3B, 0x8C, 0x46, 0x08, 0x81, 0x7C, 0x6B, 0x0D, 0x3A, 0x63, 0xF9, 0x5A, 0xB7,
    0x52, 0x76, 0x4A, 0x33, 0x42, 0xD1, 0x39, 0x2F, 0x29, 0x30, 0x29, 0xD3, 0x39, 0x34, 0x42, 0x75,
    0x4A, 0xB7, 0x52, 0xF9, 0x5A, 0x3A, 0x63, 0x81, 0x7C, 0x6B, 0x0D, 0x3A, 0x63, 0xF9, 0x5A, 0xB7,
    0x52, 0x75, 0x4A, 0x34, 0x42, 0xD3, 0x39, 0x2F, 0x29, 0x4E, 0x29, 0xD1, 0x39, 0x33, 0x42, 0x76,
    0x4A, 0xB7, 0x52, 0xF9, 0x5A, 0x3A, 0x63, 0x81, 0x7C, 0x6B, 0x05, 0x3A, 0x63, 0xF9, 0x5A, 0xB7,
    0x52, 0x75, 0x4A, 0x34, 0x42, 0xD3, 0x39, 0x81, 0x4F, 0x29, 0x05, 0xD1, 0x39, 0x33, 0x42, 0x75,
    0x4A, 0xB7, 0x52, 0xF9, 0x5A, 0x3A, 0x63, 0x81, 0x7C, 0x6B, 0x05, 0x3A, 0x63, 0xF9, 0x5A, 0xB7,
    0x52, 0x75, 0x4A, 0x33, 0x42, 0xD1, 0x39, 0x81, 0x4F, 0x29, 0x05, 0xD1, 0x39, 0x34, 0x42, 0x76,
    0x4A, 0xB7, 0x52, 0xF9, 0x5A, 0x3A, 0x63, 0x81, 0x7C, 0x6B, 0x0D, 0x3A, 0x63, 0xF9, 0x5A, 0xB7,
    0x52, 0x76, 0x4A, 0x34, 0x42, 0xD2, 0x39, 0x2F, 0x29, 0x30, 0x29, 0xD1, 0x39, 0x34, 0x42, 0x76,
    0x4A, 0xB7, 0x52, 0xF9, 0x5A, 0x3A, 0x63, 0x81, 0x7C, 0x6B, 0x05, 0x3A, 0x63, 0xF9, 0x5A, 0xB7,
    0x52, 0x75, 0x4A, 0x33, 0x42, 0xD1, 0x39, 0x81, 0x4F, 0x29, 0x05, 0xD1, 0x39, 0x34, 0x42, 0x76,
    0x4A, 0xB7, 0x52, 0xF9, 0x5A, 0x3A, 0x63, 0x81, 0x7C, 0x6B, 0x0D, 0x3A, 0x63, 0xF9, 0x5A, 0xB7,
    0x52, 0x76, 0x4A, 0x34, 0x42, 0xD2, 0x39, 0x2F, 0x29, 0x30, 0x29, 0xD1, 0x39, 0x34, 0x42, 0x76,
    0x4A, 0xB7, 0x52, 0xF9, 0x5A, 0x3A, 0x63, 0x81, 0x7C, 0x6B, 0x15, 0x3A, 0x63, 0xF9, 0x5A, 0xB7,
    0x52, 0x76, 0x4A, 0x34, 0x42, 0xD1, 0x39, 0x4E, 0x29, 0x4F, 0x29, 0x11, 0x42, 0xB0, 0x31, 0x08,
    0x00, 0xB9, 0xB5, 0xFA, 0x83, 0x89, 0x10, 0x3A, 0x63, 0x3B, 0x63, 0xF9, 0x62, 0xD8, 0x5A, 0xB7,
    0x52, 0x76, 0x4A, 0x36, 0x4A, 0xF4, 0x41, 0x81, 0xB2, 0x39, 0x05, 0xF4, 0x41, 0x36, 0x4A, 0x76,
    0x4A, 0xB7, 0x52, 0xD8, 0x5A, 0xF9, 0x5A, 0x81, 0x1A, 0x63, 0x05, 0xF9, 0x5A, 0xD8, 0x5A, 0xB7,
    0x52, 0x75, 0x4A, 0x34, 0x4A, 0xF4, 0x41, 0x81, 0xB3, 0x39, 0x05, 0x12, 0x42, 0x34, 0x4A, 0x75,
    0x4A, 0xB7, 0x52, 0xD8, 0x5A, 0xF9, 0x5A, 0x81, 0x1A, 0x63, 0x05, 0xF9, 0x5A, 0xD8, 0x5A, 0xB7,
    0x52, 0x75, 0x4A, 0x34, 0x4A, 0xF4, 0x41, 0x81, 0xB3, 0x39, 0x05, 0xF4, 0x41, 0x35, 0x4A, 0x76,
    0x4A, 0xB7, 0x52, 0xD8, 0x5A, 0xF9, 0x5A, 0x81, 0x1A, 0x63, 0x05, 0xF9, 0x5A, 0xD8, 0x5A, 0xB7,
    0x52, 0x75, 0x4A, 0x34, 0x4A, 0x12, 0x42, 0x81, 0xB1, 0x39, 0x05, 0x12, 0x42, 0x34, 0x4A, 0x76,
    0x4A, 0xB8, 0x52, 0xD8, 0x5A, 0xF9, 0x5A, 0x81, 0x1A, 0x63, 0x05, 0xF9, 0x5A, 0xD8, 0x5A, 0xB7,
    0x52, 0x75, 0x4A, 0x34, 0x4A, 0xF3, 0x41, 0x81, 0xB2, 0x39, 0x05, 0x13, 0x42, 0x34, 0x4A, 0x76,
    0x4A, 0xB7, 0x52, 0xD8, 0x5A, 0xF9, 0x5A, 0x81, 0x1A, 0x63, 0x05, 0xF9, 0x5A, 0xD8, 0x5A, 0xB7,
    0x52, 0x75, 0x4A, 0x34, 0x4A, 0x12, 0x42, 0x81, 0xB1, 0x39, 0x05, 0x12, 0x42, 0x34, 0x4A, 0x76,
    0x4A, 0xB8, 0x52, 0xD8, 0x5A, 0xF9, 0x5A, 0x81, 0x1A, 0x63, 0x05, 0xF9, 0x5A, 0xD8, 0x5A, 0xB7,
    0x52, 0x75, 0x4A, 0x34, 0x4A, 0xF3, 0x41, 0x81, 0xB2, 0x39, 0x05, 0x13, 0x42, 0x34, 0x4A, 0x76,
    0x4A, 0xB7, 0x52, 0xD8, 0x5A, 0xF9, 0x5A, 0x81, 0x1A, 0x63, 0x19, 0xF9, 0x5A, 0xD8, 0x5A, 0xB7,
    0x52, 0x76, 0x4A, 0x36, 0x4A, 0x14, 0x42, 0xD1, 0x39, 0xD2, 0x39, 0x94, 0x52, 0x8F, 0x31, 0x07,
    0x00, 0x59, 0xAD, 0xB9, 0x73, 0xCA, 0x18, 0xF8, 0x5A, 0xF9, 0x5A, 0xD8, 0x5A, 0xB9, 0x52, 0x9A,
    0x52, 0x79, 0x4A, 0x57, 0x4A, 0x34, 0x42, 0x12, 0x42, 0x13, 0x42, 0x35, 0x42, 0xD8, 0x52, 0x83,
    0x7C, 0x7C, 0x01, 0x9B, 0x7C, 0xBB, 0x84, 0x81, 0x9B, 0x84, 0x82, 0x9C, 0x84, 0x07, 0x9C, 0x7C,
    0x3C, 0x7C, 0xD8, 0x52, 0x54, 0x4A, 0x55, 0x4A, 0x76, 0x4A, 0x96, 0x52, 0xB7, 0x52, 0x83, 0xD8,
    0x5A, 0x0C, 0xB7, 0x52, 0x97, 0x52, 0x75, 0x4A, 0x55, 0x4A, 0x34, 0x42, 0x13, 0x42, 0x14, 0x42,
    0x35, 0x42, 0x55, 0x4A, 0x76, 0x4A, 0x97, 0x52, 0xB7, 0x52, 0xD8, 0x5A, 0x81, 0xD9, 0x5A, 0x0C,
    0xB9, 0x6B, 0xFA, 0x6B, 0xDA, 0x6B, 0x19, 0x5B, 0x56, 0x4A, 0x34, 0x42, 0x13, 0x42, 0x14, 0x42,
    0x34, 0x42, 0x54, 0x4A, 0x75, 0x4A, 0x96, 0x52, 0xB8, 0x52, 0x83, 0xD8, 0x5A, 0x04, 0xB7, 0x52,
    0xF7, 0x5A, 0x38, 0x5B, 0x18, 0x5B, 0xB7, 0x52, 0x81, 0x14, 0x42, 0x05, 0x34, 0x42, 0x54, 0x4A,
    0x75, 0x4A, 0x96, 0x52, 0xB7, 0x52, 0xD8, 0x5A, 0x81, 0xD9, 0x5A, 0x04, 0xD8, 0x5A, 0xB7, 0x52,
    0x97, 0x52, 0x76, 0x4A, 0x96, 0x4A, 0x82, 0xBA, 0x6B, 0x04, 0x74, 0x4A, 0x54, 0x4A, 0x75, 0x4A,
    0x96, 0x52, 0xB8, 0x52, 0x83, 0xD8, 0x5A, 0x04, 0xB7, 0x52, 0x96, 0x52, 0x76, 0x4A, 0x55, 0x4A,
    0x34, 0x42, 0x81, 0x14, 0x42, 0x05, 0x34, 0x42, 0x54, 0x4A, 0x75, 0x4A, 0x96, 0x52, 0xB9, 0x52,
    0xD9, 0x5A, 0x81, 0xDB, 0x5A, 0x05, 0xD9, 0x5A, 0xB7, 0x52, 0x96, 0x52, 0x76, 0x4A, 0x56, 0x4A,
    0x35, 0x42, 0x81, 0x34, 0x42, 0x05, 0xF6, 0x62, 0x6F, 0x29, 0x08, 0x00, 0xF8, 0xA4, 0x79, 0x6B,
    0xEC, 0x20, 0x81, 0xB7, 0x52, 0x1B, 0x99, 0x52, 0x9B, 0x52, 0x7A, 0x52, 0x78, 0x4A, 0x77, 0x4A,
    0x55, 0x4A, 0x54, 0x4A, 0x53, 0x4A, 0x55, 0x4A, 0xDA, 0x6B, 0x9B, 0x63, 0x57, 0x42, 0x17, 0x3A,
    0xF7, 0x39, 0xDD, 0x94, 0xBD, 0x8C, 0x9C, 0x84, 0x3B, 0x7C, 0xFB, 0x73, 0xBA, 0x6B, 0x9A, 0x6B,
    0x79, 0x63, 0x38, 0x5B, 0xBA, 0x63, 0x9D, 0x7C, 0x58, 0x63, 0x76, 0x4A, 0x76, 0x52, 0x81, 0x96,
    0x52, 0x81, 0x97, 0x52, 0x81, 0x96, 0x52, 0x81, 0x76, 0x4A, 0x00, 0x75, 0x4A, 0x83, 0x55, 0x4A,
    0x02, 0x75, 0x4A, 0x76, 0x4A, 0x76, 0x52, 0x81, 0x96, 0x52, 0x81, 0x97, 0x52, 0x04, 0xFE, 0x8C,
    0xD9, 0x52, 0x19, 0x53, 0x9C, 0x7C, 0xF1, 0x39, 0x82, 0x56, 0x4A, 0x00, 0x55, 0x4A, 0x81, 0x75,
    0x4A, 0x00, 0x76, 0x52, 0x81, 0x97, 0x52, 0x01, 0x96, 0x52, 0x97, 0x52, 0x81, 0x96, 0x52, 0x06,
    0x7B, 0x7C, 0x9C, 0x84, 0x1C, 0x95, 0x3D, 0x8D, 0x33, 0x4A, 0x35, 0x4A, 0x56, 0x4A, 0x81, 0x75,
    0x4A, 0x04, 0x76, 0x52, 0x96, 0x52, 0x97, 0x52, 0x96, 0x52, 0x97, 0x52, 0x81, 0x96, 0x52, 0x09,
    0x76, 0x4A, 0x77, 0x4A, 0x38, 0x5B, 0xBD, 0x84, 0x9A, 0x63, 0x3C, 0x74, 0x37, 0x5B, 0xF1, 0x39,
    0x75, 0x4A, 0x76, 0x52, 0x81, 0x97, 0x52, 0x01, 0x96, 0x52, 0x97, 0x52, 0x81, 0x96, 0x52, 0x02,
    0x76, 0x52, 0x76, 0x4A, 0x75, 0x4A, 0x82, 0x55, 0x4A, 0x00, 0x56, 0x4A, 0x81, 0x75, 0x4A, 0x02,
    0x76, 0x52, 0x9A, 0x52, 0x9B, 0x52, 0x81, 0x99, 0x52, 0x01, 0x98, 0x52, 0x96, 0x52, 0x82, 0x75,
    0x4A, 0x00, 0x55, 0x4A, 0x81, 0x75, 0x4A, 0x0D, 0x57, 0x6B, 0x2F, 0x21, 0x0A, 0x00, 0xB8, 0x94,
    0x37, 0x63, 0x0D, 0x21, 0x56, 0x4A, 0x55, 0x4A, 0x58, 0x4A, 0x5A, 0x4A, 0x7A, 0x4A, 0x78, 0x4A,
    0x76, 0x52, 0x96, 0x52, 0x81, 0x95, 0x52, 0x09, 0x96, 0x52, 0xFA, 0x6B, 0x3A, 0x5B, 0x75, 0x29,
    0x34, 0x21, 0x74, 0x29, 0x9A, 0x8C, 0x5A, 0x84, 0x1A, 0x7C, 0xBA, 0x73, 0x81, 0x99, 0x6B, 0x07,
    0x59, 0x63, 0xD8, 0x5A, 0xB7, 0x52, 0x77, 0x4A, 0x57, 0x4A, 0xFA, 0x6B, 0xBA, 0x6B, 0xB0, 0x31,
    0x82, 0x55, 0x4A, 0x00, 0x54, 0x4A, 0x81, 0x55, 0x4A, 0x00, 0x75, 0x4A, 0x81, 0x76, 0x4A, 0x83,
    0x96, 0x52, 0x81, 0x76, 0x4A, 0x00, 0x75, 0x4A, 0x81, 0x55, 0x4A, 0x81, 0x54, 0x4A, 0x05, 0xDD,
    0x84, 0x34, 0x21, 0x55, 0x29, 0x7B, 0x7C, 0x00, 0x00, 0x96, 0x52, 0x81, 0x97, 0x52, 0x00, 0x96,
    0x52, 0x81, 0x76, 0x4A, 0x02, 0x75, 0x4A, 0x55, 0x4A, 0x56, 0x4A, 0x83, 0x55, 0x4A, 0x07, 0x7C,
    0x7C, 0x99, 0x6B, 0xDC, 0x94, 0x1D, 0x8D, 0x00, 0x00, 0x76, 0x52, 0x96, 0x52, 0x76, 0x4A, 0x81,
    0x75, 0x4A, 0x83, 0x55, 0x4A, 0x01, 0x54, 0x4A, 0x55, 0x4A, 0x81, 0x75, 0x4A, 0x09, 0x38, 0x63,
    0x5D, 0x7C, 0x77, 0x4A, 0x9B, 0x63, 0x58, 0x63, 0x00, 0x00, 0x76, 0x4A, 0x75, 0x4A, 0x55, 0x4A,
    0x56, 0x4A, 0x83, 0x55, 0x4A, 0x00, 0x75, 0x4A, 0x81, 0x76, 0x4A, 0x83, 0x96, 0x52, 0x08, 0x76,
    0x4A, 0x75, 0x4A, 0x76, 0x4A, 0x58, 0x4A, 0x5B, 0x4A, 0x5A, 0x4A, 0x57, 0x4A, 0x56, 0x4A, 0x54,
    0x4A, 0x81, 0x74, 0x4A, 0x00, 0x76, 0x52, 0x82, 0x96, 0x52, 0x05, 0x98, 0x73, 0x0C, 0x21, 0x09,
    0x00, 0x57, 0x8C, 0xF7, 0x5A, 0x2D, 0x29, 0x81, 0xF4, 0x41, 0x03, 0x17, 0x42, 0x37, 0x42, 0x57,
    0x4A, 0x76, 0x4A, 0x81, 0x96, 0x52, 0x81, 0xB7, 0x52, 0x05, 0x96, 0x52, 0xFA, 0x73, 0x3A, 0x5B,
    0x75, 0x29, 0x36, 0x3A, 0x1E, 0x8D, 0x82, 0xFD, 0x8C, 0x81, 0xFD, 0x84, 0x81, 0xDC, 0x84, 0x0E,
    0x5B, 0x7C, 0x3C, 0x74, 0xD8, 0x52, 0x37, 0x42, 0x16, 0x3A, 0x1B, 0x74, 0x10, 0x3A, 0x34, 0x42,
    0x14, 0x42, 0xF4, 0x39, 0xF3, 0x39, 0x13, 0x42, 0x34, 0x42, 0x55, 0x4A, 0x76, 0x4A, 0x81, 0x97,
    0x52, 0x01, 0xB8, 0x52, 0xB7, 0x52, 0x81, 0x97, 0x52, 0x03, 0x76, 0x4A, 0x55, 0x4A, 0x34, 0x42,
    0x14, 0x42, 0x81, 0xF3, 0x39, 0x05, 0xDE, 0x84, 0x34, 0x21, 0x35, 0x21, 0x7B, 0x7C, 0x00, 0x00,
    0x97, 0x52, 0x81, 0xB8, 0x52, 0x81, 0x97, 0x52, 0x03, 0x76, 0x4A, 0x55, 0x4A, 0x34, 0x42, 0x14,
    0x42, 0x81, 0xF2, 0x39, 0x07, 0x14, 0x42, 0x34, 0x42, 0x7C, 0x7C, 0x99, 0x6B, 0xFC, 0x94, 0x3D,
    0x8D, 0x00, 0x00, 0xB7, 0x52, 0x81, 0x97, 0x52, 0x13, 0x76, 0x4A, 0x55, 0x4A, 0x34, 0x42, 0x13,
    0x42, 0xF3, 0x39, 0xF4, 0x39, 0x14, 0x42, 0x34, 0x42, 0x55, 0x4A, 0x75, 0x4A, 0x58, 0x63, 0x5C,
    0x74, 0x57, 0x4A, 0x9B, 0x63, 0x79, 0x63, 0x00, 0x00, 0x76, 0x4A, 0x55, 0x4A, 0x34, 0x42, 0x14,
    0x42, 0x81, 0xF2, 0x39, 0x03, 0x14, 0x42, 0x34, 0x42, 0x55, 0x4A, 0x76, 0x4A, 0x81, 0x97, 0x52,
    0x01, 0xB8, 0x52, 0xB7, 0x52, 0x81, 0x97, 0x52, 0x0B, 0x76, 0x4A, 0x56, 0x4A, 0x37, 0x42, 0x16,
    0x42, 0xF5, 0x39, 0xF4, 0x39, 0x13, 0x42, 0x33, 0x42, 0x53, 0x4A, 0x74, 0x4A, 0x96, 0x52, 0x97,
    0x52, 0x81, 0xD8, 0x5A, 0x0D, 0xD9, 0x7B, 0xCA, 0x18, 0x07, 0x00, 0xF7, 0x7B, 0x96, 0x52, 0x4E,
    0x29, 0x90, 0x31, 0x95, 0x31, 0xD7, 0x39, 0x16, 0x42, 0x35, 0x4A, 0x76, 0x4A, 0x97, 0x52, 0xB7,
    0x52, 0x81, 0xD8, 0x5A, 0x05, 0xB7, 0x5A, 0xFA, 0x73, 0x5A, 0x5B, 0x75, 0x29, 0x77, 0x42, 0x77,
    0x63, 0x87, 0x00, 0x00, 0x07, 0x39, 0x63, 0x1E, 0x8D, 0x57, 0x42, 0xD6, 0x39, 0x56, 0x42, 0x7D,
    0x7C, 0xAE, 0x31, 0xD1, 0x39, 0x81, 0x91, 0x31, 0x05, 0xD2, 0x39, 0x13, 0x42, 0x34, 0x4A, 0x75,
    0x4A, 0x97, 0x52, 0xB8, 0x5A, 0x81, 0xD9, 0x5A, 0x05, 0xB7, 0x5A, 0x97, 0x52, 0x76, 0x4A, 0x34,
    0x4A, 0x13, 0x42, 0xD3, 0x39, 0x81, 0x91, 0x31, 0x05, 0xDE, 0x84, 0x55, 0x29, 0x35, 0x21, 0x5A,
    0x74, 0x00, 0x00, 0xB7, 0x5A, 0x81, 0xD9, 0x5A, 0x2D, 0xB8, 0x5A, 0x97, 0x52, 0x76, 0x4A, 0x34,
    0x4A, 0x13, 0x42, 0xD3, 0x39, 0x91, 0x31, 0x90, 0x31, 0xD2, 0x39, 0x13, 0x42, 0x5C, 0x7C, 0xBD,
    0x84, 0xFD, 0x8C, 0xDC, 0x84, 0x00, 0x00, 0xD8, 0x5A, 0xB7, 0x5A, 0x96, 0x52, 0x76, 0x4A, 0x35,
    0x4A, 0x14, 0x42, 0xD2, 0x39, 0x90, 0x31, 0x92, 0x31, 0xD3, 0x39, 0x14, 0x42, 0x34, 0x4A, 0x75,
    0x4A, 0x59, 0x63, 0x3D, 0x74, 0x58, 0x4A, 0x7B, 0x63, 0x9A, 0x6B, 0x00, 0x00, 0x76, 0x4A, 0x34,
    0x4A, 0x13, 0x42, 0xD3, 0x39, 0x91, 0x31, 0x90, 0x31, 0xD2, 0x39, 0x13, 0x42, 0x34, 0x4A, 0x76,
    0x4A, 0x97, 0x52, 0xB7, 0x5A, 0x81, 0xD8, 0x5A, 0x0D, 0xB7, 0x5A, 0x96, 0x52, 0x76, 0x4A, 0x37,
    0x4A, 0x17, 0x42, 0xD5, 0x39, 0x91, 0x31, 0x92, 0x31, 0xD2, 0x39, 0x11, 0x42, 0x33, 0x42, 0x74,
    0x4A, 0x97, 0x52, 0xB8, 0x5A, 0x81, 0xF9, 0x5A, 0x0D, 0xFB, 0x83, 0x88, 0x10, 0x06, 0x00, 0x97,
    0x73, 0x55, 0x4A, 0x70, 0x29, 0x0E, 0x21, 0x0D, 0x21, 0x91, 0x31, 0xD3, 0x39, 0x33, 0x42, 0x75,
    0x4A, 0x96, 0x52, 0xD8, 0x5A, 0x81, 0xF9, 0x62, 0x1D, 0xD8, 0x5A, 0x1A, 0x74, 0x7A, 0x63, 0xB5,
    0x31, 0x76, 0x42, 0x56, 0x5B, 0xA7, 0x10, 0x0E, 0x21, 0x90, 0x31, 0xD3, 0x39, 0x34, 0x42, 0x75,
    0x4A, 0x97, 0x52, 0xD8, 0x5A, 0xF9, 0x62, 0x7A, 0x6B, 0xDC, 0x6B, 0xB6, 0x31, 0x75, 0x29, 0x3D,
    0x74, 0x86, 0x10, 0x90, 0x31, 0x0E, 0x21, 0x0D, 0x21, 0x90, 0x31, 0xD2, 0x39, 0x34, 0x42, 0x75,
    0x4A, 0x97, 0x52, 0xD8, 0x5A, 0x81, 0xF9, 0x62, 0x0D, 0xD8, 0x5A, 0x97, 0x52, 0x75, 0x4A, 0x34,
    0x42, 0xD2, 0x39, 0x90, 0x31, 0x0F, 0x21, 0x0E, 0x21, 0xDD, 0x84, 0x74, 0x29, 0x55, 0x29, 0x5A,
    0x74, 0x00, 0x00, 0xD8, 0x5A, 0x81, 0xFA, 0x62, 0x0A, 0xD8, 0x5A, 0x97, 0x52, 0x76, 0x4A, 0x34,
    0x42, 0xD2, 0x39, 0x91, 0x31, 0x11, 0x21, 0x10, 0x21, 0x91, 0x31, 0xD3, 0x39, 0x34, 0x42, 0x83,
    0x00, 0x00, 0x1E, 0xF9, 0x62, 0xD8, 0x5A, 0x97, 0x52, 0x75, 0x4A, 0x34, 0x42, 0xD2, 0x39, 0x91,
    0x31, 0x0D, 0x21, 0x0E, 0x21, 0x90, 0x31, 0xD2, 0x39, 0x34, 0x42, 0x76, 0x4A, 0x5A, 0x63, 0x3D,
    0x74, 0x38, 0x42, 0x7B, 0x63, 0x9B, 0x6B, 0x00, 0x00, 0x76, 0x4A, 0x34, 0x42, 0xD2, 0x39, 0x91,
    0x31, 0x11, 0x21, 0x10, 0x21, 0x91, 0x31, 0xD3, 0x39, 0x34, 0x42, 0x75, 0x4A, 0x97, 0x52, 0xD8,
    0x5A, 0x81, 0xF9, 0x62, 0x0D, 0xD8, 0x5A, 0x97, 0x52, 0x75, 0x4A, 0x34, 0x42, 0xD3, 0x39, 0x91,
    0x31, 0x0D, 0x21, 0x0C, 0x21, 0x8F, 0x31, 0xD0, 0x39, 0x32, 0x42, 0x74, 0x4A, 0x97, 0x52, 0xD8,
    0x5A, 0x81, 0x1A, 0x63, 0x0D, 0x3C, 0x84, 0x27, 0x08, 0x07, 0x00, 0x77, 0x6B, 0x34, 0x4A, 0x4F,
    0x29, 0x10, 0x21, 0x0F, 0x21, 0x8F, 0x31, 0xD0, 0x39, 0x12, 0x42, 0x54, 0x4A, 0x96, 0x52, 0xD7,
    0x5A, 0x81, 0xF9, 0x5A, 0x0D, 0xD8, 0x5A, 0x1A, 0x74, 0x9B, 0x63, 0xB6, 0x31, 0x77, 0x42, 0x56,
    0x5B, 0xA7, 0x10, 0x0F, 0x21, 0x90, 0x31, 0xD2, 0x39, 0x14, 0x42, 0x55, 0x4A, 0x96, 0x52, 0xD8,
    0x5A, 0x81, 0xF9, 0x5A, 0x05, 0x9D, 0x84, 0x95, 0x31, 0x54, 0x29, 0xFB, 0x6B, 0xAD, 0x10, 0x91,
    0x31, 0x81, 0x0F, 0x21, 0x05, 0x90, 0x31, 0xD2, 0x39, 0x14, 0x42, 0x56, 0x4A, 0x97, 0x52, 0xD8,
    0x5A, 0x81, 0xF9, 0x5A, 0x0D, 0xD8, 0x5A, 0x97, 0x52, 0x56, 0x4A, 0x14, 0x42, 0xD2, 0x39, 0x90,
    0x31, 0x0F, 0x21, 0x10, 0x21, 0xDE, 0x84, 0x75, 0x29, 0x55, 0x21, 0x5A, 0x74, 0x00, 0x00, 0xD8,
    0x5A, 0x81, 0xF9, 0x5A, 0x0D, 0xD8, 0x5A, 0x96, 0x52, 0x55, 0x4A, 0x14, 0x42, 0xD3, 0x39, 0x90,
    0x31, 0x0E, 0x21, 0x0F, 0x21, 0x91, 0x31, 0xD3, 0x39, 0x14, 0x42, 0x55, 0x4A, 0x96, 0x52, 0xB8,
    0x5A, 0x81, 0xF9, 0x5A, 0x05, 0xD8, 0x5A, 0x97, 0x52, 0x56, 0x4A, 0x13, 0x42, 0xD2, 0x39, 0x91,
    0x31, 0x81, 0x10, 0x21, 0x15, 0x91, 0x31, 0xD3, 0x39, 0x14, 0x42, 0x55, 0x4A, 0x5A, 0x63, 0x1D,
    0x74, 0x17, 0x42, 0x5B, 0x5B, 0x9A, 0x6B, 0x00, 0x00, 0x55, 0x4A, 0x14, 0x42, 0xD3, 0x39, 0x90,
    0x31, 0x0E, 0x21, 0x0F, 0x21, 0x91, 0x31, 0xD3, 0x39, 0x14, 0x42, 0x56, 0x4A, 0x97, 0x52, 0xD8,
    0x5A, 0x81, 0xF9, 0x5A, 0x0D, 0xD8, 0x5A, 0x97, 0x52, 0x56, 0x4A, 0x13, 0x42, 0xD1, 0x39, 0x6E,
    0x31, 0x0A, 0x21, 0x09, 0x21, 0x6D, 0x31, 0xD0, 0x39, 0x12, 0x42, 0x55, 0x4A, 0x97, 0x52, 0xD8,
    0x5A, 0x81, 0x1A, 0x63, 0x0D, 0x1C, 0x84, 0x28, 0x08, 0x08, 0x00, 0xB7, 0x73, 0x75, 0x52, 0x2E,
    0x29, 0x90, 0x31, 0x91, 0x31, 0xB2, 0x39, 0xF1, 0x39, 0x12, 0x42, 0x53, 0x4A, 0x75, 0x4A, 0x96,
    0x52, 0x81, 0xB7, 0x52, 0x0D, 0x97, 0x52, 0xF9, 0x73, 0xBB, 0x6B, 0xF7, 0x39, 0x97, 0x4A, 0x78,
    0x63, 0x86, 0x10, 0x70, 0x31, 0xB1, 0x39, 0xF3, 0x39, 0x14, 0x42, 0x55, 0x4A, 0x76, 0x4A, 0x96,
    0x52, 0x81, 0xB8, 0x52, 0x05, 0xBD, 0x84, 0x74, 0x29, 0xF3, 0x18, 0xFA, 0x6B, 0x6E, 0x29, 0x2B,
    0x21, 0x81, 0x70, 0x31, 0x05, 0xB2, 0x39, 0xF3, 0x39, 0x13, 0x42, 0x55, 0x4A, 0x76, 0x4A, 0x97,
    0x52, 0x81, 0xB8, 0x52, 0x05, 0x97, 0x52, 0x76, 0x4A, 0x55, 0x4A, 0x14, 0x42, 0xF3, 0x39, 0xB1,
    0x39, 0x81, 0x70, 0x31, 0x05, 0xDE, 0x84, 0x95, 0x31, 0x55, 0x29, 0x5A, 0x74, 0x00, 0x00, 0x97,
    0x52, 0x81, 0xB8, 0x52, 0x15, 0x97, 0x52, 0x76, 0x4A, 0x55, 0x4A, 0x14, 0x42, 0xF3, 0x39, 0xB2,
    0x39, 0x6F, 0x31, 0x70, 0x31, 0xB1, 0x39, 0xF3, 0x39, 0x14, 0x42, 0x55, 0x4A, 0x76, 0x4A, 0x97,
    0x52, 0xB8, 0x52, 0xB7, 0x52, 0x97, 0x52, 0x76, 0x4A, 0x55, 0x4A, 0x14, 0x42, 0xF3, 0x39, 0xB2,
    0x39, 0x81, 0x71, 0x31, 0x1D, 0xB2, 0x39, 0xF3, 0x39, 0x14, 0x42, 0x55, 0x4A, 0x38, 0x63, 0xFC,
    0x6B, 0x95, 0x31, 0x1A, 0x5B, 0x79, 0x63, 0x00, 0x00, 0x55, 0x4A, 0x14, 0x42, 0xF3, 0x39, 0xB2,
    0x39, 0x6F, 0x31, 0x70, 0x31, 0xB1, 0x39, 0xF3, 0x39, 0x14, 0x42, 0x55, 0x4A, 0x76, 0x4A, 0x97,
    0x52, 0xB8, 0x52, 0xB7, 0x52, 0x97, 0x52, 0x76, 0x4A, 0x55, 0x4A, 0x14, 0x42, 0xF2, 0x39, 0xAF,
    0x31, 0x81, 0x6D, 0x29, 0x05, 0xAF, 0x31, 0xF1, 0x39, 0x12, 0x42, 0x54, 0x4A, 0x76, 0x4A, 0x97,
    0x52, 0x81, 0xD8, 0x5A, 0x05, 0xDB, 0x7B, 0x89, 0x10, 0x07, 0x00, 0xF8, 0x7B, 0xB6, 0x52, 0x0D,
    0x21, 0x81, 0xD2, 0x39, 0x05, 0xF3, 0x39, 0xF4, 0x41, 0x13, 0x42, 0x33, 0x42, 0x54, 0x4A, 0x55,
    0x4A, 0x81, 0x76, 0x4A, 0x0B, 0x56, 0x4A, 0xF9, 0x6B, 0xDB, 0x6B, 0x37, 0x4A, 0x98, 0x4A, 0x98,
    0x63, 0x66, 0x10, 0xD2, 0x39, 0xF2, 0x39, 0xF3, 0x41, 0x14, 0x42, 0x35, 0x42, 0x81, 0x55, 0x4A,
    0x81, 0x76, 0x4A, 0x07, 0x1C, 0x6C, 0x33, 0x21, 0xF3, 0x18, 0xFC, 0x6B, 0x8F, 0x29, 0x0A, 0x21,
    0xF2, 0x39, 0x7C, 0x7C, 0x81, 0x5C, 0x7C, 0x03, 0x95, 0x4A, 0x34, 0x42, 0x55, 0x4A, 0x56, 0x4A,
    0x81, 0x76, 0x4A, 0x05, 0x56, 0x4A, 0x57, 0x63, 0x7B, 0x7C, 0x7C, 0x7C, 0x1B, 0x74, 0xF3, 0x39,
    0x81, 0xD2, 0x39, 0x15, 0xDD, 0x84, 0xD6, 0x39, 0x75, 0x29, 0x5B, 0x74, 0x74, 0x4A, 0x7B, 0x7C,
    0xBC, 0x84, 0xFB, 0x6B, 0x1C, 0x74, 0x1B, 0x74, 0xBA, 0x6B, 0x34, 0x42, 0xF3, 0x41, 0xF3, 0x39,
    0xD1, 0x39, 0xD2, 0x39, 0xF3, 0x39, 0xF4, 0x41, 0x59, 0x63, 0x7B, 0x7C, 0x9B, 0x84, 0x39, 0x74,
    0x81, 0x76, 0x4A, 0x81, 0x55, 0x4A, 0x1D, 0x34, 0x42, 0x14, 0x42, 0x13, 0x42, 0xB5, 0x4A, 0xBC,
    0x84, 0x9D, 0x7C, 0x1B, 0x74, 0x7D, 0x7C, 0x9C, 0x7C, 0x17, 0x5B, 0x18, 0x5B, 0x9B, 0x63, 0xD4,
    0x18, 0x99, 0x42, 0x38, 0x5B, 0x00, 0x00, 0x34, 0x42, 0x14, 0x42, 0xF3, 0x41, 0xF3, 0x39, 0xD1,
    0x39, 0xF3, 0x39, 0x5B, 0x7C, 0xDD, 0x84, 0x7C, 0x7C, 0x9C, 0x84, 0x9B, 0x7C, 0x99, 0x63, 0x96,
    0x52, 0x76, 0x4A, 0x81, 0x55, 0x4A, 0x0B, 0x34, 0x42, 0x14, 0x42, 0xF3, 0x41, 0xF2, 0x39, 0xD2,
    0x39, 0xCF, 0x39, 0xF2, 0x39, 0xF3, 0x41, 0x14, 0x42, 0x35, 0x42, 0x55, 0x4A, 0x56, 0x4A, 0x81,
    0x96, 0x52, 0x06, 0x79, 0x6B, 0xCA, 0x18, 0x07, 0x00, 0x18, 0x84, 0xD7, 0x5A, 0xEC, 0x18, 0x14,
    0x42, 0x81, 0x13, 0x42, 0x83, 0x14, 0x42, 0x81, 0x34, 0x42, 0x81, 0x35, 0x42, 0x06, 0xD9, 0x6B,
    0xFB, 0x73, 0xB8, 0x52, 0xD8, 0x52, 0xB9, 0x63, 0x65, 0x08, 0xF4, 0x41, 0x81, 0x13, 0x42, 0x82,
    0x14, 0x42, 0x81, 0x35, 0x42, 0x0E, 0x78, 0x63, 0x77, 0x42, 0xB3, 0x10, 0x14, 0x21, 0x3D, 0x74,
    0x00, 0x00, 0xE9, 0x18, 0x75, 0x4A, 0xDC, 0x6B, 0x37, 0x42, 0xBB, 0x63, 0xD3, 0x4A, 0x4D, 0x29,
    0x14, 0x42, 0x34, 0x42, 0x81, 0x35, 0x42, 0x15, 0x34, 0x42, 0x7B, 0x7C, 0x3A, 0x5B, 0x97, 0x4A,
    0x5C, 0x7C, 0x00, 0x00, 0xF3, 0x41, 0xF4, 0x41, 0xFD, 0x84, 0x17, 0x42, 0x96, 0x29, 0x1E, 0x8D,
    0xDC, 0x84, 0x1B, 0x74, 0xB7, 0x52, 0x16, 0x42, 0xB5, 0x31, 0x75, 0x29, 0x39, 0x53, 0x1B, 0x74,
    0x96, 0x4A, 0x14, 0x42, 0x81, 0xF3, 0x41, 0x81, 0x14, 0x42, 0x06, 0x7C, 0x7C, 0xBA, 0x6B, 0x9C,
    0x84, 0x3E, 0x8D, 0x44, 0x08, 0x35, 0x42, 0x34, 0x42, 0x81, 0x14, 0x42, 0x0E, 0x34, 0x42, 0xBA,
    0x6B, 0x1D, 0x95, 0xFA, 0x73, 0xF7, 0x5A, 0x56, 0x42, 0xF5, 0x39, 0x16, 0x3A, 0xDB, 0x6B, 0x7C,
    0x7C, 0x7B, 0x5B, 0x53, 0x08, 0x59, 0x42, 0x17, 0x5B, 0x00, 0x00, 0x82, 0x14, 0x42, 0x05, 0x34,
    0x42, 0xFB, 0x73, 0xBB, 0x84, 0x5A, 0x7C, 0xB9, 0x6B, 0x38, 0x63, 0x81, 0xD7, 0x52, 0x03, 0x9A,
    0x63, 0x5C, 0x74, 0x37, 0x5B, 0x34, 0x42, 0x83, 0x14, 0x42, 0x00, 0x13, 0x42, 0x81, 0xF4, 0x41,
    0x81, 0x13, 0x42, 0x81, 0x14, 0x42, 0x01, 0x15, 0x42, 0x35, 0x42, 0x81, 0x55, 0x4A, 0x05, 0x18,
    0x63, 0xEC, 0x18, 0x08, 0x00, 0x38, 0x8C, 0xF8, 0x5A, 0xCB, 0x18, 0x81, 0x35, 0x4A, 0x00, 0x34,
    0x42, 0x82, 0x14, 0x42, 0x81, 0xF4, 0x41, 0x81, 0xF3, 0x39, 0x07, 0xF3, 0x41, 0xD9, 0x6B, 0x5C,
    0x84, 0x39, 0x63, 0x19, 0x5B, 0x3B, 0x74, 0xAE, 0x29, 0xB7, 0x52, 0x83, 0xB6, 0x52, 0x0F, 0xB5,
    0x4A, 0xF6, 0x52, 0xB8, 0x63, 0xFC, 0x6B, 0xF4, 0x18, 0xD4, 0x18, 0xD9, 0x4A, 0x36, 0x5B, 0x00,
    0x00, 0x15, 0x42, 0x96, 0x52, 0x9B, 0x63, 0x75, 0x29, 0x5A, 0x5B, 0xB2, 0x4A, 0x6E, 0x29, 0x81,
    0xF3, 0x41, 0x81, 0xF3, 0x39, 0x05, 0xF3, 0x41, 0x7B, 0x7C, 0x97, 0x4A, 0x75, 0x29, 0x1C, 0x74,
    0x00, 0x00, 0x81, 0x34, 0x42, 0x05, 0xFD, 0x8C, 0x98, 0x52, 0xB6, 0x31, 0x9C, 0x7C, 0x1A, 0x7C,
    0x39, 0x5B, 0x81, 0xDA, 0x6B, 0x05, 0x79, 0x63, 0x75, 0x29, 0x93, 0x10, 0x55, 0x21, 0x3B, 0x74,
    0x49, 0x08, 0x81, 0x35, 0x42, 0x81, 0x14, 0x42, 0x05, 0x7B, 0x7C, 0x58, 0x63, 0xD9, 0x73, 0xFD,
    0x8C, 0x00, 0x00, 0xD2, 0x39, 0x81, 0xF3, 0x41, 0x0F, 0x13, 0x42, 0xBA, 0x6B, 0x19, 0x53, 0xBB,
    0x8C, 0x99, 0x6B, 0xBB, 0x6B, 0xFB, 0x6B, 0xDA, 0x6B, 0x97, 0x42, 0xD3, 0x18, 0xF9, 0x52, 0xD9,
    0x4A, 0xB3, 0x10, 0x99, 0x4A, 0xF6, 0x52, 0x00, 0x00, 0x81, 0x14, 0x42, 0x0E, 0x34, 0x42, 0x7D,
    0x7C, 0x18, 0x53, 0x3A, 0x84, 0xF9, 0x7B, 0xFA, 0x73, 0x1B, 0x74, 0xDA, 0x6B, 0xD7, 0x52, 0xF5,
    0x39, 0xD5, 0x31, 0x5C, 0x74, 0x37, 0x5B, 0xF3, 0x41, 0x13, 0x42, 0x82, 0x14, 0x42, 0x81, 0x35,
    0x42, 0x00, 0x15, 0x42, 0x81, 0x14, 0x42, 0x00, 0x13, 0x42, 0x83, 0xF3, 0x41, 0x05, 0xB7, 0x5A,
    0x0E, 0x21, 0x09, 0x00, 0x58, 0x8C, 0xF9, 0x62, 0x8A, 0x10, 0x81, 0x76, 0x4A, 0x12, 0x35, 0x4A,
    0x34, 0x42, 0x14, 0x42, 0xF3, 0x41, 0xD3, 0x39, 0xB2, 0x39, 0x92, 0x31, 0x91, 0x31, 0xB2, 0x39,
    0xB9, 0x6B, 0xBB, 0x8C, 0xDA, 0x7B, 0x1A, 0x63, 0x7B, 0x63, 0xFD, 0x8C, 0x3C, 0x74, 0xDB, 0x6B,
    0x9A, 0x63, 0x7A, 0x5B, 0x81, 0x3A, 0x5B, 0x10, 0x98, 0x42, 0x75, 0x29, 0xF3, 0x18, 0x13, 0x21,
    0xD5, 0x31, 0x1C, 0x74, 0xD0, 0x39, 0xC8, 0x18, 0x35, 0x4A, 0xB7, 0x52, 0xBC, 0x6B, 0x96, 0x31,
    0x5A, 0x5B, 0xB2, 0x4A, 0x8F, 0x31, 0xD3, 0x39, 0xB2, 0x39, 0x81, 0x91, 0x31, 0x05, 0xB2, 0x39,
    0x5B, 0x7C, 0x57, 0x42, 0x54, 0x29, 0x1C, 0x6C, 0x00, 0x00, 0x81, 0x55, 0x4A, 0x0D, 0x1D, 0x8D,
    0x39, 0x63, 0xB6, 0x31, 0x57, 0x63, 0x5C, 0x7C, 0x9C, 0x7C, 0x8E, 0x29, 0xCB, 0x18, 0x11, 0x3A,
    0x3C, 0x74, 0x56, 0x42, 0xF4, 0x18, 0x78, 0x42, 0x3B, 0x74, 0x81, 0x55, 0x4A, 0x13, 0x35, 0x4A,
    0x34, 0x42, 0x5A, 0x7C, 0x18, 0x5B, 0x18, 0x63, 0xFD, 0x84, 0x00, 0x00, 0x91, 0x31, 0xB2, 0x39,
    0xD3, 0x39, 0x95, 0x4A, 0x5C, 0x7C, 0x14, 0x21, 0xBB, 0x8C, 0xBD, 0x84, 0xB9, 0x6B, 0x74, 0x4A,
    0x73, 0x4A, 0xF9, 0x6B, 0xDB, 0x63, 0x81, 0xF4, 0x18, 0x17, 0xF3, 0x18, 0xB9, 0x4A, 0xD4, 0x52,
    0x00, 0x00, 0xF3, 0x41, 0x13, 0x42, 0xDA, 0x6B, 0xF9, 0x52, 0xF3, 0x18, 0x7B, 0x84, 0xBC, 0x84,
    0x3A, 0x74, 0x93, 0x4A, 0xB4, 0x4A, 0x7C, 0x7C, 0xBA, 0x63, 0x53, 0x21, 0x13, 0x21, 0x7C, 0x7C,
    0x93, 0x4A, 0xF3, 0x39, 0x14, 0x42, 0x34, 0x42, 0x35, 0x4A, 0x81, 0x56, 0x4A, 0x05, 0x35, 0x4A,
    0x34, 0x42, 0x14, 0x42, 0xF3, 0x41, 0xD2, 0x39, 0xB2, 0x39, 0x81, 0xB1, 0x31, 0x05, 0x54, 0x4A,
    0x0E, 0x21, 0x0A, 0x00, 0x79, 0x94, 0x1A, 0x63, 0x68, 0x08, 0x81, 0x97, 0x52, 0x13, 0x56, 0x4A,
    0x35, 0x42, 0x14, 0x42, 0xD3, 0x39, 0xB2, 0x39, 0x91, 0x31, 0x51, 0x29, 0x50, 0x29, 0x91, 0x31,
    0x98, 0x63, 0xDB, 0x94, 0xBA, 0x94, 0x1B, 0x84, 0xF7, 0x39, 0x3A, 0x7C, 0x16, 0x3A, 0xF4, 0x18,
    0xB4, 0x10, 0xF4, 0x18, 0x14, 0x21, 0x82, 0x13, 0x21, 0x0E, 0xF4, 0x31, 0x39, 0x5B, 0xBD, 0x84,
    0x53, 0x42, 0x00, 0x00, 0x89, 0x10, 0x55, 0x4A, 0xD8, 0x5A, 0xFC, 0x73, 0xF7, 0x39, 0x5A, 0x5B,
    0x92, 0x42, 0xAF, 0x31, 0xB2, 0x39, 0x92, 0x31, 0x81, 0x50, 0x29, 0x05, 0x91, 0x31, 0x5B, 0x7C,
    0x36, 0x3A, 0x14, 0x21, 0xFC, 0x6B, 0x00, 0x00, 0x81, 0x76, 0x4A, 0x04, 0x3D, 0x8D, 0x1B, 0x84,
    0x77, 0x52, 0x98, 0x63, 0x7B, 0x7C, 0x81, 0x00, 0x00, 0x17, 0x0B, 0x21, 0x0A, 0x21, 0x0D, 0x21,
    0x3C, 0x74, 0x75, 0x29, 0x95, 0x31, 0x3D, 0x74, 0x25, 0x00, 0x76, 0x4A, 0x55, 0x4A, 0x34, 0x42,
    0x5A, 0x7C, 0xB7, 0x52, 0x15, 0x42, 0xBD, 0x84, 0x00, 0x00, 0x0F, 0x21, 0x91, 0x31, 0xB2, 0x39,
    0x9C, 0x7C, 0xDA, 0x73, 0xB6, 0x31, 0x9D, 0x84, 0x79, 0x63, 0x81, 0x00, 0x00, 0x0F, 0x87, 0x10,
    0xA8, 0x10, 0x35, 0x5B, 0x39, 0x5B, 0x34, 0x21, 0x33, 0x21, 0xD9, 0x52, 0xB4, 0x4A, 0x00, 0x00,
    0xD2, 0x39, 0x75, 0x4A, 0xDD, 0x84, 0xF6, 0x39, 0x34, 0x21, 0x1D, 0x8D, 0xB6, 0x52, 0x81, 0x00,
    0x00, 0x0A, 0xC9, 0x18, 0xE9, 0x18, 0x16, 0x53, 0x97, 0x42, 0xB2, 0x10, 0x14, 0x21, 0xDA, 0x6B,
    0x0A, 0x00, 0x14, 0x42, 0x35, 0x42, 0x55, 0x4A, 0x81, 0x76, 0x4A, 0x0D, 0x56, 0x4A, 0x35, 0x42,
    0x14, 0x42, 0xD3, 0x39, 0xB2, 0x39, 0x91, 0x31, 0x50, 0x29, 0x4F, 0x29, 0xF2, 0x41, 0x2D, 0x29,
    0x0A, 0x00, 0x99, 0x94, 0x3A, 0x6B, 0x26, 0x00, 0x81, 0x98, 0x52, 0x0E, 0x56, 0x4A, 0x35, 0x4A,
    0x13, 0x42, 0xD2, 0x39, 0x91, 0x31, 0x4F, 0x29, 0xEE, 0x18, 0xEF, 0x18, 0x51, 0x29, 0x99, 0x63,
    0xBB, 0x8C, 0xDA, 0x9C, 0x7C, 0xAD, 0xFE, 0x8C, 0x5D, 0x7C, 0x81, 0x1D, 0x74, 0x82, 0x3D, 0x74,
    0x11, 0xF9, 0x52, 0x74, 0x29, 0x73, 0x29, 0x7F, 0x95, 0x11, 0x3A, 0x6E, 0x29, 0x00, 0x00, 0x44,
    0x08, 0x35, 0x4A, 0x56, 0x4A, 0xF8, 0x5A, 0x5D, 0x7C, 0x37, 0x42, 0x7A, 0x63, 0x71, 0x42, 0xB0,
    0x39, 0x91, 0x31, 0x50, 0x29, 0x81, 0xED, 0x18, 0x05, 0x4F, 0x29, 0x5B, 0x7C, 0x15, 0x3A, 0xD3,
    0x18, 0xFC, 0x6B, 0x00, 0x00, 0x81, 0x97, 0x52, 0x05, 0x3D, 0x95, 0xDB, 0x9C, 0x5B, 0x8C, 0x1C,
    0x74, 0x29, 0x08, 0x00, 0x00, 0x81, 0xEE, 0x18, 0x15, 0x51, 0x29, 0x91, 0x31, 0xDA, 0x6B, 0x19,
    0x53, 0xD6, 0x39, 0x39, 0x5B, 0x9A, 0x6B, 0x97, 0x52, 0x56, 0x4A, 0x35, 0x4A, 0x7A, 0x7C, 0xD5,
    0x39, 0x12, 0x21, 0xBD, 0x84, 0x00, 0x00, 0x8C, 0x10, 0x50, 0x29, 0xB2, 0x31, 0xFC, 0x8C, 0xBA,
    0x94, 0x9A, 0x73, 0xBD, 0x84, 0x81, 0x00, 0x00, 0x16, 0x56, 0x4A, 0x36, 0x42, 0x14, 0x42, 0xF3,
    0x39, 0x7C, 0x7C, 0x74, 0x29, 0x53, 0x29, 0xF9, 0x52, 0x74, 0x42, 0x00, 0x00, 0xD2, 0x39, 0x1B,
    0x74, 0xDB, 0x73, 0x57, 0x4A, 0x78, 0x42, 0x7A, 0x63, 0x00, 0x00, 0x01, 0x00, 0x13, 0x42, 0xD3,
    0x39, 0x91, 0x31, 0x6F, 0x29, 0x9C, 0x7C, 0x81, 0xB1, 0x10, 0x04, 0x9D, 0x7C, 0x52, 0x42, 0x13,
    0x42, 0x35, 0x4A, 0x56, 0x4A, 0x81, 0x97, 0x52, 0x0D, 0x56, 0x4A, 0x35, 0x4A, 0x14, 0x42, 0xD3,
    0x39, 0x91, 0x31, 0x51, 0x29, 0xF1, 0x18, 0xF0, 0x18, 0x71, 0x31, 0x4E, 0x29, 0x08, 0x00, 0x79,
    0x94, 0x1A, 0x63, 0x26, 0x00, 0x81, 0x97, 0x52, 0x05, 0x56, 0x4A, 0x34, 0x42, 0xF3, 0x41, 0xD2,
    0x39, 0x90, 0x31, 0x30, 0x29, 0x81, 0xED, 0x18, 0x05, 0x2F, 0x29, 0x98, 0x63, 0xDA, 0x94, 0xDA,
    0x9C, 0x5C, 0xA5, 0x7A, 0x7C, 0x81, 0xE6, 0x10, 0x01, 0xE6, 0x18, 0xE7, 0x18, 0x81, 0x07, 0x19,
    0x19, 0x99, 0x63, 0x16, 0x42, 0xD5, 0x39, 0x9A, 0x63, 0x71, 0x42, 0x00, 0x00, 0x09, 0x00, 0xF3,
    0x41, 0x34, 0x42, 0x55, 0x4A, 0xF8, 0x5A, 0xBE, 0x8C, 0xB9, 0x5A, 0x9B, 0x63, 0x71, 0x42, 0xB0,
    0x31, 0x91, 0x31, 0x30, 0x29, 0xEE, 0x18, 0xED, 0x18, 0x2E, 0x29, 0x5B, 0x7C, 0x16, 0x3A, 0x13,
    0x21, 0x1C, 0x74, 0x00, 0x00, 0x81, 0x77, 0x52, 0x3D, 0x3D, 0x95, 0xFA, 0x9C, 0x1A, 0x9D, 0xDC,
    0x84, 0x00, 0x00, 0x0A, 0x21, 0xCE, 0x18, 0xED, 0x18, 0x30, 0x29, 0x92, 0x31, 0x76, 0x4A, 0x3C,
    0x74, 0x17, 0x42, 0xD8, 0x52, 0x7C, 0x7C, 0x02, 0x00, 0x56, 0x4A, 0x34, 0x42, 0x79, 0x7C, 0x79,
    0x8C, 0x95, 0x52, 0xDD, 0x84, 0x00, 0x00, 0x8B, 0x10, 0x2F, 0x29, 0xF3, 0x39, 0xFC, 0x8C, 0xDA,
    0x9C, 0x5B, 0xA5, 0xBC, 0x84, 0x00, 0x00, 0x76, 0x52, 0x56, 0x4A, 0x35, 0x42, 0xF4, 0x41, 0xD3,
    0x39, 0x76, 0x5B, 0xD8, 0x52, 0xD5, 0x39, 0x3A, 0x5B, 0x73, 0x42, 0x00, 0x00, 0xD3, 0x39, 0xDD,
    0x8C, 0x1C, 0x84, 0xF9, 0x5A, 0x5D, 0x7C, 0x86, 0x08, 0x00, 0x00, 0x14, 0x42, 0xF3, 0x41, 0xD2,
    0x39, 0x91, 0x31, 0x2F, 0x29, 0x11, 0x3A, 0x93, 0x29, 0xD1, 0x18, 0xF9, 0x52, 0x36, 0x5B, 0x48,
    0x08, 0x34, 0x42, 0x55, 0x4A, 0x81, 0x77, 0x52, 0x0D, 0x56, 0x4A, 0x34, 0x42, 0xF3, 0x41, 0xD2,
    0x39, 0x91, 0x31, 0x2F, 0x29, 0xEE, 0x18, 0xEF, 0x18, 0x71, 0x31, 0x2F, 0x29, 0x08, 0x00, 0x38,
    0x84, 0xFA, 0x5A, 0x67, 0x08, 0x81, 0x56, 0x4A, 0x05, 0x35, 0x42, 0x14, 0x42, 0xF4, 0x39, 0xB2,
    0x39, 0x91, 0x31, 0x70, 0x29, 0x81, 0x30, 0x29, 0x25, 0x70, 0x29, 0x98, 0x63, 0xDA, 0x94, 0xB9,
    0x94, 0x3B, 0xA5, 0x39, 0x74, 0x01, 0x00, 0x35, 0x4A, 0x14, 0x42, 0xF3, 0x39, 0xB2, 0x39, 0x90,
    0x31, 0xB4, 0x4A, 0x1C, 0x74, 0x77, 0x4A, 0x57, 0x4A, 0x9D, 0x7C, 0xAF, 0x31, 0xB3, 0x39, 0xF3,
    0x39, 0x14, 0x42, 0x34, 0x42, 0xD6, 0x52, 0x5E, 0x9D, 0x9B, 0x73, 0xBB, 0x63, 0x92, 0x42, 0x8F,
    0x31, 0x91, 0x31, 0x71, 0x29, 0x30, 0x29, 0x31, 0x29, 0x70, 0x29, 0x5B, 0x7C, 0x16, 0x3A, 0x34,
    0x21, 0x1C, 0x74, 0x00, 0x00, 0x81, 0x55, 0x4A, 0x05, 0x3D, 0x95, 0xF9, 0x9C, 0x1A, 0x9D, 0xBB,
    0x84, 0x00, 0x00, 0x70, 0x29, 0x81, 0x30, 0x29, 0x35, 0x70, 0x29, 0x91, 0x31, 0x14, 0x42, 0x9C,
    0x7C, 0x98, 0x4A, 0xB8, 0x52, 0xFD, 0x8C, 0x23, 0x00, 0x34, 0x42, 0x14, 0x42, 0x7A, 0x7C, 0xD9,
    0x94, 0x98, 0x73, 0xDD, 0x84, 0x00, 0x00, 0x0E, 0x21, 0x70, 0x29, 0x95, 0x4A, 0xDB, 0x94, 0xB9,
    0x94, 0x3B, 0xA5, 0x1A, 0x74, 0x00, 0x00, 0x35, 0x4A, 0x34, 0x42, 0x13, 0x42, 0xF3, 0x39, 0xB2,
    0x39, 0xD4, 0x52, 0x1C, 0x74, 0x57, 0x4A, 0x9B, 0x63, 0xB3, 0x4A, 0x00, 0x00, 0xD3, 0x39, 0x3D,
    0x95, 0x1C, 0xA5, 0xFB, 0x7B, 0x3E, 0x8D, 0x44, 0x08, 0x13, 0x42, 0x14, 0x42, 0xF3, 0x39, 0xB2,
    0x39, 0x91, 0x31, 0x70, 0x29, 0xF1, 0x31, 0xD9, 0x52, 0x33, 0x21, 0xF5, 0x39, 0xD8, 0x6B, 0xA7,
    0x10, 0x14, 0x42, 0x35, 0x42, 0x81, 0x55, 0x4A, 0x0D, 0x34, 0x42, 0x14, 0x42, 0xF3, 0x39, 0xB2,
    0x39, 0x91, 0x31, 0x70, 0x29, 0x4F, 0x29, 0x4E, 0x29, 0xF2, 0x39, 0x0D, 0x21, 0x08, 0x00, 0xD8,
    0x7B, 0xB9, 0x5A, 0x8A, 0x10, 0x81, 0x14, 0x42, 0x05, 0xF4, 0x41, 0xF3, 0x39, 0xD3, 0x39, 0xB2,
    0x39, 0xB1, 0x31, 0x91, 0x31, 0x81, 0x70, 0x31, 0x25, 0x91, 0x31, 0x98, 0x63, 0xDA, 0x94, 0xB9,
    0x94, 0x1B, 0x9D, 0x19, 0x74, 0x24, 0x00, 0x14, 0x42, 0xF3, 0x41, 0xF4, 0x39, 0xD3, 0x39, 0xB3,
    0x39, 0xB2, 0x31, 0xD9, 0x6B, 0x55, 0x4A, 0x35, 0x42, 0xDA, 0x6B, 0xD2, 0x4A, 0x0D, 0x21, 0xD4,
    0x39, 0xF3, 0x39, 0xF4, 0x41, 0x96, 0x4A, 0x7D, 0xA5, 0xFB, 0x9C, 0x3D, 0x7C, 0xB2, 0x4A, 0x4E,
    0x29, 0xB2, 0x31, 0x91, 0x31, 0x70, 0x31, 0x72, 0x31, 0x92, 0x31, 0x5B, 0x74, 0x57, 0x42, 0x75,
    0x29, 0x1C, 0x74, 0x00, 0x00, 0x81, 0x14, 0x42, 0x3D, 0x3D, 0x95, 0xD9, 0x9C, 0xF9, 0x9C, 0x9B,
    0x84, 0x00, 0x00, 0x91, 0x31, 0x71, 0x31, 0x72, 0x31, 0x92, 0x31, 0xB2, 0x31, 0xF3, 0x39, 0x9C,
    0x7C, 0x76, 0x52, 0xD8, 0x52, 0xFD, 0x8C, 0x24, 0x00, 0xD3, 0x39, 0xF3, 0x39, 0x7A, 0x7C, 0xD9,
    0x94, 0x18, 0x84, 0xFD, 0x8C, 0x00, 0x00, 0x50, 0x29, 0x92, 0x31, 0xB5, 0x4A, 0xDB, 0x94, 0xB9,
    0x94, 0x1B, 0x9D, 0x78, 0x63, 0x01, 0x00, 0x14, 0x42, 0xF4, 0x41, 0xF3, 0x39, 0xD2, 0x39, 0xB2,
    0x39, 0xD5, 0x52, 0x3B, 0x74, 0x35, 0x42, 0x7A, 0x63, 0xB5, 0x4A, 0x00, 0x00, 0xD2, 0x39, 0x3C,
    0x95, 0x5B, 0xAD, 0x7C, 0xAD, 0x5E, 0x95, 0x44, 0x08, 0xD3, 0x39, 0xF3, 0x39, 0xD3, 0x39, 0xB2,
    0x39, 0xB2, 0x31, 0x91, 0x31, 0x12, 0x3A, 0x5A, 0x5B, 0x95, 0x31, 0x37, 0x42, 0xF9, 0x6B, 0x00,
    0x00, 0xF4, 0x39, 0xF4, 0x41, 0x81, 0x14, 0x42, 0x04, 0xF3, 0x41, 0xF3, 0x39, 0xD3, 0x39, 0xB2,
    0x39, 0xB2, 0x31, 0x82, 0x91, 0x31, 0x05, 0x34, 0x42, 0xED, 0x20, 0x08, 0x00, 0x98, 0x73, 0x77,
    0x52, 0xAB, 0x10, 0x81, 0xF3, 0x39, 0x81, 0xD2, 0x39, 0x82, 0xB2, 0x39, 0x00, 0xB2, 0x31, 0x81,
    0xB1, 0x31, 0x07, 0xB1, 0x39, 0xB8, 0x6B, 0xBA, 0x8C, 0x78, 0x8C, 0xDA, 0x94, 0xF8, 0x73, 0x24,
    0x08, 0xD3, 0x39, 0x82, 0xD2, 0x39, 0x08, 0xB3, 0x39, 0xB2, 0x39, 0x94, 0x4A, 0x3B, 0x74, 0x96,
    0x52, 0xB7, 0x52, 0xBD, 0x84, 0xF1, 0x39, 0xB3, 0x39, 0x81, 0xD2, 0x39, 0x07, 0x74, 0x4A, 0x3C,
    0x9D, 0x7B, 0xAD, 0x7D, 0xA5, 0xB2, 0x4A, 0x2D, 0x21, 0xB2, 0x39, 0xB1, 0x39, 0x81, 0xB1, 0x31,
    0x0D, 0xB2, 0x31, 0xBC, 0x84, 0x17, 0x42, 0xD6, 0x39, 0x5D, 0x74, 0x00, 0x00, 0xD2, 0x39, 0xD3,
    0x39, 0x3D, 0x8D, 0x99, 0x94, 0xB9, 0x94, 0x9B, 0x7C, 0x00, 0x00, 0xB1, 0x39, 0x81, 0xB1, 0x31,
    0x16, 0xB2, 0x31, 0xB3, 0x39, 0x54, 0x42, 0x9C, 0x84, 0xD7, 0x5A, 0xF7, 0x5A, 0x9C, 0x84, 0x44,
    0x08, 0xB1, 0x31, 0xD3, 0x39, 0x7A, 0x7C, 0xB9, 0x94, 0x38, 0x84, 0xFD, 0x8C, 0x00, 0x00, 0x91,
    0x31, 0xB2, 0x31, 0x54, 0x42, 0xFB, 0x94, 0x78, 0x8C, 0xD9, 0x94, 0x3A, 0x74, 0x24, 0x08, 0x82,
    0xD3, 0x39, 0x81, 0xB2, 0x39, 0x0E, 0x16, 0x5B, 0xDB, 0x73, 0xB7, 0x52, 0xBA, 0x6B, 0xD5, 0x52,
    0x00, 0x00, 0xD2, 0x39, 0x1C, 0x95, 0x7B, 0xAD, 0xBB, 0xB5, 0x9E, 0x9D, 0x85, 0x10, 0xB1, 0x31,
    0xD3, 0x39, 0xD2, 0x39, 0x81, 0xB2, 0x39, 0x07, 0xB2, 0x31, 0x54, 0x42, 0x39, 0x5B, 0xF6, 0x39,
    0x1A, 0x5B, 0xB8, 0x6B, 0x00, 0x00, 0xD2, 0x39, 0x82, 0xD3, 0x39, 0x82, 0xD2, 0x39, 0x81, 0xB2,
    0x39, 0x00, 0xB1, 0x39, 0x81, 0xB2, 0x39, 0x07, 0x76, 0x4A, 0xCB, 0x18, 0x08, 0x00, 0x58, 0x6B,
    0x56, 0x4A, 0xCB, 0x18, 0xB1, 0x31, 0xB2, 0x31, 0x81, 0xB1, 0x31, 0x81, 0xB2, 0x39, 0x81, 0xD2,
    0x39, 0x82, 0xD3, 0x39, 0x06, 0xB8, 0x6B, 0xB9, 0x8C, 0x37, 0x84, 0x99, 0x8C, 0xD8, 0x6B, 0x44,
    0x08, 0x91, 0x31, 0x81, 0xB1, 0x31, 0x13, 0xB1, 0x39, 0xB2, 0x39, 0xD2, 0x39, 0xD3, 0x39, 0x5B,
    0x7C, 0x9A, 0x73, 0x79, 0x6B, 0x5C, 0x7C, 0x57, 0x5B, 0x2D, 0x21, 0xB2, 0x31, 0xB1, 0x31, 0x33,
    0x42, 0x7C, 0xA5, 0x7A, 0xAD, 0xBD, 0xAD, 0x12, 0x53, 0x0B, 0x21, 0xD2, 0x39, 0xD3, 0x39, 0x81,
    0xD2, 0x39, 0x05, 0x55, 0x4A, 0x1B, 0x74, 0x16, 0x42, 0x37, 0x42, 0x5D, 0x7C, 0x00, 0x00, 0x81,
    0x91, 0x31, 0x04, 0x1D, 0x8D, 0x37, 0x84, 0x57, 0x8C, 0xDB, 0x84, 0x26, 0x00, 0x84, 0xD2, 0x39,
    0x0C, 0x98, 0x63, 0x7C, 0x7C, 0x79, 0x6B, 0xDA, 0x73, 0x78, 0x63, 0x00, 0x00, 0x71, 0x29, 0xB2,
    0x31, 0x7B, 0x7C, 0x78, 0x8C, 0x17, 0x84, 0xFD, 0x8C, 0x00, 0x00, 0x82, 0xD2, 0x39, 0x05, 0xFC,
    0x8C, 0x37, 0x84, 0x58, 0x8C, 0xFC, 0x8C, 0x44, 0x08, 0x91, 0x31, 0x81, 0xB1, 0x31, 0x81, 0xB2,
    0x39, 0x0D, 0xD9, 0x6B, 0xBA, 0x73, 0x79, 0x6B, 0x5D, 0x7C, 0xF5, 0x52, 0x00, 0x00, 0xB3, 0x39,
    0x5A, 0x7C, 0x5B, 0xA5, 0xDB, 0xBD, 0xDE, 0xAD, 0x53, 0x42, 0x71, 0x29, 0xB2, 0x31, 0x81, 0xB2,
    0x39, 0x81, 0xD2, 0x39, 0x07, 0x1B, 0x74, 0xD8, 0x52, 0x56, 0x4A, 0x7D, 0x7C, 0x51, 0x42, 0x00,
    0x00, 0xB1, 0x31, 0xB2, 0x31, 0x81, 0x91, 0x31, 0x01, 0xB1, 0x31, 0xB2, 0x31, 0x81, 0xB2, 0x39,
    0x81, 0xD2, 0x39, 0x81, 0xD3, 0x39, 0x0D, 0x98, 0x52, 0xAA, 0x18, 0x07, 0x00, 0x17, 0x63, 0x15,
    0x42, 0xCC, 0x18, 0x70, 0x29, 0x71, 0x29, 0x71, 0x31, 0x90, 0x31, 0xB1, 0x31, 0xB2, 0x39, 0xD2,
    0x39, 0xD3, 0x39, 0x81, 0xF4, 0x39, 0x1B, 0xD4, 0x39, 0xD8, 0x6B, 0xDA, 0x94, 0x37, 0x84, 0x78,
    0x84, 0xD7, 0x6B, 0x45, 0x08, 0x50, 0x29, 0x70, 0x31, 0x91, 0x31, 0xB1, 0x31, 0xB2, 0x39, 0xD2,
    0x39, 0xD3, 0x39, 0x95, 0x4A, 0x9D, 0x8C, 0xDA, 0x7B, 0x79, 0x6B, 0xBD, 0x84, 0x2E, 0x21, 0x92,
    0x31, 0x71, 0x31, 0xF2, 0x39, 0x3B, 0x9D, 0x39, 0xA5, 0xDD, 0xB5, 0x97, 0x63, 0xCA, 0x18, 0x81,
    0xD3, 0x39, 0x03, 0xF3, 0x39, 0xF3, 0x41, 0xDC, 0x84, 0xF8, 0x5A, 0x81, 0x77, 0x4A, 0x04, 0x7D,
    0x7C, 0x00, 0x00, 0x50, 0x29, 0x4F, 0x29, 0x1D, 0x8D, 0x81, 0x37, 0x84, 0x02, 0xFB, 0x94, 0x97,
    0x63, 0xD2, 0x39, 0x81, 0xF3, 0x39, 0x28, 0xD3, 0x39, 0xD2, 0x39, 0x9B, 0x7C, 0xFA, 0x7B, 0xD9,
    0x73, 0x9D, 0x84, 0x91, 0x31, 0x00, 0x00, 0x72, 0x29, 0x92, 0x31, 0x7B, 0x7C, 0x99, 0x8C, 0x38,
    0x84, 0x1D, 0x8D, 0x00, 0x00, 0xF3, 0x39, 0xD3, 0x39, 0xD2, 0x39, 0x5A, 0x7C, 0x58, 0x84, 0x16,
    0x84, 0xFB, 0x8C, 0x52, 0x42, 0x4F, 0x29, 0x70, 0x31, 0x90, 0x31, 0xB1, 0x31, 0x54, 0x42, 0x1D,
    0x8D, 0xDA, 0x7B, 0xFA, 0x7B, 0x9D, 0x84, 0xF6, 0x5A, 0x00, 0x00, 0xB2, 0x39, 0x15, 0x5B, 0x7D,
    0x9D, 0x9A, 0xB5, 0x3C, 0xC6, 0xBB, 0x84, 0x8F, 0x31, 0x81, 0x92, 0x31, 0x03, 0xB2, 0x39, 0xD2,
    0x39, 0x75, 0x4A, 0xFE, 0x8C, 0x81, 0xB7, 0x52, 0x04, 0xBC, 0x84, 0x28, 0x00, 0x4D, 0x29, 0x90,
    0x31, 0x70, 0x31, 0x81, 0x50, 0x29, 0x03, 0x71, 0x31, 0x92, 0x31, 0x93, 0x31, 0xB2, 0x39, 0x81,
    0xD2, 0x39, 0x81, 0x14, 0x42, 0x05, 0xB9, 0x5A, 0x8A, 0x10, 0x08, 0x00, 0xB7, 0x5A, 0xD4, 0x39,
    0xEE, 0x18, 0x81, 0x0F, 0x21, 0x05, 0x4F, 0x29, 0x70, 0x29, 0x91, 0x31, 0xB2, 0x31, 0xD3, 0x39,
    0xF3, 0x39, 0x81, 0x14, 0x42, 0x35, 0xF3, 0x39, 0xD8, 0x6B, 0xFA, 0x94, 0x37, 0x84, 0x38, 0x84,
    0xB7, 0x63, 0x45, 0x08, 0x10, 0x21, 0x31, 0x29, 0x71, 0x29, 0x91, 0x31, 0xB2, 0x31, 0xD2, 0x39,
    0xF3, 0x39, 0x14, 0x42, 0xDC, 0x84, 0x3B, 0x84, 0x58, 0x6B, 0x1B, 0x74, 0x98, 0x63, 0x0C, 0x21,
    0x31, 0x29, 0x90, 0x29, 0xFB, 0x94, 0xF8, 0x9C, 0xBB, 0xB5, 0x59, 0x7C, 0xC9, 0x18, 0xD3, 0x39,
    0xF3, 0x39, 0x55, 0x4A, 0xBC, 0x84, 0xDA, 0x73, 0x59, 0x63, 0xD7, 0x5A, 0x96, 0x52, 0x7D, 0x7C,
    0x00, 0x00, 0x0F, 0x21, 0x0E, 0x21, 0x1D, 0x8D, 0x37, 0x84, 0x17, 0x84, 0x37, 0x84, 0x1C, 0x95,
    0xB9, 0x6B, 0x55, 0x4A, 0x14, 0x42, 0x55, 0x42, 0x3A, 0x74, 0xBC, 0x8C, 0xF9, 0x7B, 0x1A, 0x7C,
    0x9C, 0x84, 0x81, 0x00, 0x00, 0x0B, 0x30, 0x29, 0x71, 0x29, 0x9B, 0x7C, 0xD9, 0x94, 0x78, 0x8C,
    0x1D, 0x8D, 0x00, 0x00, 0x14, 0x42, 0xF3, 0x39, 0xD3, 0x39, 0xB4, 0x52, 0x1C, 0x95, 0x81, 0xF6,
    0x7B, 0x37, 0x3D, 0x95, 0x72, 0x42, 0x90, 0x31, 0xB2, 0x31, 0x94, 0x4A, 0xDC, 0x84, 0x5B, 0x84,
    0x1B, 0x84, 0x5B, 0x84, 0xBE, 0x8C, 0x17, 0x5B, 0x00, 0x00, 0xB1, 0x39, 0xB1, 0x31, 0xDB, 0x84,
    0x39, 0xA5, 0xBA, 0xBD, 0x1C, 0xB6, 0x39, 0x74, 0x53, 0x42, 0xB2, 0x31, 0xF3, 0x39, 0xF6, 0x52,
    0x1E, 0x8D, 0x59, 0x6B, 0xF8, 0x5A, 0x3C, 0x7C, 0x78, 0x63, 0x00, 0x00, 0x8F, 0x31, 0x70, 0x29,
    0x30, 0x29, 0x0E, 0x21, 0x0F, 0x21, 0x30, 0x29, 0x71, 0x29, 0x92, 0x31, 0xB2, 0x31, 0xD2, 0x39,
    0xF3, 0x39, 0x14, 0x42, 0x15, 0x42, 0xDB, 0x5A, 0x48, 0x08, 0x09, 0x00, 0x77, 0x52, 0x91, 0x31,
    0xED, 0x20, 0xAF, 0x18, 0xAE, 0x18, 0x0E, 0x21, 0x4F, 0x29, 0x70, 0x31, 0xB2, 0x31, 0xD3, 0x39,
    0xF4, 0x41, 0x81, 0x14, 0x42, 0x4C, 0xF3, 0x41, 0xF8, 0x6B, 0x1B, 0x9D, 0x37, 0x84, 0x38, 0x7C,
    0x97, 0x63, 0x65, 0x08, 0xAC, 0x18, 0x10, 0x21, 0x51, 0x29, 0x71, 0x31, 0xB2, 0x31, 0xD3, 0x39,
    0xF3, 0x41, 0x14, 0x42, 0x75, 0x4A, 0x9C, 0x84, 0x78, 0x6B, 0x38, 0x63, 0x9C, 0x84, 0x8C, 0x10,
    0x10, 0x21, 0xCF, 0x18, 0x5D, 0x95, 0xB8, 0x94, 0x39, 0xA5, 0x1C, 0xB6, 0x5D, 0x95, 0x1A, 0x74,
    0xFD, 0x8C, 0x5E, 0x95, 0x5B, 0x84, 0xFB, 0x7B, 0x9F, 0x95, 0xBA, 0x73, 0xF7, 0x5A, 0x7C, 0x7C,
    0x00, 0x00, 0xAD, 0x18, 0xAC, 0x18, 0x3D, 0x8D, 0x37, 0x84, 0x38, 0x84, 0x58, 0x84, 0x17, 0x84,
    0x9A, 0x8C, 0x3E, 0x95, 0xBC, 0x84, 0xFD, 0x8C, 0xB9, 0x73, 0xB8, 0x73, 0x19, 0x84, 0xFD, 0x8C,
    0xAC, 0x10, 0x00, 0x00, 0x6C, 0x10, 0x0E, 0x21, 0x50, 0x29, 0x9B, 0x7C, 0xF9, 0x9C, 0x78, 0x94,
    0x1C, 0x8D, 0x00, 0x00, 0x14, 0x42, 0xF4, 0x41, 0xD3, 0x39, 0xB2, 0x31, 0xF7, 0x6B, 0x99, 0x84,
    0x74, 0x73, 0x74, 0x6B, 0x59, 0x7C, 0xDB, 0x84, 0xFD, 0x8C, 0x5B, 0x7C, 0x98, 0x6B, 0x3A, 0x84,
    0x81, 0x9C, 0x8C, 0x16, 0xFE, 0x94, 0x17, 0x5B, 0x00, 0x00, 0xB2, 0x31, 0x70, 0x31, 0x31, 0x42,
    0x7D, 0x9D, 0x79, 0xAD, 0xDA, 0xBD, 0xDC, 0xB5, 0x9E, 0x9D, 0x1D, 0x8D, 0x3E, 0x95, 0x1E, 0x95,
    0x3B, 0x84, 0xDA, 0x7B, 0xFB, 0x73, 0x7C, 0x7C, 0x08, 0x00, 0x01, 0x00, 0x70, 0x31, 0x4F, 0x29,
    0x0E, 0x21, 0x81, 0xAD, 0x18, 0x05, 0x0F, 0x21, 0x50, 0x29, 0x71, 0x31, 0xB2, 0x31, 0xD2, 0x39,
    0xF3, 0x41, 0x81, 0x35, 0x4A, 0x0D, 0xFC, 0x5A, 0x27, 0x00, 0x07, 0x00, 0x77, 0x4A, 0x91, 0x31,
    0xED, 0x18, 0xAE, 0x18, 0xB1, 0x18, 0x0F, 0x21, 0x4F, 0x29, 0x70, 0x31, 0x91, 0x31, 0xD3, 0x39,
    0xF3, 0x39, 0x81, 0x14, 0x42, 0x0D, 0xF3, 0x39, 0xF8, 0x6B, 0x5B, 0xA5, 0x98, 0x94, 0x98, 0x8C,
    0x97, 0x63, 0x45, 0x08, 0xAE, 0x18, 0x0E, 0x21, 0x31, 0x29, 0x72, 0x29, 0x92, 0x31, 0xD3, 0x39,
    0xF3, 0x39, 0x81, 0x14, 0x42, 0x15, 0xBC, 0x84, 0xB9, 0x73, 0xD6, 0x5A, 0xD9, 0x6B, 0x98, 0x63,
    0xEA, 0x20, 0xAE, 0x18, 0x90, 0x29, 0x3C, 0x95, 0xD8, 0x9C, 0x79, 0xAD, 0xDB, 0xBD, 0x9C, 0xB5,
    0x3D, 0xA5, 0xBC, 0x94, 0xDD, 0x94, 0x1D, 0x8D, 0x9B, 0x7C, 0x3C, 0x84, 0x99, 0x6B, 0xBD, 0x84,
    0x00, 0x00, 0x81, 0xAE, 0x18, 0x33, 0x3D, 0x95, 0xB8, 0x94, 0xB9, 0x94, 0xBF, 0x9D, 0xBA, 0x8C,
    0xF7, 0x7B, 0xF8, 0x7B, 0xB8, 0x73, 0x78, 0x6B, 0x57, 0x6B, 0x78, 0x6B, 0xDC, 0x8C, 0xB5, 0x4A,
    0x00, 0x00, 0x45, 0x08, 0xAC, 0x18, 0x0E, 0x21, 0x4F, 0x29, 0x9B, 0x7C, 0x3A, 0xA5, 0xD9, 0x9C,
    0x1D, 0x8D, 0x00, 0x00, 0x14, 0x42, 0xF3, 0x39, 0xD3, 0x39, 0x93, 0x31, 0x91, 0x31, 0x9A, 0x7C,
    0x78, 0x84, 0x34, 0x6B, 0xF4, 0x62, 0x14, 0x63, 0x15, 0x63, 0x16, 0x63, 0xB9, 0x73, 0x7E, 0x95,
    0xFD, 0x8C, 0x7B, 0x8C, 0xDE, 0x94, 0x17, 0x5B, 0x00, 0x00, 0x92, 0x31, 0x70, 0x31, 0x4F, 0x29,
    0x31, 0x3A, 0x7E, 0x95, 0x18, 0x9D, 0x7A, 0xAD, 0x5B, 0xAD, 0x1C, 0x9D, 0xBB, 0x94, 0x81, 0x7B,
    0x8C, 0x0F, 0xFE, 0x94, 0x9C, 0x84, 0x87, 0x10, 0x00, 0x00, 0x90, 0x31, 0x71, 0x31, 0x4F, 0x29,
    0x0E, 0x21, 0xAD, 0x18, 0xAE, 0x18, 0x0F, 0x21, 0x30, 0x29, 0x70, 0x31, 0x92, 0x31, 0xD3, 0x39,
    0xF3, 0x39, 0x81, 0x35, 0x42, 0x0D, 0xDC, 0x5A, 0x28, 0x00, 0x08, 0x00, 0x98, 0x52, 0xB3, 0x31,
    0xCC, 0x18, 0x0E, 0x21, 0x0F, 0x21, 0x30, 0x21, 0x50, 0x29, 0x70, 0x29, 0x92, 0x31, 0xB2, 0x31,
    0xD2, 0x39, 0x81, 0xD3, 0x39, 0x02, 0xD2, 0x39, 0x57, 0x63, 0x3D, 0x95, 0x81, 0x1C, 0x8D, 0x07,
    0xF4, 0x52, 0x45, 0x08, 0xEE, 0x20, 0x2F, 0x21, 0x50, 0x29, 0x71, 0x29, 0x92, 0x31, 0xB2, 0x31,
    0x82, 0xD3, 0x39, 0x00, 0x74, 0x4A, 0x82, 0xBC, 0x84, 0x01, 0x9B, 0x7C, 0x01, 0x00, 0x81, 0xEF,
    0x20, 0x02, 0x73, 0x42, 0xFC, 0x8C, 0x7D, 0x9D, 0x81, 0x5C, 0x9D, 0x08, 0x7E, 0x9D, 0x7E, 0x95,
    0xB9, 0x6B, 0xC8, 0x10, 0x5A, 0x74, 0x3E, 0x95, 0xFD, 0x8C, 0x1D, 0x8D, 0x00, 0x00, 0x81, 0xEE,
    0x20, 0x00, 0x3D, 0x8D, 0x81, 0x3C, 0x95, 0x1C, 0x7A, 0x7C, 0xB8, 0x6B, 0x3D, 0x95, 0xFC, 0x8C,
    0x5A, 0x7C, 0x7B, 0x84, 0xBC, 0x84, 0xFA, 0x73, 0xAE, 0x31, 0xA8, 0x10, 0x00, 0x00, 0xEE, 0x20,
    0xED, 0x20, 0x2F, 0x21, 0x50, 0x29, 0x7A, 0x7C, 0x5D, 0x95, 0x3C, 0x95, 0x3D, 0x8D, 0x00, 0x00,
    0xD3, 0x39, 0xD2, 0x39, 0xB2, 0x31, 0x92, 0x31, 0x71, 0x29, 0x0D, 0x21, 0xF4, 0x52, 0x1D, 0x8D,
    0x1C, 0x8D, 0x81, 0x7A, 0x84, 0x1B, 0x1D, 0x8D, 0x5A, 0x7C, 0xF6, 0x52, 0x3E, 0x95, 0xFD, 0x8C,
    0x5E, 0x95, 0xD6, 0x52, 0x00, 0x00, 0x92, 0x31, 0x71, 0x29, 0x4F, 0x29, 0x2F, 0x21, 0x6C, 0x29,
    0x35, 0x5B, 0x7D, 0x9D, 0x9E, 0x9D, 0x3D, 0x9D, 0x1D, 0x95, 0x3E, 0x95, 0xDC, 0x84, 0x17, 0x5B,
    0x25, 0x00, 0x00, 0x00, 0x90, 0x31, 0x92, 0x31, 0x71, 0x29, 0x50, 0x29, 0x2E, 0x21, 0x81, 0xEF,
    0x20, 0x05, 0x2F, 0x21, 0x51, 0x29, 0x71, 0x29, 0x91, 0x31, 0xB2, 0x31, 0xD2, 0x39, 0x81, 0xF3,
    0x41, 0x05, 0x9A, 0x52, 0x48, 0x08, 0x08, 0x00, 0xB8, 0x5A, 0xD4, 0x39, 0xAD, 0x18, 0x81, 0x2F,
    0x29, 0x03, 0x50, 0x29, 0x51, 0x29, 0x70, 0x29, 0x70, 0x31, 0x81, 0x91, 0x31, 0x81, 0xB2, 0x31,
    0x03, 0x92, 0x31, 0x91, 0x31, 0xCB, 0x18, 0xEA, 0x18, 0x81, 0x0B, 0x21, 0x01, 0x44, 0x08, 0x2F,
    0x29, 0x81, 0x50, 0x29, 0x03, 0x70, 0x29, 0x71, 0x31, 0x91, 0x31, 0x92, 0x31, 0x81, 0xB2, 0x31,
    0x05, 0x92, 0x31, 0xAB, 0x10, 0xC9, 0x18, 0xEA, 0x18, 0x0B, 0x21, 0x00, 0x00, 0x81, 0x30, 0x21,
    0x02, 0x50, 0x29, 0x6F, 0x29, 0x8D, 0x29, 0x81, 0xCD, 0x31, 0x10, 0xAC, 0x29, 0x8A, 0x10, 0x22,
    0x00, 0x00, 0x00, 0x70, 0x29, 0x0B, 0x21, 0x2B, 0x21, 0x4C, 0x21, 0x00, 0x00, 0x2F, 0x29, 0x2E,
    0x29, 0x90, 0x31, 0x4C, 0x21, 0x2B, 0x21, 0xCA, 0x18, 0x86, 0x10, 0xEA, 0x18, 0x81, 0x6C, 0x29,
    0x16, 0x8C, 0x29, 0x0A, 0x19, 0xA8, 0x10, 0x00, 0x00, 0xEA, 0x18, 0xAC, 0x10, 0x30, 0x21, 0x2F,
    0x29, 0x4F, 0x29, 0x50, 0x29, 0x92, 0x31, 0x0B, 0x21, 0xEB, 0x18, 0xAA, 0x10, 0x00, 0x00, 0xB2,
    0x31, 0x92, 0x31, 0x91, 0x31, 0x70, 0x31, 0x71, 0x29, 0x51, 0x29, 0xAB, 0x10, 0x4C, 0x29, 0x81,
    0x0E, 0x3A, 0x04, 0xEE, 0x39, 0x6C, 0x29, 0x04, 0x00, 0xA7, 0x10, 0xC9, 0x18, 0x81, 0xA9, 0x10,
    0x03, 0x65, 0x08, 0x00, 0x00, 0x71, 0x31, 0x71, 0x29, 0x81, 0x50, 0x29, 0x02, 0x30, 0x21, 0x4A,
    0x08, 0x4C, 0x29, 0x81, 0xEE, 0x39, 0x02, 0xCE, 0x31, 0x6C, 0x29, 0x07, 0x00, 0x81, 0x00, 0x00,
    0x05, 0x90, 0x31, 0x91, 0x31, 0x70, 0x31, 0x71, 0x29, 0x51, 0x29, 0x4F, 0x29, 0x81, 0x2F, 0x29,
    0x03, 0x4F, 0x29, 0x51, 0x29, 0x71, 0x29, 0x71, 0x31, 0x81, 0x91, 0x31, 0x81, 0xB2, 0x39, 0x07,
    0x58, 0x4A, 0x69, 0x10, 0x07, 0x00, 0xD8, 0x5A, 0xF5, 0x39, 0x8B, 0x10, 0x71, 0x29, 0x70, 0x29,
    0x82, 0x50, 0x29, 0x00, 0x70, 0x29, 0x81, 0x70, 0x31, 0x82, 0x71, 0x31, 0x05, 0x71, 0x29, 0x70,
    0x29, 0xEC, 0x18, 0xCB, 0x18, 0x8C, 0x10, 0x2B, 0x08, 0x82, 0x50, 0x29, 0x81, 0x70, 0x29, 0x00,
    0x71, 0x29, 0x82, 0x71, 0x31, 0x05, 0x72, 0x31, 0x72, 0x29, 0x0D, 0x21, 0xEC, 0x18, 0xCA, 0x18,
    0x8A, 0x10, 0x83, 0x50, 0x29, 0x03, 0xEC, 0x18, 0x0D, 0x21, 0x2E, 0x29, 0x4E, 0x29, 0x81, 0x6F,
    0x29, 0x06, 0x4F, 0x29, 0x70, 0x31, 0x6F, 0x29, 0xEC, 0x18, 0xAB, 0x18, 0x8B, 0x10, 0x51, 0x29,
    0x81, 0x50, 0x29, 0x04, 0xCB, 0x18, 0xED, 0x18, 0x0E, 0x21, 0x2D, 0x29, 0x4F, 0x29, 0x81, 0x6F,
    0x29, 0x04, 0x4E, 0x29, 0x2D, 0x29, 0x0D, 0x21, 0xED, 0x20, 0x50, 0x29, 0x81, 0x51, 0x29, 0x82,
    0x50, 0x29, 0x07, 0x70, 0x29, 0x0C, 0x21, 0x2D, 0x29, 0x4E, 0x29, 0x6F, 0x29, 0x71, 0x29, 0x71,
    0x31, 0x71, 0x29, 0x81, 0x70, 0x29, 0x82, 0x50, 0x29, 0x06, 0x48, 0x08, 0x89, 0x10, 0xCB, 0x18,
    0xED, 0x18, 0x0E, 0x21, 0x6F, 0x29, 0x4F, 0x29, 0x81, 0x6F, 0x29, 0x02, 0x4E, 0x29, 0x2F, 0x29,
    0x70, 0x29, 0x81, 0x50, 0x29, 0x81, 0x51, 0x29, 0x81, 0x50, 0x29, 0x05, 0xCA, 0x18, 0xEC, 0x18,
    0x0C, 0x21, 0x2D, 0x29, 0x4E, 0x29, 0x6F, 0x31, 0x81, 0x71, 0x31, 0x00, 0x71, 0x29, 0x81, 0x70,
    0x29, 0x82, 0x50, 0x29, 0x00, 0x4F, 0x29, 0x81, 0x50, 0x29, 0x00, 0x51, 0x29, 0x81, 0x71, 0x29,
    0x0A, 0x70, 0x31, 0x91, 0x31, 0x92, 0x31, 0x17, 0x42, 0x8B, 0x10, 0x07, 0x00, 0xD8, 0x5A, 0xF5,
    0x41, 0x6A, 0x10, 0x91, 0x31, 0x92, 0x31, 0x81, 0x70, 0x29, 0x81, 0x50, 0x29, 0x81, 0x4F, 0x29,
    0x00, 0x30, 0x29, 0x84, 0x50, 0x29, 0x81, 0x70, 0x29, 0x81, 0x71, 0x31, 0x81, 0x70, 0x29, 0x00,
    0x51, 0x29, 0x81, 0x50, 0x29, 0x82, 0x4F, 0x29, 0x83, 0x50, 0x29, 0x81, 0x70, 0x29, 0x02, 0x71,
    0x31, 0x70, 0x31, 0x70, 0x29, 0x82, 0x50, 0x29, 0x01, 0x51, 0x29, 0x50, 0x29, 0x81, 0x4F, 0x29,
    0x01, 0x50, 0x29, 0x4F, 0x29, 0x81, 0x50, 0x29, 0x81, 0x70, 0x29, 0x81, 0x71, 0x31, 0x07, 0x71,
    0x29, 0x70, 0x29, 0x50, 0x29, 0x51, 0x29, 0x50, 0x29, 0x4F, 0x29, 0x50, 0x29, 0x30, 0x29, 0x83,
    0x50, 0x29, 0x81, 0x70, 0x29, 0x81, 0x70, 0x31, 0x81, 0x70, 0x29, 0x81, 0x50, 0x29, 0x81, 0x4F,
    0x29, 0x00, 0x30, 0x29, 0x81, 0x50, 0x29, 0x00, 0x51, 0x29, 0x81, 0x50, 0x29, 0x81, 0x70, 0x29,
    0x81, 0x70, 0x31, 0x07, 0x71, 0x29, 0x70, 0x29, 0x50, 0x29, 0x51, 0x29, 0x50, 0x29, 0x4F, 0x29,
    0x50, 0x29, 0x30, 0x29, 0x83, 0x50, 0x29, 0x81, 0x70, 0x29, 0x81, 0x70, 0x31, 0x81, 0x70, 0x29,
    0x81, 0x50, 0x29, 0x81, 0x4F, 0x29, 0x00, 0x30, 0x29, 0x81, 0x50, 0x29, 0x00, 0x51, 0x29, 0x81,
    0x50, 0x29, 0x81, 0x70, 0x29, 0x81, 0x70, 0x31, 0x81, 0x70, 0x29, 0x81, 0x50, 0x29, 0x09, 0x51,
    0x29, 0x50, 0x29, 0x4F, 0x29, 0x50, 0x29, 0xD5, 0x39, 0xAB, 0x10, 0x07, 0x00, 0xD8, 0x5A, 0xF6,
    0x41, 0x48, 0x08, 0x81, 0x92, 0x31, 0x01, 0x71, 0x31, 0x70, 0x29, 0x81, 0x50, 0x29, 0x00, 0x2F,
    0x29, 0x83, 0x0E, 0x21, 0x00, 0x2F, 0x29, 0x81, 0x50, 0x29, 0x05, 0x70, 0x29, 0x71, 0x31, 0x91,
    0x31, 0x92, 0x31, 0x71, 0x31, 0x70, 0x29, 0x81, 0x50, 0x29, 0x00, 0x2F, 0x29, 0x83, 0x0E, 0x21,
    0x04, 0x2F, 0x29, 0x4F, 0x29, 0x50, 0x29, 0x70, 0x29, 0x71, 0x31, 0x81, 0x91, 0x31, 0x01, 0x71,
    0x31, 0x70, 0x29, 0x81, 0x50, 0x29, 0x01, 0x30, 0x29, 0x0F, 0x21, 0x81, 0x0E, 0x21, 0x05, 0x0F,
    0x21, 0x2F, 0x29, 0x4F, 0x29, 0x50, 0x29, 0x70, 0x29, 0x70, 0x31, 0x81, 0x91, 0x31, 0x05, 0x71,
    0x31, 0x70, 0x29, 0x50, 0x29, 0x4F, 0x29, 0x30, 0x29, 0x0F, 0x21, 0x81, 0x0E, 0x21, 0x05, 0x10,
    0x21, 0x2F, 0x29, 0x4F, 0x29, 0x50, 0x29, 0x70, 0x29, 0x71, 0x31, 0x81, 0x91, 0x31, 0x01, 0x71,
    0x31, 0x70, 0x29, 0x81, 0x50, 0x29, 0x00, 0x2F, 0x29, 0x83, 0x0F, 0x21, 0x00, 0x30, 0x29, 0x81,
    0x50, 0x29, 0x01, 0x70, 0x29, 0x71, 0x31, 0x81, 0x91, 0x31, 0x05, 0x71, 0x31, 0x70, 0x29, 0x50,
    0x29, 0x4F, 0x29, 0x30, 0x29, 0x0F, 0x21, 0x81, 0x0E, 0x21, 0x05, 0x10, 0x21, 0x2F, 0x29, 0x4F,
    0x29, 0x50, 0x29, 0x70, 0x29, 0x71, 0x31, 0x81, 0x91, 0x31, 0x01, 0x71, 0x31, 0x70, 0x29, 0x81,
    0x50, 0x29, 0x00, 0x2F, 0x29, 0x83, 0x0F, 0x21, 0x00, 0x30, 0x29, 0x81, 0x50, 0x29, 0x01, 0x70,
    0x29, 0x71, 0x31, 0x81, 0x91, 0x31, 0x05, 0x70, 0x31, 0x70, 0x29, 0x50, 0x29, 0x4F, 0x29, 0x30,
    0x29, 0x10, 0x21, 0x81, 0x0F, 0x21, 0x05, 0x92, 0x31, 0xAD, 0x10, 0x09, 0x00, 0xF8, 0x5A, 0x16,
    0x42, 0x27, 0x08, 0x81, 0xB2, 0x31, 0x05, 0x71, 0x31, 0x70, 0x29, 0x50, 0x29, 0x31, 0x29, 0x10,
    0x21, 0xEE, 0x20, 0x81, 0xCE, 0x18, 0x0D, 0xEE, 0x20, 0x0E, 0x21, 0x2F, 0x29, 0x50, 0x29, 0x70,
    0x29, 0x71, 0x31, 0x91, 0x31, 0x92, 0x31, 0x71, 0x31, 0x70, 0x29, 0x50, 0x29, 0x31, 0x29, 0x10,
    0x21, 0xEF, 0x20, 0x81, 0xCD, 0x18, 0x05, 0xEF, 0x20, 0x0F, 0x21, 0x30, 0x29, 0x50, 0x29, 0x70,
    0x29, 0x71, 0x31, 0x81, 0x92, 0x31, 0x0D, 0x71, 0x31, 0x70, 0x29, 0x50, 0x29, 0x2F, 0x29, 0x0F,
    0x21, 0xEF, 0x20, 0xCD, 0x18, 0xCE, 0x18, 0xF0, 0x20, 0x10, 0x21, 0x30, 0x29, 0x50, 0x29, 0x71,
    0x29, 0x71, 0x31, 0x81, 0x91, 0x31, 0x05, 0x71, 0x31, 0x70, 0x29, 0x50, 0x29, 0x2F, 0x29, 0x0F,
    0x21, 0xEF, 0x20, 0x81, 0xCD, 0x18, 0x05, 0xF0, 0x20, 0x10, 0x21, 0x30, 0x29, 0x50, 0x29, 0x70,
    0x29, 0x71, 0x31, 0x81, 0x92, 0x31, 0x05, 0x71, 0x31, 0x70, 0x29, 0x50, 0x29, 0x2F, 0x29, 0x0F,
    0x21, 0xEE, 0x20, 0x81, 0xCD, 0x18, 0x05, 0xEE, 0x20, 0x0F, 0x21, 0x30, 0x29, 0x50, 0x29, 0x71,
    0x29, 0x72, 0x31, 0x81, 0x92, 0x31, 0x05, 0x71, 0x31, 0x70, 0x29, 0x50, 0x29, 0x2F, 0x29, 0x0F,
    0x21, 0xEF, 0x20, 0x81, 0xCD, 0x18, 0x05, 0xF0, 0x20, 0x10, 0x21, 0x30, 0x29, 0x50, 0x29, 0x70,
    0x29, 0x71, 0x31, 0x81, 0x92, 0x31, 0x05, 0x71, 0x31, 0x70, 0x29, 0x50, 0x29, 0x2F, 0x29, 0x0F,
    0x21, 0xEE, 0x20, 0x81, 0xCD, 0x18, 0x05, 0xEE, 0x20, 0x0F, 0x21, 0x30, 0x29, 0x50, 0x29, 0x71,
    0x29, 0x72, 0x31, 0x81, 0x92, 0x31, 0x05, 0x71, 0x31, 0x71, 0x29, 0x51, 0x29, 0x2F, 0x29, 0x0E,
    0x21, 0xEE, 0x20, 0x81, 0xCD, 0x18, 0x05, 0x50, 0x29, 0xAD, 0x18, 0x09, 0x00, 0xF9, 0x62, 0x17,
    0x42, 0x05, 0x00, 0x81, 0xB2, 0x39, 0x0D, 0x92, 0x31, 0x70, 0x29, 0x4F, 0x29, 0x2F, 0x21, 0xF0,
    0x20, 0xD0, 0x18, 0x8F, 0x10, 0x70, 0x10, 0xCF, 0x18, 0xEE, 0x20, 0x2F, 0x21, 0x50, 0x29, 0x70,
    0x29, 0x91, 0x31, 0x81, 0xB2, 0x31, 0x05, 0x91, 0x31, 0x71, 0x29, 0x50, 0x29, 0x2F, 0x21, 0xEF,
    0x20, 0xD1, 0x18, 0x81, 0x8E, 0x10, 0x05, 0xCE, 0x18, 0xEE, 0x20, 0x30, 0x21, 0x50, 0x29, 0x70,
    0x29, 0x91, 0x31, 0x81, 0xB2, 0x31, 0x0D, 0x91, 0x31, 0x71, 0x29, 0x50, 0x29, 0x2F, 0x21, 0xEE,
    0x20, 0xCF, 0x18, 0x8C, 0x10, 0x8B, 0x10, 0xCE, 0x18, 0xF0, 0x20, 0x31, 0x21, 0x51, 0x29, 0x72,
    0x29, 0x92, 0x31, 0x81, 0xB2, 0x31, 0x0D, 0x91, 0x31, 0x70, 0x29, 0x4F, 0x29, 0x2F, 0x21, 0xEE,
    0x20, 0xCD, 0x18, 0x8D, 0x10, 0x8C, 0x10, 0xCD, 0x18, 0xEF, 0x20, 0x31, 0x21, 0x51, 0x29, 0x71,
    0x29, 0x91, 0x31, 0x81, 0xB2, 0x31, 0x0D, 0x92, 0x31, 0x71, 0x29, 0x4F, 0x29, 0x2F, 0x21, 0xEE,
    0x20, 0xCD, 0x18, 0x8D, 0x10, 0x8C, 0x10, 0xCD, 0x18, 0xEE, 0x20, 0x30, 0x21, 0x50, 0x29, 0x70,
    0x29, 0x91, 0x31, 0x81, 0xB2, 0x31, 0x0D, 0x91, 0x31, 0x70, 0x29, 0x4F, 0x29, 0x2F, 0x21, 0xEE,
    0x20, 0xCD, 0x18, 0x8D, 0x10, 0x8C, 0x10, 0xCD, 0x18, 0xEF, 0x20, 0x31, 0x21, 0x51, 0x29, 0x71,
    0x29, 0x91, 0x31, 0x81, 0xB2, 0x31, 0x0D, 0x92, 0x31, 0x71, 0x29, 0x4F, 0x29, 0x2F, 0x21, 0xEE,
    0x20, 0xCD, 0x18, 0x8D, 0x10, 0x8C, 0x10, 0xCD, 0x18, 0xEE, 0x20, 0x30, 0x21, 0x50, 0x29, 0x70,
    0x29, 0x91, 0x31, 0x81, 0xB2, 0x31, 0x0D, 0x92, 0x31, 0x71, 0x29, 0x52, 0x29, 0x30, 0x21, 0xEE,
    0x20, 0xCE, 0x18, 0x8C, 0x10, 0x8B, 0x10, 0xEE, 0x20, 0xCC, 0x18, 0x08, 0x00, 0xD9, 0x5A, 0xF7,
    0x41, 0x05, 0x00, 0x81, 0xB2, 0x31, 0x05, 0x71, 0x31, 0x50, 0x29, 0x30, 0x29, 0x0E, 0x21, 0xEE,
    0x20, 0xAE, 0x18, 0x81, 0x8D, 0x10, 0x05, 0xAE, 0x18, 0xEF, 0x20, 0x0F, 0x21, 0x30, 0x29, 0x50,
    0x29, 0x71, 0x31, 0x81, 0x92, 0x31, 0x05, 0x71, 0x31, 0x50, 0x29, 0x30, 0x29, 0x0F, 0x21, 0xED,
    0x20, 0xAE, 0x18, 0x81, 0x8E, 0x10, 0x05, 0xAE, 0x18, 0xED, 0x20, 0x0F, 0x21, 0x31, 0x29, 0x51,
    0x29, 0x71, 0x31, 0x81, 0x92, 0x31, 0x0D, 0x71, 0x31, 0x50, 0x29, 0x30, 0x29, 0x0F, 0x21, 0xEE,
    0x20, 0xCD, 0x18, 0x8D, 0x10, 0x8C, 0x10, 0xCC, 0x18, 0xEE, 0x20, 0x0F, 0x21, 0x30, 0x29, 0x51,
    0x29, 0x71, 0x31, 0x81, 0x92, 0x31, 0x0D, 0x71, 0x31, 0x51, 0x29, 0x30, 0x29, 0x10, 0x21, 0xEF,
    0x20, 0xCD, 0x18, 0x8B, 0x10, 0x8D, 0x10, 0xCD, 0x18, 0xED, 0x20, 0x0F, 0x21, 0x30, 0x29, 0x51,
    0x29, 0x71, 0x31, 0x81, 0x92, 0x31, 0x0D, 0x71, 0x31, 0x51, 0x29, 0x30, 0x29, 0x0F, 0x21, 0xEE,
    0x20, 0xCD, 0x18, 0x8C, 0x10, 0x8D, 0x10, 0xCD, 0x18, 0xEE, 0x20, 0x0F, 0x21, 0x30, 0x29, 0x50,
    0x29, 0x71, 0x31, 0x81, 0x92, 0x31, 0x0D, 0x71, 0x31, 0x51, 0x29, 0x30, 0x29, 0x10, 0x21, 0xEF,
    0x20, 0xCD, 0x18, 0x8B, 0x10, 0x8D, 0x10, 0xCD, 0x18, 0xED, 0x20, 0x0F, 0x21, 0x30, 0x29, 0x51,
    0x29, 0x71, 0x31, 0x81, 0x92, 0x31, 0x0D, 0x71, 0x31, 0x51, 0x29, 0x30, 0x29, 0x0F, 0x21, 0xEE,
    0x20, 0xCD, 0x18, 0x8C, 0x10, 0x8D, 0x10, 0xCD, 0x18, 0xEE, 0x20, 0x0F, 0x21, 0x30, 0x29, 0x50,
    0x29, 0x71, 0x31, 0x81, 0x92, 0x31, 0x0D, 0x71, 0x31, 0x51, 0x29, 0x30, 0x29, 0x10, 0x21, 0xEF,
    0x20, 0xAE, 0x18, 0x8E, 0x10, 0x8D, 0x10, 0xF0, 0x18, 0xCE, 0x18, 0x08, 0x00, 0x98, 0x52, 0xD5,
    0x39, 0x27, 0x00, 0x81, 0x71, 0x31, 0x81, 0x50, 0x29, 0x03, 0x30, 0x29, 0x0E, 0x21, 0xEE, 0x20,
    0xCD, 0x18, 0x81, 0xAC, 0x18, 0x05, 0xCD, 0x18, 0xEF, 0x20, 0x0F, 0x21, 0x2F, 0x29, 0x50, 0x29,
    0x51, 0x29, 0x81, 0x71, 0x29, 0x81, 0x50, 0x29, 0x09, 0x2F, 0x29, 0x0F, 0x21, 0xEE, 0x20, 0xCD,
    0x18, 0xAC, 0x18, 0xAD, 0x18, 0xCE, 0x18, 0xEE, 0x20, 0x0E, 0x21, 0x2F, 0x29, 0x81, 0x50, 0x29,
    0x81, 0x71, 0x31, 0x05, 0x50, 0x29, 0x4F, 0x29, 0x2F, 0x29, 0x0F, 0x21, 0xEE, 0x20, 0xCD, 0x18,
    0x81, 0xAE, 0x18, 0x03, 0xCD, 0x18, 0xEE, 0x20, 0x0E, 0x21, 0x2F, 0x29, 0x81, 0x50, 0x29, 0x81,
    0x71, 0x29, 0x81, 0x50, 0x29, 0x03, 0x2F, 0x29, 0x0F, 0x21, 0xF0, 0x20, 0xCF, 0x18, 0x81, 0xAD,
    0x18, 0x05, 0xCE, 0x18, 0xEE, 0x20, 0x0E, 0x21, 0x2F, 0x29, 0x50, 0x29, 0x51, 0x29, 0x81, 0x71,
    0x31, 0x81, 0x50, 0x29, 0x09, 0x2F, 0x29, 0x0F, 0x21, 0xEE, 0x20, 0xCD, 0x18, 0xAC, 0x18, 0xAD,
    0x18, 0xCE, 0x18, 0xEE, 0x20, 0x0E, 0x21, 0x2F, 0x29, 0x81, 0x50, 0x29, 0x81, 0x71, 0x31, 0x81,
    0x50, 0x29, 0x03, 0x2F, 0x29, 0x0F, 0x21, 0xF0, 0x20, 0xCF, 0x18, 0x81, 0xAD, 0x18, 0x05, 0xCE,
    0x18, 0xEE, 0x20, 0x0E, 0x21, 0x2F, 0x29, 0x50, 0x29, 0x51, 0x29, 0x81, 0x71, 0x31, 0x81, 0x50,
    0x29, 0x09, 0x2F, 0x29, 0x0F, 0x21, 0xEE, 0x20, 0xCD, 0x18, 0xAC, 0x18, 0xAD, 0x18, 0xCE, 0x18,
    0xEE, 0x20, 0x0E, 0x21, 0x2F, 0x29, 0x81, 0x50, 0x29, 0x81, 0x71, 0x31, 0x81, 0x50, 0x29, 0x02,
    0x2F, 0x29, 0x0F, 0x21, 0xEF, 0x20, 0x81, 0xCE, 0x18, 0x06, 0xCD, 0x18, 0x31, 0x21, 0xAD, 0x10,
    0x0A, 0x00, 0x78, 0x52, 0xB4, 0x39, 0x49, 0x08, 0x81, 0x50, 0x29, 0x03, 0x2F, 0x29, 0x30, 0x21,
    0x0F, 0x21, 0x0E, 0x21, 0x81, 0xEF, 0x20, 0x03, 0xCE, 0x18, 0xED, 0x18, 0xED, 0x20, 0x0E, 0x21,
    0x81, 0x0F, 0x21, 0x81, 0x2F, 0x29, 0x00, 0x50, 0x29, 0x81, 0x30, 0x29, 0x07, 0x2F, 0x21, 0x0F,
    0x21, 0x10, 0x21, 0xEF, 0x20, 0xEE, 0x20, 0xED, 0x18, 0xCE, 0x18, 0xED, 0x20, 0x82, 0x0E, 0x21,
    0x02, 0x2F, 0x29, 0x30, 0x29, 0x50, 0x29, 0x81, 0x30, 0x29, 0x00, 0x2F, 0x21, 0x81, 0x0F, 0x21,
    0x01, 0xEF, 0x20, 0xEE, 0x20, 0x81, 0xCE, 0x18, 0x03, 0xEE, 0x20, 0xEF, 0x20, 0x10, 0x21, 0x0F,
    0x21, 0x81, 0x2F, 0x29, 0x81, 0x50, 0x29, 0x01, 0x2F, 0x29, 0x2F, 0x21, 0x82, 0x0E, 0x21, 0x08,
    0xEF, 0x20, 0xCF, 0x18, 0xED, 0x18, 0xEF, 0x20, 0xF0, 0x20, 0x0E, 0x21, 0x0F, 0x21, 0x2F, 0x21,
    0x2F, 0x29, 0x81, 0x50, 0x29, 0x81, 0x2F, 0x29, 0x81, 0x0F, 0x21, 0x03, 0x0E, 0x21, 0xEF, 0x20,
    0xCE, 0x18, 0xEE, 0x18, 0x81, 0xEF, 0x20, 0x81, 0x0F, 0x21, 0x05, 0x30, 0x21, 0x2F, 0x29, 0x50,
    0x29, 0x30, 0x29, 0x2F, 0x29, 0x2F, 0x21, 0x82, 0x0E, 0x21, 0x08, 0xEF, 0x20, 0xCF, 0x18, 0xED,
    0x18, 0xEF, 0x20, 0xF0, 0x20, 0x0E, 0x21, 0x0F, 0x21, 0x2F, 0x21, 0x2F, 0x29, 0x81, 0x50, 0x29,
    0x81, 0x2F, 0x29, 0x81, 0x0F, 0x21, 0x03, 0x0E, 0x21, 0xEF, 0x20, 0xCE, 0x18, 0xEE, 0x18, 0x81,
    0xEF, 0x20, 0x81, 0x0F, 0x21, 0x02, 0x30, 0x21, 0x2F, 0x29, 0x50, 0x29, 0x81, 0x30, 0x29, 0x01,
    0x2F, 0x21, 0x0F, 0x21, 0x81, 0x0E, 0x21, 0x81, 0xEE, 0x20, 0x06, 0xED, 0x20, 0x51, 0x29, 0x8B,
    0x10, 0x0A, 0x00, 0x37, 0x4A, 0x93, 0x31, 0x49, 0x08, 0x81, 0x30, 0x21, 0x84, 0x0F, 0x21, 0x81,
    0xF0, 0x20, 0x00, 0xEF, 0x20, 0x82, 0x0E, 0x21, 0x81, 0x0F, 0x21, 0x81, 0x0E, 0x21, 0x83, 0x0F,
    0x21, 0x81, 0x10, 0x21, 0x03, 0xEF, 0x20, 0xEE, 0x20, 0xF0, 0x20, 0x0E, 0x21, 0x81, 0x0F, 0x21,
    0x00, 0x0E, 0x21, 0x88, 0x0F, 0x21, 0x04, 0x0E, 0x21, 0xEE, 0x20, 0xEF, 0x20, 0x0E, 0x21, 0x0F,
    0x21, 0x82, 0x10, 0x21, 0x00, 0x0F, 0x21, 0x81, 0x0E, 0x21, 0x81, 0x0F, 0x21, 0x82, 0x0E, 0x21,
    0x81, 0xEF, 0x20, 0x02, 0xEE, 0x20, 0xEF, 0x20, 0x11, 0x21, 0x81, 0x0F, 0x21, 0x00, 0x10, 0x21,
    0x85, 0x0F, 0x21, 0x81, 0x0E, 0x21, 0x81, 0xEF, 0x20, 0x01, 0xEE, 0x20, 0x0E, 0x21, 0x85, 0x0F,
    0x21, 0x00, 0x10, 0x21, 0x81, 0x0F, 0x21, 0x82, 0x0E, 0x21, 0x81, 0xEF, 0x20, 0x02, 0xEE, 0x20,
    0xEF, 0x20, 0x11, 0x21, 0x81, 0x0F, 0x21, 0x00, 0x10, 0x21, 0x85, 0x0F, 0x21, 0x81, 0x0E, 0x21,
    0x81, 0xEF, 0x20, 0x01, 0xEE, 0x20, 0x0E, 0x21, 0x85, 0x0F, 0x21, 0x82, 0x10, 0x21, 0x00, 0x0F,
    0x21, 0x82, 0x0E, 0x21, 0x81, 0x0F, 0x21, 0x07, 0x72, 0x31, 0x69, 0x10, 0x08, 0x00, 0xF6, 0x41,
    0x52, 0x29, 0x6A, 0x08, 0xEE, 0x20, 0xEF, 0x20, 0x81, 0xEE, 0x20, 0x01, 0xEF, 0x20, 0x0E, 0x21,
    0x84, 0x0F, 0x21, 0x81, 0x0E, 0x21, 0x81, 0xEF, 0x20, 0x85, 0xEE, 0x20, 0x01, 0x0E, 0x21, 0x0F,
    0x21, 0x81, 0x0E, 0x21, 0x82, 0x0F, 0x21, 0x00, 0xF0, 0x20, 0x81, 0xEE, 0x20, 0x00, 0xEF, 0x20,
    0x82, 0xEE, 0x20, 0x81, 0xEF, 0x20, 0x01, 0x0E, 0x21, 0x0F, 0x21, 0x81, 0x0E, 0x21, 0x81, 0x0F,
    0x21, 0x01, 0x0E, 0x21, 0x0F, 0x21, 0x81, 0xEF, 0x20, 0x83, 0xEE, 0x20, 0x01, 0xEF, 0x20, 0xEE,
    0x20, 0x81, 0x0E, 0x21, 0x81, 0x0F, 0x21, 0x81, 0x0E, 0x21, 0x81, 0x0F, 0x21, 0x81, 0xEE, 0x20,
    0x02, 0xEF, 0x20, 0xEE, 0x20, 0xF0, 0x18, 0x81, 0xEE, 0x20, 0x00, 0xEF, 0x20, 0x84, 0x0F, 0x21,
    0x02, 0x0E, 0x21, 0x0F, 0x21, 0x0E, 0x21, 0x83, 0xEE, 0x20, 0x03, 0xEF, 0x20, 0xEE, 0x20, 0xEF,
    0x20, 0xEE, 0x20, 0x81, 0x0E, 0x21, 0x81, 0x0F, 0x21, 0x81, 0x0E, 0x21, 0x81, 0x0F, 0x21, 0x81,
    0xEE, 0x20, 0x02, 0xEF, 0x20, 0xEE, 0x20, 0xF0, 0x18, 0x81, 0xEE, 0x20, 0x00, 0xEF, 0x20, 0x84,
    0x0F, 0x21, 0x02, 0x0E, 0x21, 0x0F, 0x21, 0x0E, 0x21, 0x83, 0xEE, 0x20, 0x83, 0xEF, 0x20, 0x82,
    0x0E, 0x21, 0x81, 0x30, 0x21, 0x09, 0x93, 0x31, 0x49, 0x08, 0x08, 0x00, 0xD6, 0x39, 0x31, 0x29,
    0x6B, 0x10, 0xCD, 0x18, 0xCF, 0x18, 0xCE, 0x18, 0xED, 0x18, 0x81, 0xEE, 0x20, 0x00, 0x0E, 0x21,
    0x82, 0x0F, 0x21, 0x01, 0x10, 0x21, 0x0F, 0x21, 0x81, 0xEE, 0x20, 0x00, 0xCE, 0x18, 0x81, 0xCD,
    0x18, 0x02, 0xAD, 0x18, 0xCE, 0x18, 0xEE, 0x18, 0x81, 0xEE, 0x20, 0x83, 0x0F, 0x21, 0x81, 0x0E,
    0x21, 0x03, 0xEF, 0x20, 0xEE, 0x20, 0xEE, 0x18, 0xCE, 0x18, 0x81, 0xAE, 0x18, 0x01, 0xCE, 0x18,
    0xCF, 0x18, 0x81, 0xEE, 0x20, 0x84, 0x0F, 0x21, 0x00, 0x0E, 0x21, 0x81, 0xEE, 0x20, 0x81, 0xCE,
    0x18, 0x00, 0xAE, 0x18, 0x81, 0xCD, 0x18, 0x00, 0xCE, 0x18, 0x81, 0xEE, 0x20, 0x00, 0x0E, 0x21,
    0x82, 0x0F, 0x21, 0x04, 0x0E, 0x21, 0x0F, 0x21, 0xEF, 0x20, 0xEE, 0x20, 0xED, 0x18, 0x81, 0xCD,
    0x18, 0x00, 0xAE, 0x18, 0x81, 0xCE, 0x18, 0x01, 0xEE, 0x20, 0xEF, 0x20, 0x85, 0x0F, 0x21, 0x04,
    0xEF, 0x20, 0xEE, 0x20, 0xED, 0x18, 0xCD, 0x18, 0xCC, 0x18, 0x81, 0xCD, 0x18, 0x00, 0xCE, 0x18,
    0x81, 0xEE, 0x20, 0x00, 0x0E, 0x21, 0x82, 0x0F, 0x21, 0x04, 0x0E, 0x21, 0x0F, 0x21, 0xEF, 0x20,
    0xEE, 0x20, 0xED, 0x18, 0x81, 0xCD, 0x18, 0x00, 0xAE, 0x18, 0x81, 0xCE, 0x18, 0x01, 0xEE, 0x20,
    0xEF, 0x20, 0x85, 0x0F, 0x21, 0x05, 0xEF, 0x20, 0xEE, 0x20, 0xED, 0x18, 0xCD, 0x18, 0xCC, 0x18,
    0xCD, 0x18, 0x81, 0xCE, 0x18, 0x81, 0xEF, 0x20, 0x81, 0x0F, 0x21, 0x81, 0x2F, 0x29, 0x0B, 0xB4,
    0x31, 0x48, 0x08, 0x08, 0x00, 0x94, 0x31, 0x10, 0x21, 0x6C, 0x10, 0x8C, 0x10, 0x8F, 0x10, 0xAF,
    0x18, 0xCE, 0x18, 0xCF, 0x18, 0xEF, 0x20, 0x81, 0x0F, 0x21, 0x04, 0x2F, 0x21, 0x2F, 0x29, 0x0F,
    0x21, 0x10, 0x21, 0xEF, 0x20, 0x81, 0xCD, 0x18, 0x00, 0xAC, 0x18, 0x81, 0x8B, 0x10, 0x00, 0xAC,
    0x18, 0x81, 0xCD, 0x18, 0x02, 0xEE, 0x20, 0x0F, 0x21, 0x10, 0x21, 0x81, 0x30, 0x21, 0x02, 0x0F,
    0x21, 0x0E, 0x21, 0xEE, 0x20, 0x81, 0xCE, 0x18, 0x00, 0xAD, 0x18, 0x81, 0x8D, 0x10, 0x00, 0xAD,
    0x18, 0x81, 0xCE, 0x18, 0x02, 0xEE, 0x20, 0x0F, 0x21, 0x10, 0x21, 0x81, 0x30, 0x21, 0x02, 0x10,
    0x21, 0x0F, 0x21, 0xEE, 0x20, 0x81, 0xCE, 0x18, 0x00, 0xAE, 0x18, 0x81, 0x8F, 0x10, 0x05, 0xAC,
    0x18, 0xCD, 0x18, 0xCE, 0x18, 0xEE, 0x20, 0x0E, 0x21, 0x0F, 0x21, 0x81, 0x2F, 0x29, 0x08, 0x0F,
    0x21, 0x0E, 0x21, 0xEF, 0x20, 0xD0, 0x18, 0xCF, 0x18, 0xAD, 0x18, 0x8B, 0x10, 0x8C, 0x10, 0xAE,
    0x18, 0x81, 0xCE, 0x18, 0x00, 0xEE, 0x20, 0x81, 0x0F, 0x21, 0x81, 0x30, 0x21, 0x0D, 0x0F, 0x21,
    0x0E, 0x21, 0xF0, 0x20, 0xCF, 0x18, 0xCE, 0x18, 0xAE, 0x18, 0x8D, 0x10, 0x8C, 0x10, 0xAC, 0x18,
    0xCD, 0x18, 0xCE, 0x18, 0xEE, 0x20, 0x0E, 0x21, 0x0F, 0x21, 0x81, 0x2F, 0x29, 0x08, 0x0F, 0x21,
    0x0E, 0x21, 0xEF, 0x20, 0xD0, 0x18, 0xCF, 0x18, 0xAD, 0x18, 0x8B, 0x10, 0x8C, 0x10, 0xAE, 0x18,
    0x81, 0xCE, 0x18, 0x00, 0xEE, 0x20, 0x81, 0x0F, 0x21, 0x81, 0x30, 0x21, 0x0D, 0x0F, 0x21, 0x0E,
    0x21, 0xF0, 0x20, 0xCF, 0x18, 0xCE, 0x18, 0xAE, 0x18, 0x8D, 0x10, 0x8C, 0x10, 0xAD, 0x18, 0xCE,
    0x18, 0xCF, 0x18, 0xF0, 0x20, 0x10, 0x21, 0x0F, 0x21, 0x81, 0x30, 0x29, 0x07, 0xB5, 0x39, 0x27,
    0x00, 0x06, 0x00, 0x54, 0x29, 0xD0, 0x18, 0x8C, 0x10, 0x6B, 0x10, 0x6C, 0x08, 0x81, 0x7A, 0xAD,
    0x13, 0xD8, 0x94, 0x36, 0x84, 0xB5, 0x73, 0x10, 0x21, 0x50, 0x29, 0x3A, 0xA5, 0x51, 0x4A, 0x0F,
    0x21, 0xF0, 0x18, 0xCE, 0x18, 0xAD, 0x18, 0x8E, 0x10, 0x4C, 0x08, 0x4B, 0x08, 0x8B, 0x10, 0xAD,
    0x18, 0xCD, 0x18, 0xEE, 0x20, 0x0E, 0x21, 0x0F, 0x21, 0x81, 0x30, 0x29, 0x05, 0x0F, 0x21, 0x0E,
    0x21, 0xEE, 0x20, 0xCD, 0x18, 0xAD, 0x18, 0x8C, 0x10, 0x81, 0x4C, 0x08, 0x05, 0xF9, 0x9C, 0x91,
    0x52, 0xCE, 0x18, 0xEE, 0x20, 0x0E, 0x21, 0x0F, 0x21, 0x81, 0x30, 0x29, 0x1B, 0x10, 0x21, 0x0F,
    0x21, 0xEF, 0x18, 0xCF, 0x18, 0xAD, 0x18, 0x8D, 0x10, 0x4E, 0x08, 0x4F, 0x08, 0x8E, 0x10, 0xAD,
    0x18, 0xCF, 0x18, 0x4F, 0x29, 0x39, 0xA5, 0x0F, 0x21, 0x2F, 0x29, 0x30, 0x29, 0x0F, 0x21, 0x0E,
    0x21, 0xEE, 0x20, 0xCE, 0x18, 0xB8, 0x94, 0x30, 0x42, 0x4B, 0x08, 0x6F, 0x4A, 0x97, 0x8C, 0xAD,
    0x18, 0xCD, 0x18, 0xEE, 0x20, 0x81, 0x0F, 0x21, 0x81, 0x30, 0x29, 0x15, 0xD5, 0x7B, 0x57, 0x8C,
    0xD1, 0x5A, 0x39, 0xA5, 0x2F, 0x21, 0x5A, 0xAD, 0xF2, 0x5A, 0x77, 0x8C, 0x19, 0x9D, 0x32, 0x63,
    0xD8, 0x9C, 0xEE, 0x20, 0x0E, 0x21, 0x0F, 0x21, 0x2F, 0x29, 0x30, 0x29, 0x0F, 0x21, 0x0E, 0x21,
    0xEE, 0x20, 0xCE, 0x18, 0xAF, 0x18, 0x8D, 0x10, 0x81, 0x4B, 0x08, 0x05, 0x8C, 0x10, 0x8E, 0x31,
    0x7A, 0xAD, 0x3A, 0xA5, 0x16, 0x84, 0x2F, 0x29, 0x81, 0x30, 0x29, 0x05, 0x0F, 0x21, 0x0E, 0x21,
    0xEE, 0x20, 0xCE, 0x18, 0xAE, 0x18, 0x8F, 0x10, 0x81, 0x4E, 0x08, 0x05, 0x8E, 0x10, 0xAD, 0x18,
    0xCE, 0x18, 0xEF, 0x20, 0x10, 0x21, 0x0F, 0x21, 0x81, 0x30, 0x29, 0x00, 0xB6, 0x39, 0x81, 0x07,
    0x00, 0x5D, 0x53, 0x29, 0xCF, 0x18, 0x6D, 0x10, 0x6C, 0x08, 0x6B, 0x10, 0xD4, 0x7B, 0x36, 0x84,
    0x2F, 0x21, 0x36, 0x84, 0xB8, 0x94, 0x19, 0x9D, 0x6F, 0x29, 0x3A, 0xA5, 0x51, 0x4A, 0xD8, 0x94,
    0x19, 0x9D, 0x10, 0x42, 0xAD, 0x18, 0xB0, 0x31, 0x19, 0xA5, 0xF9, 0x9C, 0x12, 0x63, 0x36, 0x84,
    0x3A, 0xA5, 0x15, 0x7C, 0xAF, 0x31, 0x39, 0xA5, 0xD8, 0x94, 0x36, 0x84, 0xD8, 0x94, 0xB5, 0x73,
    0xCE, 0x18, 0xF5, 0x7B, 0x19, 0xA5, 0xF1, 0x5A, 0x4D, 0x08, 0x4C, 0x08, 0xF9, 0x9C, 0x91, 0x52,
    0xB8, 0x94, 0x19, 0x9D, 0x50, 0x4A, 0x0F, 0x21, 0x50, 0x29, 0xB8, 0x94, 0x19, 0x9D, 0xD2, 0x5A,
    0xF9, 0x9C, 0xB8, 0x94, 0xCE, 0x39, 0xF8, 0x9C, 0xD8, 0x9C, 0xCD, 0x18, 0x77, 0x8C, 0x3A, 0xA5,
    0xD5, 0x73, 0x54, 0x6B, 0x7A, 0xAD, 0xF9, 0x9C, 0x50, 0x29, 0xD8, 0x94, 0xF9, 0x9C, 0x10, 0x42,
    0xB1, 0x52, 0x19, 0x9D, 0x3A, 0xA5, 0x11, 0x42, 0x4C, 0x08, 0x70, 0x4A, 0xF8, 0x9C, 0x19, 0x9D,
    0xF1, 0x5A, 0xD8, 0x9C, 0x30, 0x42, 0x77, 0x8C, 0x71, 0x4A, 0x0F, 0x21, 0xD0, 0x39, 0x19, 0x9D,
    0xF4, 0x7B, 0x7A, 0xAD, 0xF2, 0x5A, 0x39, 0xA5, 0xB0, 0x52, 0x56, 0x8C, 0x19, 0x9D, 0x32, 0x63,
    0xD8, 0x9C, 0x32, 0x42, 0xF9, 0x9C, 0xB8, 0x94, 0x50, 0x29, 0x39, 0xA5, 0xB8, 0x94, 0x81, 0x77,
    0x8C, 0x1A, 0x36, 0x84, 0xCE, 0x18, 0x36, 0x84, 0x39, 0xA5, 0xD1, 0x5A, 0x8C, 0x10, 0x8D, 0x31,
    0x39, 0xA5, 0x6F, 0x29, 0x98, 0x94, 0xB5, 0x73, 0xF9, 0x9C, 0x39, 0xA5, 0x54, 0x6B, 0xD4, 0x7B,
    0xF6, 0x7B, 0xF1, 0x5A, 0x19, 0xA5, 0xF9, 0x9C, 0x2C, 0x21, 0x3A, 0xA5, 0x0E, 0x21, 0xAC, 0x18,
    0xCD, 0x18, 0xCE, 0x18, 0xEE, 0x20, 0x0F, 0x21, 0x81, 0x30, 0x29, 0x3E, 0x96, 0x31, 0x09, 0x00,
    0x0A, 0x00, 0x53, 0x31, 0xEF, 0x18, 0x6C, 0x08, 0x8E, 0x10, 0x8C, 0x10, 0xB4, 0x73, 0x35, 0x84,
    0xAE, 0x18, 0x36, 0x84, 0xF5, 0x7B, 0x77, 0x8C, 0x53, 0x63, 0x5A, 0xA5, 0xB4, 0x73, 0x39, 0xA5,
    0x15, 0x7C, 0x4D, 0x29, 0xAC, 0x18, 0x35, 0x84, 0xB4, 0x73, 0x56, 0x8C, 0x33, 0x63, 0x13, 0x63,
    0x97, 0x94, 0x5A, 0xA5, 0xAF, 0x31, 0x5A, 0xA5, 0x31, 0x42, 0x5A, 0xAD, 0x51, 0x4A, 0x19, 0x9D,
    0xD2, 0x5A, 0x5A, 0xA5, 0x19, 0xA5, 0x19, 0x9D, 0x8C, 0x10, 0x8B, 0x10, 0x19, 0x9D, 0xD4, 0x73,
    0x3A, 0xA5, 0x16, 0x84, 0x8F, 0x31, 0xEE, 0x20, 0xD5, 0x7B, 0xF5, 0x7B, 0x10, 0x42, 0x71, 0x4A,
    0xF9, 0x9C, 0x30, 0x4A, 0x56, 0x8C, 0x19, 0xA5, 0x5A, 0xA5, 0xD0, 0x5A, 0x52, 0x6B, 0x97, 0x94,
    0x3A, 0xA5, 0x6F, 0x31, 0x3A, 0xA5, 0x8F, 0x31, 0xD5, 0x7B, 0x81, 0x3A, 0xA5, 0x0D, 0xD5, 0x7B,
    0xD8, 0x94, 0x32, 0x63, 0xD8, 0x94, 0x31, 0x42, 0x6D, 0x10, 0x70, 0x4A, 0xB7, 0x94, 0x32, 0x63,
    0x97, 0x94, 0xD5, 0x7B, 0x76, 0x8C, 0x39, 0xA5, 0xEE, 0x20, 0x81, 0xEF, 0x20, 0x28, 0x19, 0xA5,
    0xD8, 0x9C, 0x56, 0x84, 0x97, 0x94, 0xB8, 0x94, 0xD1, 0x5A, 0x76, 0x8C, 0x19, 0x9D, 0x32, 0x63,
    0xD8, 0x9C, 0x97, 0x94, 0x19, 0xA5, 0x5A, 0xAD, 0x92, 0x52, 0x5A, 0xA5, 0xB2, 0x52, 0x39, 0xA5,
    0x91, 0x52, 0x3A, 0xA5, 0x0F, 0x42, 0x5A, 0xAD, 0x56, 0x84, 0xCF, 0x39, 0x8C, 0x10, 0x8D, 0x31,
    0x39, 0xA5, 0xCD, 0x18, 0xD5, 0x7B, 0x56, 0x8C, 0xB5, 0x73, 0xB8, 0x94, 0x39, 0xA5, 0xB0, 0x39,
    0xF9, 0x9C, 0x15, 0x84, 0x94, 0x73, 0x3A, 0xA5, 0xF2, 0x5A, 0xF5, 0x7B, 0x8D, 0x10, 0xAD, 0x18,
    0x81, 0xCD, 0x18, 0x01, 0xED, 0x18, 0xEE, 0x20, 0x81, 0x0F, 0x21, 0x05, 0x74, 0x31, 0x28, 0x00,
    0x09, 0x00, 0x74, 0x31, 0xF0, 0x20, 0x4A, 0x08, 0x81, 0xAE, 0x10, 0x20, 0xB4, 0x73, 0x35, 0x84,
    0xAD, 0x18, 0x36, 0x84, 0xB4, 0x73, 0x16, 0x84, 0x53, 0x6B, 0x5A, 0xA5, 0x94, 0x6B, 0xB4, 0x73,
    0x19, 0x9D, 0x12, 0x5B, 0xAC, 0x18, 0xF4, 0x7B, 0x77, 0x8C, 0xD8, 0x9C, 0x33, 0x63, 0x19, 0x9D,
    0xB4, 0x73, 0x3A, 0xA5, 0x8F, 0x31, 0x3A, 0xA5, 0x6E, 0x29, 0x5A, 0xAD, 0x6F, 0x29, 0x19, 0xA5,
    0x70, 0x4A, 0x19, 0xA5, 0x52, 0x6B, 0xF5, 0x7B, 0x8F, 0x10, 0x8D, 0x10, 0x19, 0x9D, 0x81, 0xB4,
    0x73, 0x22, 0xF9, 0x9C, 0x53, 0x6B, 0xCE, 0x18, 0x53, 0x6B, 0xB7, 0x94, 0x53, 0x6B, 0xD2, 0x5A,
    0xD8, 0x9C, 0xAD, 0x18, 0xF5, 0x7B, 0x77, 0x8C, 0x73, 0x6B, 0x2F, 0x42, 0x3A, 0xA5, 0x93, 0x73,
    0x3A, 0xA5, 0x0D, 0x21, 0x5A, 0xA5, 0x91, 0x52, 0x53, 0x6B, 0xB8, 0x94, 0x53, 0x6B, 0xF2, 0x5A,
    0xB8, 0x94, 0xB4, 0x73, 0xF9, 0x9C, 0x30, 0x42, 0x8C, 0x10, 0x70, 0x4A, 0xD8, 0x94, 0x16, 0x84,
    0x56, 0x8C, 0x51, 0x4A, 0x7A, 0xAD, 0x57, 0x8C, 0x82, 0xCE, 0x18, 0x09, 0xB8, 0x94, 0x39, 0xA5,
    0xD2, 0x5A, 0x7A, 0xAD, 0x73, 0x6B, 0xD1, 0x5A, 0x77, 0x8C, 0x19, 0x9D, 0x32, 0x63, 0xD8, 0x9C,
    0x81, 0x56, 0x8C, 0x1E, 0x94, 0x73, 0x10, 0x42, 0x5A, 0xA5, 0x10, 0x42, 0x19, 0xA5, 0xCF, 0x39,
    0x39, 0xA5, 0xEE, 0x39, 0xD5, 0x7B, 0x97, 0x8C, 0x15, 0x7C, 0xAD, 0x10, 0x8E, 0x31, 0x3A, 0xA5,
    0x74, 0x6B, 0x19, 0xA5, 0x12, 0x63, 0x5A, 0xAD, 0x53, 0x6B, 0x3A, 0xA5, 0xCE, 0x18, 0xB8, 0x94,
    0x19, 0xA5, 0x2D, 0x21, 0xD4, 0x7B, 0x5A, 0xA5, 0x8F, 0x31, 0xAC, 0x10, 0xAD, 0x18, 0xAE, 0x18,
    0xCE, 0x18, 0x81, 0xCD, 0x18, 0x81, 0xEE, 0x20, 0x25, 0x32, 0x29, 0x28, 0x08, 0x08, 0x00, 0x75,
    0x31, 0xF0, 0x20, 0x49, 0x08, 0xAD, 0x18, 0xAE, 0x18, 0x92, 0x52, 0xF2, 0x5A, 0xAD, 0x18, 0xD1,
    0x5A, 0x91, 0x52, 0xD2, 0x5A, 0x50, 0x4A, 0xB4, 0x73, 0x71, 0x4A, 0xB4, 0x73, 0x53, 0x6B, 0xCE,
    0x18, 0xAD, 0x18, 0xEF, 0x41, 0x76, 0x8C, 0x19, 0xA5, 0xD1, 0x5A, 0xF2, 0x5A, 0x73, 0x6B, 0x94,
    0x73, 0x2E, 0x21, 0xB4, 0x73, 0x0D, 0x21, 0xB5, 0x73, 0x0E, 0x21, 0x94, 0x6B, 0xAD, 0x18, 0xD1,
    0x5A, 0xB4, 0x73, 0xF1, 0x5A, 0x81, 0xAD, 0x18, 0x1F, 0x73, 0x6B, 0x91, 0x52, 0x94, 0x73, 0x53,
    0x6B, 0xEE, 0x18, 0xAE, 0x18, 0xEE, 0x18, 0x74, 0x6B, 0x94, 0x73, 0xEF, 0x41, 0x53, 0x6B, 0xAD,
    0x18, 0x4E, 0x29, 0x73, 0x6B, 0xB4, 0x73, 0x6E, 0x29, 0x33, 0x63, 0x53, 0x6B, 0x94, 0x73, 0xAD,
    0x18, 0x12, 0x63, 0x74, 0x6B, 0xEE, 0x18, 0x53, 0x6B, 0xB4, 0x73, 0x30, 0x42, 0x51, 0x4A, 0x93,
    0x73, 0x93, 0x6B, 0x8F, 0x31, 0xAE, 0x18, 0xAE, 0x31, 0x81, 0x93, 0x73, 0x03, 0xCE, 0x39, 0xEE,
    0x20, 0x3A, 0xA5, 0xEF, 0x39, 0x82, 0xAD, 0x18, 0x28, 0xF2, 0x5A, 0x33, 0x63, 0x4F, 0x29, 0xB5,
    0x73, 0x4E, 0x29, 0xEF, 0x39, 0x13, 0x5B, 0x74, 0x6B, 0x30, 0x42, 0x53, 0x6B, 0x8E, 0x31, 0x73,
    0x6B, 0xB4, 0x73, 0x4E, 0x29, 0xB5, 0x73, 0x6F, 0x31, 0x94, 0x73, 0x4E, 0x29, 0x93, 0x73, 0x6E,
    0x29, 0x94, 0x6B, 0x94, 0x73, 0x2D, 0x29, 0xAD, 0x18, 0x2D, 0x21, 0xD4, 0x73, 0xB4, 0x73, 0xD2,
    0x5A, 0xED, 0x18, 0x74, 0x6B, 0x33, 0x63, 0x94, 0x73, 0xAD, 0x18, 0xD2, 0x5A, 0x53, 0x63, 0xAE,
    0x18, 0x91, 0x52, 0x19, 0xA5, 0xCE, 0x18, 0xAD, 0x18, 0xAC, 0x18, 0x83, 0xAE, 0x18, 0x07, 0xCE,
    0x18, 0xCD, 0x18, 0x11, 0x21, 0x28, 0x08, 0x07, 0x00, 0x76, 0x31, 0xF1, 0x20, 0x29, 0x08, 0x81,
    0xCD, 0x18, 0x81, 0xAD, 0x18, 0x05, 0xAE, 0x18, 0xAC, 0x18, 0x8C, 0x10, 0x8E, 0x10, 0x8D, 0x10,
    0x8C, 0x10, 0x81, 0x8D, 0x10, 0x00, 0xAD, 0x10, 0x81, 0xAD, 0x18, 0x06, 0xCF, 0x39, 0x35, 0x84,
    0xD4, 0x73, 0x0D, 0x21, 0xAE, 0x18, 0xAD, 0x18, 0xAD, 0x10, 0x81, 0x8D, 0x10, 0x04, 0x8C, 0x10,
    0x8D, 0x10, 0x8F, 0x10, 0x8E, 0x10, 0xAD, 0x10, 0x87, 0xAD, 0x18, 0x00, 0xAC, 0x18, 0x81, 0x8C,
    0x10, 0x01, 0x8D, 0x10, 0x8E, 0x10, 0x81, 0x8C, 0x10, 0x00, 0x8D, 0x10, 0x82, 0xAD, 0x18, 0x00,
    0xAE, 0x18, 0x83, 0xAD, 0x18, 0x00, 0xAD, 0x10, 0x81, 0x8C, 0x10, 0x84, 0x8D, 0x10, 0x81, 0xAD,
    0x18, 0x08, 0xAE, 0x18, 0xAF, 0x18, 0xAE, 0x18, 0xAD, 0x18, 0xAE, 0x18, 0xAD, 0x18, 0xEE, 0x39,
    0xF5, 0x7B, 0x8C, 0x10, 0x81, 0x8D, 0x10, 0x81, 0x8C, 0x10, 0x02, 0xAC, 0x10, 0xAD, 0x18, 0xAE,
    0x18, 0x85, 0xAD, 0x18, 0x00, 0xAD, 0x10, 0x81, 0x8C, 0x10, 0x84, 0x8D, 0x10, 0x81, 0xAD, 0x18,
    0x06, 0xAE, 0x18, 0xAF, 0x18, 0xAE, 0x18, 0xAD, 0x18, 0xAE, 0x18, 0xAD, 0x18, 0xAC, 0x18, 0x81,
    0x8C, 0x10, 0x81, 0x8D, 0x10, 0x81, 0x8C, 0x10, 0x08, 0xAC, 0x10, 0xAD, 0x18, 0xAE, 0x18, 0x12,
    0x63, 0xF1, 0x5A, 0xAD, 0x18, 0xAE, 0x18, 0xAD, 0x18, 0xAC, 0x18, 0x82, 0x8D, 0x10, 0x81, 0xAD,
    0x10, 0x05, 0xF0, 0x20, 0x49, 0x08, 0x07, 0x00, 0x77, 0x31, 0xF1, 0x20, 0x28, 0x00, 0x81, 0xCE,
    0x18, 0x01, 0xAD, 0x18, 0xAC, 0x18, 0x82, 0x8D, 0x10, 0x06, 0x8C, 0x10, 0x6C, 0x10, 0x6B, 0x10,
    0x8D, 0x10, 0x8E, 0x10, 0x8D, 0x10, 0xAD, 0x10, 0x82, 0xAD, 0x18, 0x00, 0xAE, 0x18, 0x81, 0xAD,
    0x18, 0x81, 0x8D, 0x10, 0x0A, 0x8C, 0x10, 0x8D, 0x10, 0x6C, 0x10, 0x6D, 0x10, 0x8D, 0x10, 0x8E,
    0x10, 0x8D, 0x10, 0x8E, 0x10, 0xAE, 0x18, 0xAD, 0x18, 0xAE, 0x18, 0x82, 0xAD, 0x18, 0x82, 0x8D,
    0x10, 0x02, 0x8C, 0x10, 0x6B, 0x10, 0x6C, 0x10, 0x83, 0x8D, 0x10, 0x81, 0xAD, 0x18, 0x81, 0xAE,
    0x18, 0x81, 0xAD, 0x18, 0x03, 0xAC, 0x18, 0x8C, 0x10, 0x8D, 0x10, 0x8C, 0x10, 0x81, 0x6C, 0x10,
    0x81, 0x8C, 0x10, 0x01, 0x8D, 0x10, 0xAD, 0x10, 0x82, 0xAD, 0x18, 0x03, 0xAE, 0x18, 0xAD, 0x18,
    0xAE, 0x18, 0x8E, 0x10, 0x81, 0x8D, 0x10, 0x02, 0x8C, 0x10, 0x6C, 0x10, 0x6D, 0x10, 0x81, 0x8D,
    0x10, 0x01, 0x8C, 0x10, 0xAC, 0x18, 0x81, 0xAD, 0x18, 0x81, 0xAE, 0x18, 0x81, 0xAD, 0x18, 0x03,
    0xAC, 0x18, 0x8C, 0x10, 0x8D, 0x10, 0x8C, 0x10, 0x81, 0x6C, 0x10, 0x81, 0x8C, 0x10, 0x01, 0x8D,
    0x10, 0xAD, 0x10, 0x82, 0xAD, 0x18, 0x03, 0xAE, 0x18, 0xAD, 0x18, 0xAE, 0x18, 0x8E, 0x10, 0x81,
    0x8D, 0x10, 0x02, 0x8C, 0x10, 0x6C, 0x10, 0x6D, 0x10, 0x81, 0x8D, 0x10, 0x01, 0x8C, 0x10, 0xAC,
    0x18, 0x81, 0xAD, 0x18, 0x81, 0xAE, 0x18, 0x81, 0xAD, 0x18, 0x02, 0xAC, 0x18, 0x8D, 0x10, 0x8E,
    0x10, 0x82, 0x8C, 0x10, 0x05, 0xAE, 0x18, 0x4B, 0x08, 0x08, 0x00, 0x77, 0x31, 0xF1, 0x20, 0x06,
    0x00, 0x81, 0xCE, 0x18, 0x81, 0xAD, 0x18, 0x01, 0x8D, 0x10, 0x8E, 0x10, 0x81, 0x6E, 0x10, 0x03,
    0x4D, 0x08, 0x4B, 0x08, 0x6B, 0x10, 0x6D, 0x10, 0x81, 0x8D, 0x10, 0x85, 0xAD, 0x18, 0x81, 0x8C,
    0x10, 0x01, 0x6C, 0x10, 0x6B, 0x10, 0x81, 0x4D, 0x08, 0x81, 0x6C, 0x10, 0x01, 0x8C, 0x10, 0x8D,
    0x10, 0x85, 0xAD, 0x18, 0x81, 0x8C, 0x10, 0x03, 0x6E, 0x10, 0x6D, 0x10, 0x4B, 0x08, 0x4C, 0x08,
    0x81, 0x6E, 0x10, 0x01, 0x8E, 0x10, 0x8D, 0x10, 0x85, 0xAD, 0x18, 0x01, 0x8D, 0x10, 0x8C, 0x10,
    0x81, 0x6C, 0x10, 0x05, 0x4C, 0x08, 0x4B, 0x08, 0x6B, 0x10, 0x6C, 0x10, 0x8C, 0x10, 0x8D, 0x10,
    0x85, 0xAD, 0x18, 0x01, 0x8D, 0x10, 0x8C, 0x10, 0x81, 0x6C, 0x10, 0x81, 0x4B, 0x08, 0x01, 0x6C,
    0x10, 0x6E, 0x10, 0x81, 0x8D, 0x10, 0x85, 0xAD, 0x18, 0x01, 0x8D, 0x10, 0x8C, 0x10, 0x81, 0x6C,
    0x10, 0x05, 0x4C, 0x08, 0x4B, 0x08, 0x6B, 0x10, 0x6C, 0x10, 0x8C, 0x10, 0x8D, 0x10, 0x85, 0xAD,
    0x18, 0x01, 0x8D, 0x10, 0x8C, 0x10, 0x81, 0x6C, 0x10, 0x81, 0x4B, 0x08, 0x01, 0x6C, 0x10, 0x6E,
    0x10, 0x81, 0x8D, 0x10, 0x83, 0xAD, 0x18, 0x01, 0xAE, 0x18, 0xAD, 0x18, 0x81, 0x8C, 0x10, 0x81,
    0x6D, 0x10, 0x81, 0x4D, 0x08, 0x0D, 0x8D, 0x10, 0x4B, 0x08, 0x08, 0x00, 0x58, 0x29, 0xF1, 0x20,
    0x05, 0x00, 0xCD, 0x18, 0xCE, 0x18, 0x0D, 0x21, 0x8E, 0x31, 0xAD, 0x18, 0xAD, 0x10, 0x6D, 0x29,
    0x4C, 0x08, 0x81, 0x2D, 0x08, 0x00, 0x4C, 0x08, 0x81, 0x6C, 0x10, 0x00, 0x8C, 0x10, 0x81, 0xAD,
    0x18, 0x04, 0xAE, 0x31, 0xCD, 0x18, 0xAD, 0x18, 0x8D, 0x18, 0x8D, 0x10, 0x81, 0x6D, 0x10, 0x07,
    0x4B, 0x08, 0x2B, 0x08, 0x2D, 0x08, 0x4B, 0x08, 0x6B, 0x10, 0x8C, 0x10, 0x8D, 0x10, 0xAD, 0x10,
    0x83, 0xAD, 0x18, 0x00, 0x8D, 0x10, 0x81, 0x8C, 0x10, 0x09, 0x6C, 0x10, 0x4C, 0x08, 0x2D, 0x08,
    0x2C, 0x08, 0x4C, 0x08, 0x6C, 0x10, 0x6D, 0x10, 0x8D, 0x10, 0xED, 0x18, 0x8E, 0x31, 0x82, 0xAD,
    0x18, 0x01, 0xAC, 0x18, 0x8C, 0x10, 0x81, 0x6C, 0x10, 0x00, 0x4B, 0x08, 0x81, 0x2C, 0x08, 0x05,
    0xAD, 0x18, 0x4E, 0x29, 0x6C, 0x10, 0x8C, 0x10, 0x6E, 0x29, 0xCD, 0x18, 0x82, 0xAD, 0x18, 0x00,
    0x8D, 0x10, 0x81, 0x8C, 0x10, 0x07, 0xCC, 0x18, 0x6D, 0x29, 0x4E, 0x29, 0x4B, 0x08, 0x6D, 0x29,
    0x8D, 0x31, 0x8E, 0x31, 0x0E, 0x21, 0x81, 0x8E, 0x31, 0x04, 0xAE, 0x31, 0xCD, 0x18, 0xAD, 0x18,
    0x8E, 0x31, 0xED, 0x20, 0x81, 0x6C, 0x10, 0x00, 0x4B, 0x08, 0x81, 0x2C, 0x08, 0x04, 0x4C, 0x08,
    0x6D, 0x10, 0x6C, 0x10, 0x8C, 0x10, 0xAD, 0x10, 0x83, 0xAD, 0x18, 0x00, 0x8D, 0x10, 0x81, 0x8C,
    0x10, 0x08, 0x6B, 0x10, 0x4C, 0x08, 0x2D, 0x08, 0x2B, 0x08, 0x4B, 0x08, 0x6C, 0x10, 0x6D, 0x10,
    0x8D, 0x10, 0x8D, 0x18, 0x83, 0xAD, 0x18, 0x81, 0x8D, 0x10, 0x81, 0x6C, 0x10, 0x00, 0x4C, 0x08,
    0x81, 0x4B, 0x08, 0x05, 0x6C, 0x10, 0x4B, 0x08, 0x07, 0x00, 0x37, 0x29, 0xF1, 0x20, 0x05, 0x00,
    0x81, 0xCD, 0x18, 0x10, 0x36, 0x84, 0x7A, 0xAD, 0x90, 0x52, 0xAE, 0x31, 0x19, 0xA5, 0x4B, 0x08,
    0x2B, 0x08, 0x2C, 0x08, 0x4C, 0x08, 0x4D, 0x08, 0x6D, 0x10, 0x8D, 0x10, 0x8C, 0x10, 0x2D, 0x29,
    0x5A, 0xAD, 0x4E, 0x29, 0xAC, 0x18, 0x81, 0x8C, 0x10, 0x02, 0x6C, 0x10, 0x4C, 0x10, 0x4C, 0x08,
    0x81, 0x2C, 0x08, 0x02, 0x4C, 0x08, 0x6B, 0x10, 0x6C, 0x10, 0x81, 0x8D, 0x10, 0x83, 0xAD, 0x18,
    0x01, 0x8D, 0x10, 0x8C, 0x10, 0x81, 0x6C, 0x10, 0x00, 0x4B, 0x08, 0x81, 0x2C, 0x08, 0x05, 0x4C,
    0x08, 0x4C, 0x10, 0x6C, 0x10, 0x8C, 0x10, 0xEF, 0x39, 0x94, 0x73, 0x82, 0xAD, 0x18, 0x0C, 0x8D,
    0x10, 0x8C, 0x10, 0x6C, 0x10, 0x6D, 0x08, 0x4B, 0x08, 0x2A, 0x08, 0x2C, 0x08, 0xAE, 0x31, 0x53,
    0x6B, 0x6D, 0x10, 0x8C, 0x10, 0xB8, 0x94, 0x2F, 0x42, 0x82, 0xAD, 0x18, 0x81, 0x8D, 0x10, 0x19,
    0x6C, 0x10, 0x52, 0x6B, 0x56, 0x8C, 0x3A, 0xA5, 0x90, 0x4A, 0xD4, 0x73, 0x15, 0x7C, 0x3A, 0xA5,
    0x12, 0x63, 0x15, 0x84, 0x56, 0x84, 0x5A, 0xAD, 0x2D, 0x21, 0x91, 0x52, 0x7A, 0xAD, 0x32, 0x63,
    0x6C, 0x10, 0x6D, 0x08, 0x4B, 0x08, 0x2A, 0x08, 0x2C, 0x08, 0x4C, 0x08, 0x4C, 0x10, 0x6D, 0x10,
    0x8C, 0x10, 0x8D, 0x10, 0x83, 0xAD, 0x18, 0x81, 0x8D, 0x10, 0x05, 0x6C, 0x10, 0x6B, 0x10, 0x4C,
    0x08, 0x2D, 0x08, 0x2C, 0x08, 0x4B, 0x08, 0x81, 0x6C, 0x10, 0x81, 0x8C, 0x10, 0x83, 0xAD, 0x18,
    0x81, 0x8C, 0x10, 0x0A, 0x6D, 0x10, 0x4D, 0x08, 0x4E, 0x08, 0x2D, 0x08, 0x4B, 0x08, 0x4D, 0x10,
    0x4C, 0x08, 0x08, 0x00, 0x16, 0x29, 0xB0, 0x18, 0x07, 0x00, 0x81, 0xAD, 0x18, 0x4A, 0x19, 0xA5,
    0x77, 0x8C, 0xF5, 0x7B, 0xAE, 0x31, 0x19, 0xA5, 0xB4, 0x73, 0x77, 0x8C, 0x36, 0x84, 0x90, 0x4A,
    0xF9, 0x9C, 0x97, 0x94, 0xF5, 0x7B, 0x8C, 0x10, 0x2D, 0x29, 0x5A, 0xAD, 0xF5, 0x7B, 0x56, 0x84,
    0x2F, 0x42, 0x3A, 0xA5, 0x77, 0x8C, 0xB7, 0x94, 0x32, 0x63, 0xD8, 0x9C, 0xF9, 0x9C, 0xD1, 0x5A,
    0xF9, 0x9C, 0x12, 0x5B, 0x7A, 0xAD, 0xD1, 0x5A, 0x19, 0x9D, 0xD1, 0x5A, 0x19, 0x9D, 0xD8, 0x9C,
    0xB4, 0x73, 0x6C, 0x10, 0x0C, 0x21, 0x15, 0x84, 0x56, 0x84, 0x76, 0x8C, 0x32, 0x63, 0x97, 0x94,
    0x16, 0x84, 0x0F, 0x42, 0x6C, 0x10, 0x93, 0x73, 0x19, 0x9D, 0xB1, 0x52, 0xF8, 0x9C, 0xD8, 0x9C,
    0x52, 0x63, 0xB8, 0x94, 0xF2, 0x5A, 0x19, 0x9D, 0x6E, 0x29, 0x7A, 0xAD, 0xF8, 0x9C, 0xF1, 0x5A,
    0xB7, 0x94, 0x36, 0x84, 0xB7, 0x94, 0x19, 0xA5, 0x50, 0x4A, 0x19, 0x9D, 0x73, 0x6B, 0xF9, 0x9C,
    0x2F, 0x42, 0x5A, 0xA5, 0xB8, 0x94, 0x6C, 0x10, 0x36, 0x84, 0x3A, 0xA5, 0x4D, 0x29, 0x4C, 0x08,
    0x52, 0x63, 0xB8, 0x94, 0x81, 0x8C, 0x10, 0x09, 0x36, 0x84, 0x15, 0x7C, 0x8D, 0x10, 0xD8, 0x94,
    0xB8, 0x94, 0x32, 0x63, 0x6C, 0x10, 0x4E, 0x08, 0x4C, 0x08, 0x4A, 0x08, 0x81, 0x4C, 0x08, 0x82,
    0x6C, 0x10, 0x01, 0x8C, 0x10, 0x8D, 0x10, 0x83, 0x8C, 0x10, 0x81, 0x6D, 0x10, 0x00, 0x6C, 0x10,
    0x82, 0x4B, 0x08, 0x03, 0x4C, 0x08, 0x6C, 0x10, 0x6B, 0x10, 0x6C, 0x10, 0x81, 0x8C, 0x10, 0x81,
    0x8D, 0x10, 0x81, 0x8C, 0x10, 0x82, 0x6C, 0x10, 0x81, 0x4C, 0x08, 0x37, 0x4B, 0x08, 0x6D, 0x10,
    0x2C, 0x08, 0x09, 0x00, 0xF4, 0x20, 0xAF, 0x18, 0x08, 0x00, 0x8D, 0x10, 0x8C, 0x10, 0x5A, 0xAD,
    0xF8, 0x9C, 0xF9, 0x9C, 0xAE, 0x31, 0x19, 0xA5, 0xB1, 0x52, 0xD8, 0x9C, 0xF9, 0x9C, 0xD4, 0x7B,
    0x15, 0x84, 0xF1, 0x5A, 0xB7, 0x94, 0x6B, 0x10, 0x2D, 0x21, 0x7A, 0xAD, 0x39, 0xA5, 0xD1, 0x5A,
    0x0E, 0x42, 0xD8, 0x9C, 0x90, 0x52, 0xF8, 0x9C, 0x56, 0x84, 0x11, 0x63, 0xB4, 0x73, 0xF4, 0x7B,
    0x56, 0x8C, 0xD8, 0x94, 0x77, 0x8C, 0xB7, 0x94, 0x36, 0x84, 0xD1, 0x5A, 0x76, 0x8C, 0x73, 0x6B,
    0x35, 0x84, 0x6C, 0x10, 0x0F, 0x42, 0xD8, 0x94, 0x15, 0x84, 0x19, 0x9D, 0xEE, 0x39, 0xB8, 0x94,
    0xF9, 0x9C, 0x30, 0x42, 0x6D, 0x10, 0x70, 0x4A, 0x19, 0x9D, 0x15, 0x7C, 0x81, 0x73, 0x6B, 0x0D,
    0x36, 0x84, 0x93, 0x73, 0xF9, 0x9C, 0xB8, 0x94, 0x0E, 0x21, 0x5A, 0xAD, 0x2C, 0x21, 0x2F, 0x42,
    0xB7, 0x94, 0xD8, 0x9C, 0x6F, 0x4A, 0xB7, 0x94, 0xB1, 0x52, 0x5A, 0xAD, 0x81, 0xB4, 0x73, 0x12,
    0x4F, 0x4A, 0xD8, 0x9C, 0x6C, 0x10, 0x2D, 0x29, 0x6D, 0x31, 0x97, 0x8C, 0x73, 0x6B, 0x4C, 0x08,
    0xF9, 0x9C, 0xF1, 0x5A, 0x6B, 0x10, 0x2F, 0x4A, 0x3A, 0xA5, 0xCC, 0x18, 0xF5, 0x7B, 0xF8, 0x9C,
    0x3A, 0xA5, 0x97, 0x94, 0x6C, 0x10, 0x81, 0x4D, 0x08, 0x82, 0x4B, 0x08, 0x02, 0x6B, 0x10, 0x6C,
    0x10, 0x6B, 0x10, 0x87, 0x6C, 0x10, 0x00, 0x4C, 0x10, 0x83, 0x4C, 0x08, 0x02, 0x4D, 0x08, 0x6C,
    0x10, 0x6B, 0x10, 0x82, 0x6C, 0x10, 0x81, 0x6D, 0x10, 0x00, 0x6C, 0x10, 0x82, 0x6B, 0x10, 0x00,
    0x4B, 0x08, 0x81, 0x4B, 0x10, 0x10, 0x8D, 0x10, 0x2B, 0x08, 0x0A, 0x00, 0xD3, 0x18, 0x8F, 0x10,
    0x09, 0x00, 0x6C, 0x10, 0x6D, 0x10, 0xD4, 0x7B, 0x2F, 0x42, 0xF9, 0x9C, 0xF1, 0x5A, 0x19, 0xA5,
    0xD4, 0x73, 0x97, 0x8C, 0xD8, 0x9C, 0x0E, 0x42, 0x81, 0xD8, 0x9C, 0x23, 0x52, 0x6B, 0x6B, 0x10,
    0x2C, 0x21, 0x5A, 0xAD, 0x50, 0x4A, 0x19, 0xA5, 0x90, 0x4A, 0xD8, 0x9C, 0x70, 0x4A, 0xF8, 0x9C,
    0x90, 0x52, 0xF8, 0x9C, 0xF9, 0x9C, 0x2F, 0x42, 0xD1, 0x5A, 0x5A, 0xAD, 0x4F, 0x4A, 0x7A, 0xAD,
    0x0E, 0x42, 0xD0, 0x5A, 0x76, 0x8C, 0x53, 0x6B, 0x36, 0x84, 0x4C, 0x08, 0x0F, 0x42, 0x19, 0x9D,
    0x56, 0x8C, 0x19, 0x9D, 0x73, 0x6B, 0x97, 0x8C, 0xD8, 0x9C, 0xEF, 0x39, 0x4D, 0x08, 0x70, 0x4A,
    0x19, 0x9D, 0x0E, 0x42, 0x81, 0xF8, 0x9C, 0x24, 0xB0, 0x52, 0x4D, 0x29, 0x5A, 0xA5, 0x12, 0x63,
    0x0E, 0x21, 0x5A, 0xAD, 0x2D, 0x21, 0x2F, 0x42, 0xB7, 0x94, 0xF4, 0x7B, 0xD8, 0x94, 0x19, 0xA5,
    0x2F, 0x42, 0x76, 0x8C, 0xB7, 0x94, 0xD8, 0x94, 0x4F, 0x4A, 0xD8, 0x9C, 0x4C, 0x08, 0xB4, 0x73,
    0xF8, 0x9C, 0x19, 0x9D, 0xCF, 0x39, 0x73, 0x6B, 0xD8, 0x94, 0x8D, 0x10, 0x4C, 0x08, 0x56, 0x8C,
    0x15, 0x7C, 0x6C, 0x10, 0xAE, 0x31, 0x2F, 0x42, 0xD8, 0x94, 0x93, 0x6B, 0x4B, 0x10, 0x4C, 0x08,
    0x4D, 0x08, 0x82, 0x4C, 0x08, 0x81, 0x4B, 0x10, 0x87, 0x6B, 0x10, 0x83, 0x4C, 0x08, 0x00, 0x4D,
    0x08, 0x81, 0x4C, 0x08, 0x02, 0x4D, 0x08, 0x4C, 0x08, 0x4C, 0x10, 0x82, 0x6C, 0x10, 0x02, 0x4D,
    0x08, 0x4C, 0x08, 0x4B, 0x10, 0x81, 0x4B, 0x08, 0x08, 0x4C, 0x08, 0x6C, 0x10, 0x6B, 0x10, 0x8E,
    0x10, 0x29, 0x08, 0x0A, 0x00, 0xB2, 0x18, 0x6E, 0x10, 0x2A, 0x00, 0x82, 0x4C, 0x08, 0x82, 0x4B,
    0x08, 0x83, 0x4C, 0x08, 0x00, 0x4D, 0x08, 0x81, 0x4C, 0x08, 0x00, 0x4D, 0x08, 0x81, 0x4C, 0x08,
    0x81, 0x4B, 0x08, 0x83, 0x4C, 0x08, 0x84, 0x4B, 0x08, 0x00, 0x4C, 0x08, 0x83, 0x4B, 0x08, 0x00,
    0x4C, 0x08, 0x81, 0x4B, 0x08, 0x84, 0x4C, 0x08, 0x81, 0x4B, 0x08, 0x81, 0x4C, 0x08, 0x03, 0x4B,
    0x08, 0xAE, 0x31, 0xD8, 0x9C, 0x77, 0x8C, 0x81, 0x4C, 0x08, 0x05, 0x4D, 0x08, 0x4C, 0x08, 0xEF,
    0x39, 0x19, 0xA5, 0x6B, 0x10, 0x4B, 0x08, 0x81, 0x4C, 0x08, 0x00, 0x4D, 0x08, 0x89, 0x4B, 0x08,
    0x81, 0x4C, 0x08, 0x82, 0x4B, 0x08, 0x83, 0x4C, 0x08, 0x01, 0x4B, 0x08, 0x4C, 0x08, 0x81, 0x4B,
    0x08, 0x00, 0x4D, 0x08, 0x82, 0x4C, 0x08, 0x81, 0x4B, 0x08, 0x81, 0x4C, 0x08, 0x00, 0x4D, 0x08,
    0x89, 0x4B, 0x08, 0x81, 0x4C, 0x08, 0x82, 0x4B, 0x08, 0x83, 0x4C, 0x08, 0x01, 0x4B, 0x08, 0x4C,
    0x08, 0x81, 0x4B, 0x08, 0x84, 0x4C, 0x08, 0x00, 0x4D, 0x08, 0x81, 0x6D, 0x10, 0x05, 0x8F, 0x10,
    0x28, 0x00, 0x07, 0x00, 0x90, 0x10, 0x4C, 0x10, 0x29, 0x00, 0x81, 0x2C, 0x08, 0x84, 0x4B, 0x08,
    0x00, 0x4C, 0x08, 0x82, 0x4B, 0x08, 0x06, 0x4C, 0x08, 0x4B, 0x08, 0x4C, 0x08, 0x2D, 0x08, 0x2E,
    0x08, 0x2C, 0x08, 0x2B, 0x08, 0x81, 0x4B, 0x08, 0x85, 0x4C, 0x08, 0x81, 0x4B, 0x08, 0x03, 0x4C,
    0x08, 0x4B, 0x08, 0x4A, 0x08, 0x4B, 0x08, 0x81, 0x2B, 0x08, 0x82, 0x4B, 0x08, 0x82, 0x4C, 0x08,
    0x83, 0x4B, 0x08, 0x00, 0x4C, 0x08, 0x81, 0x4B, 0x08, 0x82, 0x2C, 0x08, 0x81, 0x2D, 0x08, 0x01,
    0x4D, 0x08, 0x4C, 0x08, 0x83, 0x4B, 0x08, 0x82, 0x4C, 0x08, 0x82, 0x4B, 0x08, 0x03, 0x2B, 0x08,
    0x2C, 0x08, 0x4B, 0x08, 0x4A, 0x08, 0x86, 0x4B, 0x08, 0x81, 0x4C, 0x08, 0x82, 0x4B, 0x08, 0x01,
    0x2B, 0x08, 0x2C, 0x08, 0x81, 0x2D, 0x08, 0x01, 0x4D, 0x08, 0x4C, 0x08, 0x83, 0x4B, 0x08, 0x82,
    0x4C, 0x08, 0x82, 0x4B, 0x08, 0x03, 0x2B, 0x08, 0x2C, 0x08, 0x4B, 0x08, 0x4A, 0x08, 0x86, 0x4B,
    0x08, 0x81, 0x4C, 0x08, 0x82, 0x4B, 0x08, 0x01, 0x2B, 0x08, 0x2C, 0x08, 0x81, 0x4B, 0x08, 0x81,
    0x4C, 0x08, 0x81, 0x4B, 0x08, 0x81, 0x6C, 0x10, 0x06, 0x90, 0x10, 0x08, 0x00, 0x07, 0x00, 0x6F,
    0x10, 0x4C, 0x08, 0x2A, 0x08, 0x2B, 0x08, 0x83, 0x2C, 0x08, 0x86, 0x4B, 0x08, 0x81, 0x4A, 0x08,
    0x00, 0x2A, 0x08, 0x84, 0x2B, 0x08, 0x82, 0x4B, 0x08, 0x82, 0x4C, 0x08, 0x81, 0x4B, 0x08, 0x01,
    0x4C, 0x08, 0x2C, 0x08, 0x85, 0x2B, 0x08, 0x84, 0x4B, 0x08, 0x03, 0x4C, 0x08, 0x4B, 0x08, 0x4A,
    0x08, 0x4B, 0x08, 0x83, 0x2B, 0x08, 0x82, 0x2A, 0x08, 0x87, 0x4B, 0x08, 0x07, 0x4C, 0x08, 0x2D,
    0x08, 0x2E, 0x08, 0x2C, 0x08, 0x2A, 0x08, 0x2D, 0x08, 0x2C, 0x08, 0x2B, 0x08, 0x87, 0x4B, 0x08,
    0x00, 0x4C, 0x08, 0x81, 0x2C, 0x08, 0x02, 0x2B, 0x08, 0x2A, 0x08, 0x2B, 0x08, 0x81, 0x2A, 0x08,
    0x87, 0x4B, 0x08, 0x07, 0x4C, 0x08, 0x2D, 0x08, 0x2E, 0x08, 0x2C, 0x08, 0x2A, 0x08, 0x2D, 0x08,
    0x2C, 0x08, 0x2B, 0x08, 0x87, 0x4B, 0x08, 0x00, 0x4C, 0x08, 0x81, 0x2C, 0x08, 0x04, 0x2B, 0x08,
    0x2A, 0x08, 0x2B, 0x08, 0x2C, 0x08, 0x2B, 0x08, 0x83, 0x4B, 0x08, 0x81, 0x6B, 0x10, 0x00, 0x8F,
    0x10, 0x81, 0x07, 0x00, 0x00, 0x4E, 0x10, 0x81, 0x2C, 0x08, 0x82, 0x2B, 0x08, 0x03, 0x2C, 0x08,
    0x2D, 0x08, 0x2B, 0x08, 0x4A, 0x08, 0x84, 0x4B, 0x08, 0x82, 0x2B, 0x08, 0x81, 0x2A, 0x08, 0x81,
    0x2B, 0x08, 0x02, 0x2D, 0x08, 0x2C, 0x08, 0x2B, 0x08, 0x81, 0x4A, 0x08, 0x83, 0x4B, 0x08, 0x01,
    0x2B, 0x08, 0x2D, 0x08, 0x82, 0x2C, 0x08, 0x81, 0x2B, 0x08, 0x81, 0x2C, 0x08, 0x00, 0x2B, 0x08,
    0x85, 0x4B, 0x08, 0x01, 0x2A, 0x08, 0x2B, 0x08, 0x82, 0x2C, 0x08, 0x02, 0x2B, 0x08, 0x2C, 0x08,
    0x2B, 0x08, 0x81, 0x2A, 0x08, 0x85, 0x4B, 0x08, 0x81, 0x2A, 0x08, 0x04, 0x2B, 0x08, 0x2C, 0x08,
    0x2B, 0x08, 0x2C, 0x08, 0x2E, 0x00, 0x81, 0x2C, 0x08, 0x00, 0x2B, 0x08, 0x85, 0x4B, 0x08, 0x81,
    0x2B, 0x08, 0x05, 0x2C, 0x08, 0x2E, 0x00, 0x2B, 0x08, 0x2A, 0x08, 0x2C, 0x08, 0x2B, 0x08, 0x81,
    0x2A, 0x08, 0x85, 0x4B, 0x08, 0x81, 0x2A, 0x08, 0x04, 0x2B, 0x08, 0x2C, 0x08, 0x2B, 0x08, 0x2C,
    0x08, 0x2E, 0x00, 0x81, 0x2C, 0x08, 0x00, 0x2B, 0x08, 0x85, 0x4B, 0x08, 0x81, 0x2B, 0x08, 0x05,
    0x2C, 0x08, 0x2E, 0x00, 0x2B, 0x08, 0x2A, 0x08, 0x2B, 0x08, 0x2C, 0x08, 0x81, 0x2B, 0x08, 0x83,
    0x4B, 0x08, 0x03, 0x6F, 0x10, 0x06, 0x00, 0x07, 0x00, 0x4E, 0x08, 0x82, 0x2C, 0x08, 0x03, 0x2B,
    0x08, 0x2A, 0x08, 0x2B, 0x08, 0x2C, 0x08, 0x81, 0x2B, 0x08, 0x00, 0x2A, 0x08, 0x81, 0x4A, 0x08,
    0x81, 0x2A, 0x08, 0x81, 0x2B, 0x08, 0x00, 0x2C, 0x08, 0x84, 0x2B, 0x08, 0x81, 0x2C, 0x08, 0x01,
    0x2B, 0x08, 0x2A, 0x08, 0x81, 0x4A, 0x08, 0x82, 0x2A, 0x08, 0x04, 0x2C, 0x08, 0x2B, 0x08, 0x2A,
    0x08, 0x2B, 0x08, 0x2C, 0x08, 0x83, 0x2B, 0x08, 0x83, 0x2A, 0x08, 0x83, 0x2B, 0x08, 0x82, 0x2A,
    0x08, 0x02, 0x2C, 0x08, 0x2B, 0x08, 0x2C, 0x08, 0x82, 0x2B, 0x08, 0x81, 0x2A, 0x08, 0x81, 0x2B,
    0x08, 0x00, 0x2C, 0x08, 0x83, 0x2B, 0x08, 0x81, 0x2A, 0x08, 0x02, 0x2C, 0x00, 0x2C, 0x08, 0x2A,
    0x08, 0x82, 0x2B, 0x08, 0x81, 0x2A, 0x08, 0x81, 0x2B, 0x08, 0x81, 0x2A, 0x08, 0x01, 0x2B, 0x08,
    0x2D, 0x00, 0x82, 0x2B, 0x08, 0x00, 0x2C, 0x08, 0x82, 0x2B, 0x08, 0x81, 0x2A, 0x08, 0x81, 0x2B,
    0x08, 0x00, 0x2C, 0x08, 0x83, 0x2B, 0x08, 0x81, 0x2A, 0x08, 0x02, 0x2C, 0x00, 0x2C, 0x08, 0x2A,
    0x08, 0x82, 0x2B, 0x08, 0x81, 0x2A, 0x08, 0x81, 0x2B, 0x08, 0x81, 0x2A, 0x08, 0x01, 0x2B, 0x08,
    0x2D, 0x00, 0x82, 0x2B, 0x08, 0x82, 0x2A, 0x08, 0x81, 0x2B, 0x08, 0x81, 0x4B, 0x08, 0x07, 0x6E,
    0x10, 0x06, 0x00, 0x08, 0x00, 0x4E, 0x08, 0x2B, 0x08, 0x29, 0x00, 0x2A, 0x08, 0x2B, 0x08, 0x81,
    0x2A, 0x08, 0x00, 0x2B, 0x08, 0x88, 0x2A, 0x08, 0x82, 0x2B, 0x08, 0x83, 0x2A, 0x08, 0x82, 0x2B,
    0x08, 0x83, 0x2A, 0x08, 0x02, 0x2B, 0x08, 0x2C, 0x00, 0x2B, 0x08, 0x81, 0x2A, 0x08, 0x00, 0x2B,
    0x08, 0x87, 0x2A, 0x08, 0x00, 0x2B, 0x08, 0x81, 0x2A, 0x08, 0x82, 0x2B, 0x08, 0x82, 0x2A, 0x08,
    0x81, 0x2B, 0x08, 0x85, 0x2A, 0x08, 0x81, 0x2B, 0x08, 0x00, 0x2C, 0x08, 0x83, 0x2B, 0x08, 0x01,
    0x2D, 0x00, 0x2B, 0x08, 0x8A, 0x2A, 0x08, 0x82, 0x2B, 0x08, 0x00, 0x2A, 0x08, 0x81, 0x2B, 0x08,
    0x85, 0x2A, 0x08, 0x81, 0x2B, 0x08, 0x00, 0x2C, 0x08, 0x83, 0x2B, 0x08, 0x01, 0x2D, 0x00, 0x2B,
    0x08, 0x8A, 0x2A, 0x08, 0x85, 0x2B, 0x08, 0x83, 0x2A, 0x08, 0x01, 0x2B, 0x08, 0x4E, 0x08, 0x81,
    0x07, 0x00, 0x05, 0x2F, 0x08, 0x2C, 0x08, 0x0A, 0x00, 0x2A, 0x08, 0x2C, 0x08, 0x2C, 0x00, 0x84,
    0x2A, 0x08, 0x02, 0x2B, 0x08, 0x2C, 0x08, 0x2B, 0x08, 0x84, 0x2A, 0x08, 0x81, 0x2B, 0x08, 0x01,
    0x2A, 0x08, 0x2B, 0x08, 0x82, 0x2A, 0x08, 0x81, 0x2B, 0x08, 0x00, 0x2A, 0x08, 0x82, 0x2B, 0x08,
    0x00, 0x2D, 0x00, 0x81, 0x2C, 0x00, 0x00, 0x2B, 0x08, 0x81, 0x2A, 0x08, 0x81, 0x2B, 0x08, 0x00,
    0x2A, 0x08, 0x81, 0x2B, 0x08, 0x84, 0x2A, 0x08, 0x03, 0x2B, 0x08, 0x2C, 0x00, 0x0D, 0x00, 0x2B,
    0x00, 0x8A, 0x2A, 0x08, 0x81, 0x2B, 0x08, 0x81, 0x2A, 0x08, 0x81, 0x2B, 0x08, 0x81, 0x2D, 0x00,
    0x01, 0x2C, 0x08, 0x2B, 0x08, 0x85, 0x2A, 0x08, 0x03, 0x2C, 0x08, 0x2B, 0x08, 0x2A, 0x08, 0x2B,
    0x08, 0x8B, 0x2A, 0x08, 0x81, 0x2B, 0x08, 0x81, 0x2A, 0x08, 0x81, 0x2B, 0x08, 0x81, 0x2D, 0x00,
    0x01, 0x2C, 0x08, 0x2B, 0x08, 0x85, 0x2A, 0x08, 0x03, 0x2C, 0x08, 0x2B, 0x08, 0x2A, 0x08, 0x2B,
    0x08, 0x81, 0x2A, 0x08, 0x03, 0x2B, 0x08, 0x2C, 0x00, 0x2D, 0x00, 0x2B, 0x08, 0x83, 0x2A, 0x08,
    0x07, 0x2C, 0x08, 0x08, 0x00, 0x07, 0x00, 0x2F, 0x08, 0x2C, 0x08, 0x0A, 0x00, 0x2B, 0x00, 0x2B,
    0x08, 0x81, 0x2A, 0x08, 0x00, 0x2B, 0x08, 0x81, 0x2A, 0x08, 0x81, 0x2B, 0x00, 0x81, 0x2C, 0x00,
    0x00, 0x2B, 0x00, 0x81, 0x2A, 0x08, 0x02, 0x2B, 0x00, 0x2A, 0x08, 0x2B, 0x08, 0x81, 0x2C, 0x00,
    0x02, 0x2B, 0x00, 0x2B, 0x08, 0x2B, 0x00, 0x81, 0x2A, 0x08, 0x00, 0x2B, 0x08, 0x82, 0x2A, 0x08,
    0x00, 0x2B, 0x00, 0x82, 0x2C, 0x00, 0x00, 0x2B, 0x00, 0x82, 0x2B, 0x08, 0x81, 0x2B, 0x00, 0x01,
    0x2A, 0x08, 0x2B, 0x00, 0x83, 0x2A, 0x08, 0x81, 0x2B, 0x00, 0x81, 0x2C, 0x00, 0x00, 0x2B, 0x00,
    0x81, 0x2A, 0x08, 0x00, 0x2B, 0x00, 0x81, 0x2A, 0x08, 0x81, 0x2B, 0x00, 0x00, 0x2B, 0x08, 0x84,
    0x2A, 0x08, 0x00, 0x2B, 0x08, 0x81, 0x2A, 0x08, 0x01, 0x2B, 0x08, 0x2B, 0x00, 0x81, 0x2C, 0x00,
    0x05, 0x2B, 0x00, 0x2B, 0x08, 0x2A, 0x08, 0x2B, 0x08, 0x2B, 0x00, 0x2B, 0x08, 0x81, 0x2B, 0x00,
    0x81, 0x2A, 0x08, 0x82, 0x2B, 0x08, 0x01, 0x2A, 0x08, 0x2B, 0x00, 0x81, 0x2A, 0x08, 0x81, 0x2B,
    0x00, 0x00, 0x2B, 0x08, 0x84, 0x2A, 0x08, 0x00, 0x2B, 0x08, 0x81, 0x2A, 0x08, 0x01, 0x2B, 0x08,
    0x2B, 0x00, 0x81, 0x2C, 0x00, 0x05, 0x2B, 0x00, 0x2B, 0x08, 0x2A, 0x08, 0x2B, 0x08, 0x2B, 0x00,
    0x2B, 0x08, 0x81, 0x2B, 0x00, 0x81, 0x2A, 0x08, 0x82, 0x2B, 0x08, 0x00, 0x2B, 0x00, 0x82, 0x2C,
    0x00, 0x00, 0x2B, 0x08, 0x82, 0x2A, 0x08, 0x00, 0x2C, 0x08, 0x81, 0x09, 0x00, 0x04, 0x30, 0x08,
    0x2C, 0x08, 0x08, 0x00, 0x2C, 0x08, 0x2B, 0x08, 0x82, 0x2A, 0x08, 0x85, 0x2B, 0x08, 0x82, 0x2A,
    0x08, 0x03, 0x2C, 0x08, 0x2C, 0x00, 0x2B, 0x08, 0x2A, 0x08, 0x81, 0x2C, 0x08, 0x82, 0x2B, 0x08,
    0x81, 0x2A, 0x08, 0x00, 0x2B, 0x08, 0x81, 0x2A, 0x08, 0x82, 0x2B, 0x08, 0x00, 0x2C, 0x08, 0x81,
    0x2B, 0x08, 0x82, 0x2A, 0x08, 0x01, 0x2C, 0x08, 0x2B, 0x08, 0x81, 0x2A, 0x08, 0x86, 0x2B, 0x08,
    0x82, 0x2A, 0x08, 0x05, 0x2C, 0x08, 0x2C, 0x00, 0x2B, 0x08, 0x2A, 0x08, 0x2C, 0x00, 0x2C, 0x08,
    0x82, 0x2B, 0x08, 0x81, 0x2A, 0x08, 0x00, 0x2B, 0x08, 0x83, 0x2A, 0x08, 0x00, 0x2B, 0x08, 0x81,
    0x2C, 0x08, 0x84, 0x2B, 0x08, 0x01, 0x2C, 0x08, 0x2B, 0x08, 0x83, 0x2A, 0x08, 0x07, 0x2B, 0x08,
    0x2A, 0x08, 0x2C, 0x08, 0x2C, 0x00, 0x2B, 0x08, 0x2A, 0x08, 0x2C, 0x00, 0x2C, 0x08, 0x82, 0x2B,
    0x08, 0x81, 0x2A, 0x08, 0x00, 0x2B, 0x08, 0x83, 0x2A, 0x08, 0x00, 0x2B, 0x08, 0x81, 0x2C, 0x08,
    0x84, 0x2B, 0x08, 0x01, 0x2C, 0x08, 0x2B, 0x08, 0x83, 0x2A, 0x08, 0x84, 0x2B, 0x08, 0x81, 0x2A,
    0x08, 0x0A, 0x2B, 0x08, 0x2D, 0x00, 0x2C, 0x08, 0x08, 0x00, 0x09, 0x00, 0x51, 0x10, 0x2C, 0x08,
    0x07, 0x00, 0x2B, 0x08, 0x2C, 0x08, 0x2B, 0x08, 0x82, 0x2A, 0x08, 0x86, 0x2B, 0x08, 0x00, 0x2A,
    0x08, 0x83, 0x2B, 0x08, 0x00, 0x2A, 0x08, 0x81, 0x2C, 0x08, 0x01, 0x2B, 0x08, 0x2C, 0x08, 0x81,
    0x2A, 0x08, 0x00, 0x2B, 0x08, 0x83, 0x2A, 0x08, 0x84, 0x2B, 0x08, 0x81, 0x2A, 0x08, 0x02, 0x2B,
    0x08, 0x2D, 0x08, 0x2C, 0x08, 0x82, 0x2A, 0x08, 0x86, 0x2B, 0x08, 0x81, 0x2A, 0x08, 0x82, 0x2C,
    0x08, 0x00, 0x2A, 0x08, 0x81, 0x2D, 0x08, 0x02, 0x2B, 0x08, 0x2C, 0x08, 0x2B, 0x08, 0x81, 0x2A,
    0x08, 0x00, 0x2B, 0x08, 0x83, 0x2A, 0x08, 0x00, 0x2B, 0x08, 0x81, 0x2C, 0x08, 0x00, 0x2B, 0x08,
    0x81, 0x2A, 0x08, 0x03, 0x2B, 0x08, 0x2D, 0x08, 0x2C, 0x08, 0x2B, 0x08, 0x81, 0x2A, 0x08, 0x81,
    0x2B, 0x08, 0x81, 0x2A, 0x08, 0x82, 0x2C, 0x08, 0x00, 0x2A, 0x08, 0x81, 0x2D, 0x08, 0x02, 0x2B,
    0x08, 0x2C, 0x08, 0x2B, 0x08, 0x81, 0x2A, 0x08, 0x00, 0x2B, 0x08, 0x83, 0x2A, 0x08, 0x00, 0x2B,
    0x08, 0x81, 0x2C, 0x08, 0x00, 0x2B, 0x08, 0x81, 0x2A, 0x08, 0x03, 0x2B, 0x08, 0x2D, 0x08, 0x2C,
    0x08, 0x2B, 0x08, 0x81, 0x2A, 0x08, 0x86, 0x2B, 0x08, 0x08, 0x2A, 0x08, 0x2B, 0x08, 0x2D, 0x00,
    0x2D, 0x08, 0x0A, 0x00, 0x08, 0x00, 0x72, 0x10, 0x4E, 0x08, 0x06, 0x00, 0x81, 0x4B, 0x08, 0x05,
    0x6D, 0x29, 0x8F, 0x4A, 0x8B, 0x10, 0x2B, 0x08, 0x2C, 0x08, 0x4C, 0x29, 0x81, 0x70, 0x4A, 0x02,
    0x4D, 0x29, 0xED, 0x20, 0x4F, 0x42, 0x81, 0x2A, 0x08, 0x00, 0x4A, 0x08, 0x81, 0x4B, 0x08, 0x05,
    0x8B, 0x10, 0x2F, 0x42, 0x2C, 0x08, 0xCF, 0x39, 0x8E, 0x31, 0x2C, 0x08, 0x81, 0x2A, 0x08, 0x00,
    0x2B, 0x08, 0x82, 0x2A, 0x08, 0x81, 0x2B, 0x08, 0x01, 0x2C, 0x29, 0x0E, 0x42, 0x82, 0x2B, 0x08,
    0x06, 0x2A, 0x08, 0x2D, 0x08, 0x2E, 0x08, 0x2C, 0x08, 0x2A, 0x08, 0x2B, 0x08, 0x2C, 0x08, 0x81,
    0x2B, 0x08, 0x01, 0x2C, 0x08, 0x2B, 0x08, 0x81, 0x4B, 0x08, 0x00, 0x2B, 0x08, 0x81, 0x2A, 0x08,
    0x00, 0x2B, 0x08, 0x82, 0x2C, 0x08, 0x81, 0x2D, 0x08, 0x81, 0x2C, 0x08, 0x09, 0x2B, 0x08, 0x2A,
    0x08, 0x4B, 0x08, 0xEB, 0x18, 0x0E, 0x42, 0x4A, 0x08, 0x2A, 0x08, 0x6B, 0x10, 0x4F, 0x4A, 0x2B,
    0x08, 0x81, 0x2C, 0x08, 0x0F, 0x2B, 0x08, 0x2A, 0x08, 0x2D, 0x08, 0xAF, 0x31, 0x90, 0x4A, 0x8F,
    0x52, 0x6F, 0x4A, 0xEC, 0x18, 0x4F, 0x4A, 0x2B, 0x08, 0x4E, 0x4A, 0x4C, 0x29, 0x8F, 0x4A, 0x70,
    0x4A, 0x0F, 0x42, 0x2C, 0x08, 0x81, 0x2D, 0x08, 0x03, 0x2F, 0x42, 0x0F, 0x3A, 0x2B, 0x08, 0x2A,
    0x08, 0x81, 0x4B, 0x08, 0x81, 0x4A, 0x08, 0x03, 0x2A, 0x08, 0x6B, 0x10, 0x4F, 0x4A, 0x2B, 0x08,
    0x81, 0x2C, 0x08, 0x01, 0x2B, 0x08, 0x2A, 0x08, 0x81, 0x2D, 0x08, 0x05, 0x2B, 0x08, 0x8C, 0x31,
    0xED, 0x39, 0x4B, 0x08, 0x6F, 0x4A, 0xEB, 0x18, 0x81, 0x2C, 0x08, 0x02, 0x2B, 0x08, 0x2C, 0x08,
    0x2B, 0x08, 0x81, 0x2A, 0x08, 0x05, 0x2C, 0x08, 0x2B, 0x00, 0x09, 0x00, 0x94, 0x10, 0x4F, 0x10,
    0x05, 0x00, 0x81, 0x4B, 0x08, 0x06, 0x56, 0x84, 0x7A, 0xAD, 0xB0, 0x52, 0x2A, 0x08, 0x2C, 0x08,
    0xF1, 0x5A, 0x19, 0xA5, 0x81, 0x97, 0x8C, 0x02, 0x8C, 0x29, 0x72, 0x6B, 0xAB, 0x10, 0x81, 0x6C,
    0x29, 0x26, 0xAB, 0x10, 0x4B, 0x08, 0xCD, 0x39, 0xF8, 0x9C, 0x2C, 0x21, 0x15, 0x84, 0xB4, 0x73,
    0x4E, 0x29, 0x2C, 0x08, 0x4C, 0x29, 0x6D, 0x29, 0xEC, 0x18, 0x6B, 0x10, 0x6D, 0x29, 0x4D, 0x29,
    0x0D, 0x21, 0xD0, 0x5A, 0x76, 0x8C, 0x4C, 0x29, 0xEC, 0x20, 0xCD, 0x18, 0x6C, 0x29, 0x2C, 0x21,
    0x2B, 0x08, 0x2E, 0x00, 0xEC, 0x18, 0x6C, 0x29, 0x6E, 0x29, 0x6C, 0x10, 0x0D, 0x21, 0x6D, 0x29,
    0xAB, 0x18, 0x6B, 0x08, 0x4C, 0x29, 0x6C, 0x29, 0x8B, 0x10, 0xCB, 0x18, 0x6C, 0x29, 0x2C, 0x21,
    0x81, 0x2B, 0x08, 0x1E, 0xCC, 0x18, 0x6D, 0x29, 0xEC, 0x20, 0x8C, 0x10, 0x4D, 0x29, 0x8B, 0x10,
    0x6D, 0x29, 0x6F, 0x4A, 0xB7, 0x94, 0x0C, 0x21, 0x4B, 0x08, 0x6D, 0x31, 0x19, 0xA5, 0x4E, 0x29,
    0x4D, 0x08, 0x4E, 0x29, 0x4F, 0x29, 0x4B, 0x08, 0x2B, 0x08, 0xB0, 0x52, 0x56, 0x84, 0x39, 0xA5,
    0xB4, 0x73, 0x2E, 0x42, 0xF8, 0x9C, 0x4B, 0x08, 0xF9, 0x9C, 0xF0, 0x5A, 0x5A, 0xA5, 0xF5, 0x7B,
    0x3A, 0xA5, 0x81, 0x2B, 0x08, 0x06, 0x2C, 0x21, 0x3A, 0xA5, 0x12, 0x63, 0x0C, 0x21, 0x6C, 0x29,
    0xAC, 0x18, 0xCB, 0x18, 0x81, 0x4C, 0x29, 0x1C, 0x4B, 0x08, 0x6D, 0x31, 0x19, 0xA5, 0x4E, 0x29,
    0x4D, 0x08, 0x4E, 0x29, 0x4F, 0x29, 0x4B, 0x08, 0xEB, 0x18, 0x6D, 0x29, 0x0D, 0x21, 0x93, 0x73,
    0x56, 0x84, 0x0C, 0x21, 0xB4, 0x73, 0x8D, 0x31, 0x6D, 0x29, 0x6E, 0x29, 0xEC, 0x18, 0x8A, 0x10,
    0x6C, 0x29, 0x4D, 0x29, 0xAB, 0x10, 0x2B, 0x08, 0x2A, 0x08, 0x08, 0x00, 0x93, 0x18, 0x6F, 0x10,
    0x06, 0x00, 0x81, 0x6B, 0x10, 0x7D, 0x19, 0xA5, 0x56, 0x8C, 0xF5, 0x7B, 0x4B, 0x08, 0x2A, 0x08,
    0xF0, 0x5A, 0x7A, 0xAD, 0x5A, 0xAD, 0x53, 0x6B, 0x0E, 0x42, 0xD8, 0x9C, 0x35, 0x84, 0xB8, 0x94,
    0x19, 0x9D, 0x4F, 0x4A, 0x6B, 0x10, 0xD0, 0x5A, 0x19, 0x9D, 0x90, 0x52, 0x15, 0x84, 0xF8, 0x9C,
    0x39, 0xA5, 0xB0, 0x52, 0x15, 0x84, 0xB5, 0x73, 0xF9, 0x9C, 0xCE, 0x39, 0x5A, 0xA5, 0x56, 0x84,
    0x19, 0x9D, 0xD0, 0x5A, 0x76, 0x8C, 0x3A, 0xA5, 0x2E, 0x42, 0xB7, 0x94, 0xF5, 0x7B, 0xD4, 0x7B,
    0x2A, 0x08, 0xAB, 0x10, 0x3A, 0xA5, 0x15, 0x84, 0x5A, 0xA5, 0x6F, 0x4A, 0x19, 0xA5, 0x15, 0x84,
    0xD8, 0x9C, 0xB0, 0x52, 0x56, 0x8C, 0x97, 0x94, 0x52, 0x63, 0xB8, 0x94, 0xF5, 0x7B, 0xD4, 0x7B,
    0x2B, 0x08, 0x8C, 0x10, 0x39, 0xA5, 0xD4, 0x7B, 0x39, 0xA5, 0x6F, 0x4A, 0xF8, 0x9C, 0x2F, 0x42,
    0x19, 0xA5, 0x52, 0x6B, 0xF8, 0x9C, 0x4F, 0x42, 0x4B, 0x08, 0x4F, 0x4A, 0x39, 0xA5, 0xD1, 0x5A,
    0x52, 0x63, 0xD8, 0x94, 0xF9, 0x9C, 0xF2, 0x5A, 0x2C, 0x08, 0x4B, 0x08, 0xD0, 0x5A, 0xF8, 0x9C,
    0x4B, 0x08, 0x2F, 0x42, 0x7A, 0xAD, 0x5A, 0xA5, 0x7A, 0xAD, 0xF1, 0x5A, 0x7A, 0xAD, 0x5A, 0xA5,
    0xD8, 0x9C, 0x2C, 0x08, 0x2B, 0x08, 0xD0, 0x5A, 0x19, 0xA5, 0xF1, 0x5A, 0x19, 0xA5, 0x15, 0x84,
    0xD8, 0x9C, 0xD0, 0x5A, 0x5A, 0xA5, 0x97, 0x8C, 0x4B, 0x08, 0x4F, 0x4A, 0x39, 0xA5, 0xD1, 0x5A,
    0x32, 0x63, 0x36, 0x84, 0xD8, 0x94, 0xB1, 0x52, 0xD8, 0x9C, 0xD4, 0x73, 0xB4, 0x73, 0x15, 0x7C,
    0x97, 0x94, 0x0E, 0x3A, 0x5A, 0xA5, 0xF1, 0x5A, 0x39, 0xA5, 0x97, 0x8C, 0x77, 0x8C, 0xD4, 0x73,
    0xD8, 0x9C, 0xF8, 0x9C, 0x91, 0x52, 0x2F, 0x08, 0x2B, 0x08, 0x08, 0x00, 0xB3, 0x18, 0x6E, 0x10,
    0x07, 0x00, 0x81, 0x6C, 0x10, 0x02, 0x7A, 0xAD, 0x39, 0xA5, 0x19, 0x9D, 0x81, 0x4B, 0x08, 0x78,
    0xF0, 0x5A, 0xD8, 0x9C, 0x8D, 0x31, 0x5A, 0xAD, 0x50, 0x4A, 0xD8, 0x9C, 0xB7, 0x94, 0xB0, 0x52,
    0x97, 0x8C, 0x2F, 0x4A, 0x6B, 0x10, 0x6C, 0x29, 0xD8, 0x9C, 0x4C, 0x08, 0x15, 0x84, 0xB3, 0x73,
    0x15, 0x84, 0x52, 0x6B, 0x19, 0x9D, 0xB4, 0x73, 0x39, 0xA5, 0xCD, 0x39, 0xF9, 0x9C, 0x2E, 0x42,
    0x19, 0xA5, 0xD0, 0x5A, 0x39, 0xA5, 0x3A, 0xA5, 0x0C, 0x21, 0x32, 0x63, 0xF8, 0x9C, 0xB8, 0x94,
    0x2B, 0x08, 0x0B, 0x21, 0x5A, 0xAD, 0x6D, 0x29, 0x19, 0xA5, 0x52, 0x6B, 0x97, 0x94, 0x2F, 0x42,
    0x19, 0xA5, 0x15, 0x7C, 0x35, 0x84, 0x12, 0x63, 0x2F, 0x42, 0x32, 0x63, 0xF8, 0x9C, 0xB8, 0x94,
    0x2A, 0x08, 0x0C, 0x21, 0x5A, 0xAD, 0x6D, 0x29, 0xF9, 0x9C, 0x11, 0x63, 0xF8, 0x9C, 0x2F, 0x42,
    0x19, 0xA5, 0x0F, 0x42, 0xB7, 0x94, 0x6B, 0x10, 0x4B, 0x08, 0x2C, 0x21, 0x19, 0xA5, 0x4A, 0x08,
    0x56, 0x84, 0x12, 0x63, 0xB4, 0x73, 0xF4, 0x7B, 0x4D, 0x08, 0x4B, 0x08, 0xD0, 0x5A, 0xF8, 0x9C,
    0x6B, 0x10, 0x2F, 0x42, 0xF9, 0x9C, 0xCE, 0x39, 0xF9, 0x9C, 0xF1, 0x5A, 0x3A, 0xA5, 0x6D, 0x29,
    0x39, 0xA5, 0xAE, 0x39, 0x2C, 0x08, 0xCC, 0x18, 0xF8, 0x9C, 0x11, 0x5B, 0x97, 0x94, 0x2F, 0x42,
    0x19, 0xA5, 0xD1, 0x5A, 0x76, 0x8C, 0x6B, 0x10, 0x4B, 0x08, 0x2C, 0x21, 0x19, 0xA5, 0x4A, 0x08,
    0x36, 0x84, 0xF5, 0x7B, 0x11, 0x63, 0xEE, 0x39, 0x73, 0x6B, 0xF9, 0x9C, 0x97, 0x8C, 0x72, 0x6B,
    0x35, 0x84, 0xAC, 0x18, 0x5A, 0xA5, 0xF1, 0x5A, 0xB7, 0x94, 0xD1, 0x5A, 0xB7, 0x94, 0x97, 0x8C,
    0xF1, 0x5A, 0x76, 0x8C, 0xB0, 0x52, 0x4E, 0x08, 0x2B, 0x08, 0x07, 0x00, 0xB3, 0x18, 0x8F, 0x10,
    0x08, 0x00, 0x81, 0x6C, 0x10, 0x40, 0xB4, 0x73, 0xCE, 0x39, 0xF8, 0x9C, 0xB0, 0x52, 0x4B, 0x08,
    0xF0, 0x5A, 0x5A, 0xAD, 0x19, 0x9D, 0xF4, 0x7B, 0x0F, 0x42, 0xD8, 0x9C, 0x73, 0x6B, 0x19, 0x9D,
    0x19, 0xA5, 0x0F, 0x42, 0x6C, 0x10, 0x8B, 0x10, 0x19, 0x9D, 0xD4, 0x7B, 0x15, 0x84, 0xB3, 0x73,
    0x15, 0x84, 0x52, 0x6B, 0xF9, 0x9C, 0x56, 0x8C, 0x39, 0xA5, 0xCD, 0x39, 0xF9, 0x9C, 0x2E, 0x42,
    0x19, 0xA5, 0xD0, 0x5A, 0x76, 0x8C, 0x77, 0x8C, 0xD4, 0x73, 0x56, 0x84, 0xD8, 0x9C, 0x36, 0x84,
    0x4C, 0x08, 0x8B, 0x10, 0x97, 0x8C, 0xD8, 0x9C, 0x5A, 0xA5, 0xCD, 0x39, 0x97, 0x94, 0xD8, 0x9C,
    0x93, 0x73, 0xCE, 0x39, 0xF8, 0x9C, 0xD8, 0x9C, 0x31, 0x63, 0x56, 0x84, 0xD8, 0x9C, 0x36, 0x84,
    0x4B, 0x08, 0x6A, 0x10, 0x15, 0x84, 0xD8, 0x9C, 0x56, 0x84, 0x0C, 0x21, 0xF8, 0x9C, 0xB7, 0x94,
    0x19, 0xA5, 0x4C, 0x29, 0x3A, 0xA5, 0x52, 0x6B, 0x81, 0x6B, 0x10, 0x02, 0xD8, 0x9C, 0x56, 0x84,
    0x4F, 0x4A, 0x81, 0xF9, 0x9C, 0x00, 0x0E, 0x42, 0x81, 0x4C, 0x08, 0x14, 0xD1, 0x5A, 0xF8, 0x9C,
    0x6B, 0x10, 0x2F, 0x42, 0xF8, 0x9C, 0x6C, 0x10, 0xF9, 0x9C, 0xF1, 0x5A, 0x7A, 0xAD, 0xF9, 0x9C,
    0xD8, 0x94, 0x6A, 0x10, 0x4B, 0x08, 0xED, 0x18, 0xF8, 0x9C, 0x2C, 0x21, 0x97, 0x94, 0xD8, 0x9C,
    0x93, 0x73, 0xD0, 0x5A, 0x76, 0x8C, 0x82, 0x6B, 0x10, 0x02, 0xD8, 0x9C, 0x56, 0x84, 0x4F, 0x42,
    0x81, 0xF8, 0x9C, 0x15, 0xB0, 0x52, 0x76, 0x8C, 0xD8, 0x9C, 0xF5, 0x7B, 0xB0, 0x52, 0x39, 0xA5,
    0xD0, 0x5A, 0x5A, 0xA5, 0xF1, 0x5A, 0xB7, 0x94, 0xD0, 0x5A, 0xB7, 0x94, 0x12, 0x63, 0x19, 0xA5,
    0x19, 0x9D, 0x90, 0x4A, 0x6C, 0x10, 0x2B, 0x00, 0x08, 0x00, 0xD3, 0x18, 0x8E, 0x10, 0x08, 0x00,
    0x82, 0x6C, 0x10, 0x02, 0x6B, 0x10, 0x6C, 0x10, 0x6D, 0x08, 0x83, 0x4C, 0x08, 0x0B, 0x4B, 0x10,
    0x6B, 0x10, 0x6C, 0x10, 0x32, 0x63, 0xB7, 0x94, 0xD8, 0x9C, 0x6C, 0x10, 0x6D, 0x10, 0x6C, 0x10,
    0x6B, 0x10, 0x6C, 0x10, 0x6D, 0x08, 0x81, 0x4C, 0x08, 0x81, 0x4B, 0x08, 0x00, 0x4C, 0x08, 0x82,
    0x6C, 0x10, 0x00, 0x6B, 0x10, 0x85, 0x6C, 0x10, 0x09, 0x6B, 0x10, 0x6C, 0x10, 0x4C, 0x08, 0x4B,
    0x08, 0x77, 0x8C, 0xB8, 0x94, 0x56, 0x8C, 0x6C, 0x10, 0x6B, 0x10, 0x6C, 0x10, 0x81, 0x6B, 0x10,
    0x00, 0x6C, 0x10, 0x83, 0x6B, 0x10, 0x01, 0x4C, 0x10, 0x4C, 0x08, 0x81, 0x4B, 0x08, 0x81, 0x4D,
    0x08, 0x00, 0x6C, 0x10, 0x81, 0x6B, 0x10, 0x81, 0x6C, 0x10, 0x01, 0x6B, 0x10, 0x6C, 0x10, 0x81,
    0x6B, 0x10, 0x00, 0x6C, 0x10, 0x81, 0x4C, 0x08, 0x81, 0x4B, 0x08, 0x01, 0x4B, 0x10, 0x6B, 0x10,
    0x82, 0x6C, 0x10, 0x00, 0x6D, 0x10, 0x81, 0x6C, 0x10, 0x83, 0x6B, 0x10, 0x01, 0x4C, 0x10, 0x4C,
    0x08, 0x81, 0x4B, 0x08, 0x81, 0x4D, 0x08, 0x00, 0x6C, 0x10, 0x81, 0x6B, 0x10, 0x81, 0x6C, 0x10,
    0x01, 0x6B, 0x10, 0x6C, 0x10, 0x81, 0x6B, 0x10, 0x00, 0x6C, 0x10, 0x81, 0x4C, 0x08, 0x81, 0x4B,
    0x08, 0x01, 0x4B, 0x10, 0x6B, 0x10, 0x82, 0x6C, 0x10, 0x00, 0x6D, 0x10, 0x81, 0x6C, 0x10, 0x00,
    0x6B, 0x10, 0x81, 0x6C, 0x10, 0x0F, 0x6B, 0x10, 0xB0, 0x52, 0xB7, 0x94, 0xF9, 0x9C, 0x0C, 0x21,
    0x6D, 0x10, 0x2A, 0x00, 0x09, 0x00, 0xD2, 0x18, 0x8E, 0x10, 0x29, 0x00, 0x6B, 0x10, 0x6D, 0x10,
    0x6C, 0x10, 0x6B, 0x10, 0x6C, 0x10, 0x83, 0x6D, 0x10, 0x01, 0x6E, 0x10, 0x6D, 0x10, 0x81, 0x6C,
    0x10, 0x83, 0x6B, 0x10, 0x84, 0x6C, 0x10, 0x01, 0x6D, 0x10, 0x6E, 0x10, 0x81, 0x6D, 0x10, 0x81,
    0x6C, 0x10, 0x01, 0x6D, 0x10, 0x6C, 0x10, 0x81, 0x6B, 0x10, 0x84, 0x6C, 0x10, 0x05, 0x6B, 0x10,
    0x6C, 0x10, 0x6D, 0x10, 0x6C, 0x10, 0x6B, 0x10, 0x6C, 0x10, 0x82, 0x6D, 0x10, 0x81, 0x6E, 0x10,
    0x81, 0x6C, 0x10, 0x82, 0x6B, 0x10, 0x85, 0x6C, 0x10, 0x04, 0x6D, 0x10, 0x6E, 0x10, 0x6D, 0x10,
    0x6C, 0x10, 0x6D, 0x10, 0x81, 0x6C, 0x10, 0x00, 0x6D, 0x10, 0x81, 0x6B, 0x10, 0x86, 0x6C, 0x10,
    0x05, 0x6D, 0x10, 0x6C, 0x10, 0x6B, 0x10, 0x6D, 0x10, 0x6E, 0x10, 0x6D, 0x10, 0x82, 0x6B, 0x10,
    0x85, 0x6C, 0x10, 0x04, 0x6D, 0x10, 0x6E, 0x10, 0x6D, 0x10, 0x6C, 0x10, 0x6D, 0x10, 0x81, 0x6C,
    0x10, 0x00, 0x6D, 0x10, 0x81, 0x6B, 0x10, 0x86, 0x6C, 0x10, 0x04, 0x6D, 0x10, 0x6C, 0x10, 0x6B,
    0x10, 0x6D, 0x10, 0x6E, 0x10, 0x81, 0x6D, 0x10, 0x81, 0x6E, 0x10, 0x00, 0x6D, 0x10, 0x82, 0x6C,
    0x10, 0x08, 0x6B, 0x10, 0x8F, 0x10, 0x28, 0x00, 0x07, 0x00, 0xD2, 0x18, 0x8E, 0x10, 0x2A, 0x08,
    0x6B, 0x10, 0x4C, 0x10, 0x83, 0x6C, 0x10, 0x00, 0x8C, 0x10, 0x84, 0x8D, 0x10, 0x01, 0x6C, 0x10,
    0x6D, 0x10, 0x81, 0x6C, 0x10, 0x02, 0x4D, 0x08, 0x6C, 0x10, 0x6B, 0x10, 0x82, 0x6C, 0x10, 0x00,
    0x8C, 0x10, 0x83, 0x8D, 0x10, 0x02, 0x8C, 0x10, 0x6C, 0x10, 0x6D, 0x10, 0x81, 0x6C, 0x10, 0x00,
    0x4D, 0x08, 0x84, 0x6C, 0x10, 0x85, 0x8C, 0x10, 0x82, 0x6D, 0x10, 0x03, 0x6E, 0x10, 0x4D, 0x08,
    0x4C, 0x10, 0x6D, 0x10, 0x81, 0x6C, 0x10, 0x01, 0x6D, 0x10, 0x8D, 0x10, 0x84, 0x8C, 0x10, 0x01,
    0x6D, 0x10, 0x6E, 0x10, 0x81, 0x6D, 0x10, 0x81, 0x6B, 0x10, 0x81, 0x6D, 0x10, 0x01, 0x6C, 0x10,
    0x6D, 0x10, 0x85, 0x8C, 0x10, 0x82, 0x6C, 0x10, 0x03, 0x6B, 0x10, 0x6C, 0x10, 0x4D, 0x08, 0x6D,
    0x10, 0x81, 0x6C, 0x10, 0x01, 0x6D, 0x10, 0x8D, 0x10, 0x84, 0x8C, 0x10, 0x01, 0x6D, 0x10, 0x6E,
    0x10, 0x81, 0x6D, 0x10, 0x81, 0x6B, 0x10, 0x81, 0x6D, 0x10, 0x01, 0x6C, 0x10, 0x6D, 0x10, 0x85,
    0x8C, 0x10, 0x82, 0x6C, 0x10, 0x02, 0x6B, 0x10, 0x6C, 0x10, 0x4D, 0x08, 0x83, 0x6D, 0x10, 0x82,
    0x8D, 0x10, 0x06, 0x8C, 0x10, 0xB0, 0x18, 0x09, 0x00, 0x07, 0x00, 0xD1, 0x18, 0x8D, 0x10, 0x2A,
    0x08, 0x81, 0x4B, 0x08, 0x05, 0x5A, 0xA5, 0x5A, 0xAD, 0xB7, 0x94, 0x15, 0x84, 0xB4, 0x73, 0x8C,
    0x10, 0x81, 0xAD, 0x18, 0x00, 0x8C, 0x10, 0x81, 0x8D, 0x10, 0x02, 0x6C, 0x10, 0x6D, 0x10, 0x4D,
    0x08, 0x81, 0x4E, 0x08, 0x81, 0x6B, 0x10, 0x00, 0x6D, 0x10, 0x82, 0x8C, 0x10, 0x81, 0xAD, 0x18,
    0x81, 0x8D, 0x10, 0x00, 0x8C, 0x10, 0x81, 0x6D, 0x10, 0x02, 0x4C, 0x10, 0x4C, 0x08, 0x4B, 0x08,
    0x81, 0x6B, 0x10, 0x00, 0x6C, 0x10, 0x82, 0x8C, 0x10, 0x81, 0xAD, 0x18, 0x02, 0xF5, 0x7B, 0xB4,
    0x73, 0x8C, 0x10, 0x81, 0x6C, 0x10, 0x03, 0x6B, 0x10, 0x4D, 0x08, 0x90, 0x52, 0x77, 0x8C, 0x81,
    0x6D, 0x10, 0x02, 0x8D, 0x10, 0xB4, 0x73, 0xD5, 0x7B, 0x81, 0xAD, 0x18, 0x00, 0x8D, 0x10, 0x81,
    0x8C, 0x10, 0x81, 0x6C, 0x10, 0x05, 0x4D, 0x08, 0x4C, 0x08, 0x4B, 0x08, 0x6D, 0x08, 0x6D, 0x10,
    0x6C, 0x10, 0x82, 0x8C, 0x10, 0x81, 0xAD, 0x18, 0x00, 0x8D, 0x10, 0x81, 0x8C, 0x10, 0x02, 0x6C,
    0x10, 0x6D, 0x10, 0x6B, 0x10, 0x81, 0x4B, 0x08, 0x05, 0x4C, 0x10, 0xB7, 0x94, 0x32, 0x63, 0xCF,
    0x39, 0xF8, 0x9C, 0x8D, 0x10, 0x81, 0xAD, 0x18, 0x00, 0x8D, 0x10, 0x81, 0x8C, 0x10, 0x81, 0x6C,
    0x10, 0x05, 0x4D, 0x08, 0x4C, 0x08, 0x4B, 0x08, 0x6D, 0x08, 0x0F, 0x42, 0xD8, 0x9C, 0x82, 0x8C,
    0x10, 0x81, 0xAD, 0x18, 0x00, 0x8D, 0x10, 0x81, 0x8C, 0x10, 0x02, 0x6C, 0x10, 0xEE, 0x18, 0x5A,
    0xA5, 0x81, 0x4B, 0x08, 0x82, 0x6C, 0x10, 0x82, 0x8D, 0x10, 0x81, 0xAD, 0x18, 0x00, 0xD1, 0x20,
    0x81, 0x09, 0x00, 0x2B, 0xD1, 0x18, 0x8C, 0x10, 0x4C, 0x08, 0x2C, 0x08, 0x4B, 0x08, 0xB4, 0x73,
    0x36, 0x84, 0x8C, 0x10, 0x16, 0x84, 0xB8, 0x94, 0x39, 0xA5, 0x2E, 0x29, 0x53, 0x6B, 0x39, 0xA5,
    0x15, 0x84, 0xAC, 0x10, 0x8C, 0x10, 0x4F, 0x4A, 0x39, 0xA5, 0x19, 0xA5, 0x91, 0x52, 0x97, 0x8C,
    0x3A, 0xA5, 0xF5, 0x7B, 0xAF, 0x39, 0x5A, 0xA5, 0xF8, 0x9C, 0x56, 0x8C, 0x19, 0x9D, 0x94, 0x6B,
    0xCD, 0x18, 0x56, 0x8C, 0x39, 0xA5, 0xF1, 0x5A, 0x4C, 0x08, 0x6C, 0x08, 0xD8, 0x94, 0x3A, 0xA5,
    0xB3, 0x73, 0xEF, 0x39, 0x3A, 0xA5, 0xF9, 0x9C, 0x36, 0x84, 0x6E, 0x29, 0x81, 0x19, 0xA5, 0x13,
    0xB4, 0x73, 0x8D, 0x10, 0xAC, 0x18, 0x56, 0x8C, 0x19, 0xA5, 0x5A, 0xA5, 0x6F, 0x4A, 0x97, 0x8C,
    0x39, 0xA5, 0xAD, 0x31, 0xF8, 0x9C, 0x16, 0x84, 0x15, 0x7C, 0x7A, 0xAD, 0xD8, 0x9C, 0xB8, 0x94,
    0x0E, 0x21, 0xB7, 0x94, 0x19, 0xA5, 0xB8, 0x94, 0x81, 0x4B, 0x08, 0x22, 0x35, 0x84, 0x3A, 0xA5,
    0x93, 0x73, 0xD1, 0x5A, 0x19, 0xA5, 0x77, 0x8C, 0x4E, 0x29, 0x7A, 0xAD, 0xD8, 0x9C, 0x77, 0x8C,
    0xB8, 0x94, 0x16, 0x84, 0xAC, 0x18, 0xF5, 0x7B, 0x3A, 0xA5, 0x52, 0x6B, 0x2D, 0x08, 0x4C, 0x08,
    0x3A, 0xA5, 0x5A, 0xAD, 0xF1, 0x5A, 0x19, 0xA5, 0x53, 0x6B, 0xF8, 0x9C, 0x5A, 0xA5, 0x50, 0x4A,
    0xB4, 0x73, 0x39, 0xA5, 0x36, 0x84, 0x6C, 0x10, 0xAB, 0x18, 0xF9, 0x9C, 0x3A, 0xA5, 0x72, 0x6B,
    0x0E, 0x42, 0x81, 0x19, 0x9D, 0x0F, 0xD4, 0x73, 0xCF, 0x39, 0x19, 0x9D, 0xF9, 0x9C, 0xAF, 0x31,
    0xD8, 0x94, 0xF1, 0x5A, 0x97, 0x94, 0xD5, 0x73, 0x7A, 0xAD, 0x3A, 0xA5, 0xCD, 0x18, 0x4B, 0x08,
    0x6B, 0x10, 0x8B, 0x10, 0x8C, 0x10, 0x81, 0xAD, 0x18, 0x81, 0xCD, 0x18, 0x05, 0xF2, 0x20, 0x06,
    0x00, 0x09, 0x00, 0xD1, 0x20, 0x8D, 0x10, 0x4B, 0x08, 0x81, 0x2D, 0x08, 0x7F, 0xB4, 0x73, 0x36,
    0x84, 0x8D, 0x10, 0x16, 0x84, 0xB5, 0x73, 0x56, 0x8C, 0x73, 0x6B, 0x5A, 0xAD, 0x3A, 0xA5, 0x7A,
    0xAD, 0xCE, 0x39, 0x8D, 0x10, 0x77, 0x8C, 0x32, 0x63, 0x76, 0x8C, 0xB0, 0x52, 0x33, 0x63, 0xB8,
    0x94, 0x3A, 0xA5, 0xB0, 0x39, 0x19, 0xA5, 0x50, 0x4A, 0x5A, 0xA5, 0x8F, 0x31, 0xF9, 0x9C, 0x32,
    0x63, 0x5A, 0xAD, 0x5A, 0xA5, 0xD8, 0x94, 0x6C, 0x08, 0x4B, 0x08, 0x73, 0x6B, 0xD8, 0x94, 0x3A,
    0xA5, 0xEF, 0x39, 0xF9, 0x9C, 0x91, 0x4A, 0x19, 0xA5, 0xF5, 0x7B, 0xB4, 0x73, 0xF5, 0x7B, 0xB4,
    0x73, 0x8E, 0x10, 0xB2, 0x52, 0xF9, 0x9C, 0x2F, 0x42, 0x5A, 0xA5, 0x6F, 0x4A, 0x97, 0x8C, 0x97,
    0x94, 0xD4, 0x7B, 0xD8, 0x9C, 0xD4, 0x73, 0x15, 0x84, 0x5A, 0xAD, 0xAF, 0x39, 0x39, 0xA5, 0xB5,
    0x73, 0x77, 0x8C, 0x11, 0x63, 0xB8, 0x94, 0x4C, 0x08, 0xEB, 0x18, 0x5A, 0xAD, 0x97, 0x94, 0x4F,
    0x4A, 0xD8, 0x9C, 0xB0, 0x52, 0x77, 0x8C, 0x53, 0x63, 0x5A, 0xAD, 0xAF, 0x39, 0x3A, 0xA5, 0xEF,
    0x39, 0x19, 0xA5, 0x90, 0x52, 0x5A, 0xAD, 0x3A, 0xA5, 0x5A, 0xA5, 0xAE, 0x10, 0x4D, 0x08, 0xB8,
    0x94, 0x32, 0x63, 0xCE, 0x39, 0x19, 0xA5, 0x53, 0x6B, 0x36, 0x84, 0x53, 0x63, 0x36, 0x84, 0xF9,
    0x9C, 0xD8, 0x94, 0xF1, 0x5A, 0x6E, 0x10, 0x6C, 0x10, 0x93, 0x73, 0xD8, 0x94, 0x39, 0xA5, 0x0F,
    0x42, 0xD8, 0x9C, 0x70, 0x4A, 0x19, 0x9D, 0x36, 0x84, 0x53, 0x6B, 0xD5, 0x7B, 0xF5, 0x7B, 0xD8,
    0x94, 0xF2, 0x5A, 0x97, 0x94, 0xD1, 0x5A, 0x5A, 0xA5, 0xCC, 0x18, 0x4E, 0x08, 0x4F, 0x08, 0x6E,
    0x10, 0x8C, 0x10, 0xAC, 0x18, 0xAD, 0x18, 0xCD, 0x18, 0xCE, 0x18, 0xCD, 0x18, 0x12, 0x21, 0x06,
    0x00, 0x08, 0x00, 0x13, 0x21, 0xAE, 0x18, 0x4B, 0x08, 0x6C, 0x08, 0x4C, 0x08, 0x26, 0xB4, 0x73,
    0x35, 0x84, 0x8D, 0x10, 0x36, 0x84, 0xB4, 0x73, 0x16, 0x84, 0x73, 0x6B, 0x5A, 0xA5, 0xB4, 0x73,
    0x36, 0x84, 0x6E, 0x29, 0x8D, 0x10, 0x36, 0x84, 0x97, 0x8C, 0xF9, 0x9C, 0xB0, 0x52, 0x3A, 0xA5,
    0x93, 0x73, 0x3A, 0xA5, 0xAF, 0x39, 0x19, 0xA5, 0x10, 0x42, 0x5A, 0xA5, 0x0E, 0x21, 0x19, 0x9D,
    0x71, 0x52, 0x19, 0xA5, 0x73, 0x6B, 0xF5, 0x7B, 0x6D, 0x10, 0x0D, 0x21, 0x5A, 0xAD, 0x73, 0x6B,
    0x3A, 0xA5, 0xEF, 0x39, 0xF9, 0x9C, 0x30, 0x42, 0x19, 0xA5, 0x94, 0x73, 0x81, 0x97, 0x8C, 0x49,
    0xB4, 0x73, 0xAE, 0x18, 0x51, 0x4A, 0x3A, 0xA5, 0xD5, 0x7B, 0x5A, 0xA5, 0x6F, 0x4A, 0x97, 0x8C,
    0xD2, 0x5A, 0x5A, 0xAD, 0xD4, 0x7B, 0xD4, 0x73, 0x15, 0x84, 0x5A, 0xAD, 0x6E, 0x29, 0x39, 0xA5,
    0x73, 0x6B, 0x19, 0x9D, 0x36, 0x84, 0xB8, 0x94, 0x6D, 0x10, 0xED, 0x20, 0xD5, 0x7B, 0x35, 0x84,
    0x77, 0x8C, 0x97, 0x94, 0x15, 0x7C, 0x19, 0x9D, 0x71, 0x4A, 0x5A, 0xAD, 0x6E, 0x29, 0x3A, 0xA5,
    0x8F, 0x31, 0x19, 0xA5, 0x0E, 0x42, 0x3A, 0xA5, 0x73, 0x6B, 0x77, 0x8C, 0x8D, 0x10, 0x6D, 0x10,
    0x97, 0x94, 0xF5, 0x7B, 0x0F, 0x42, 0x19, 0xA5, 0x53, 0x6B, 0xB8, 0x94, 0xB7, 0x94, 0x94, 0x73,
    0xD5, 0x7B, 0xF5, 0x7B, 0xD8, 0x9C, 0x8D, 0x10, 0xCF, 0x39, 0x5A, 0xAD, 0x54, 0x6B, 0x39, 0xA5,
    0x0F, 0x42, 0x19, 0x9D, 0xF5, 0x7B, 0xD8, 0x9C, 0x94, 0x73, 0x97, 0x8C, 0xD8, 0x94, 0x33, 0x63,
    0xB8, 0x94, 0x15, 0x84, 0x19, 0x9D, 0xB1, 0x52, 0x5A, 0xAD, 0xD1, 0x52, 0x8D, 0x10, 0x6E, 0x10,
    0x8E, 0x10, 0x8D, 0x10, 0x82, 0xAD, 0x18, 0x81, 0xCE, 0x18, 0x24, 0x12, 0x21, 0x07, 0x00, 0x08,
    0x00, 0x34, 0x29, 0xD0, 0x18, 0x4A, 0x08, 0x8C, 0x10, 0x8E, 0x10, 0x2F, 0x42, 0x70, 0x4A, 0xAD,
    0x18, 0x70, 0x4A, 0x30, 0x42, 0x71, 0x4A, 0x10, 0x42, 0xF0, 0x39, 0x33, 0x63, 0xF2, 0x5A, 0xED,
    0x18, 0xAD, 0x18, 0x70, 0x4A, 0x36, 0x84, 0x39, 0xA5, 0xEF, 0x39, 0xB1, 0x52, 0xD1, 0x5A, 0x12,
    0x63, 0x2D, 0x21, 0x13, 0x63, 0x4E, 0x29, 0x33, 0x63, 0xCD, 0x18, 0x12, 0x63, 0xAD, 0x18, 0x91,
    0x52, 0x32, 0x63, 0x70, 0x4A, 0x81, 0x8D, 0x10, 0x81, 0xD1, 0x5A, 0x08, 0x12, 0x63, 0x2E, 0x29,
    0xF2, 0x5A, 0x4F, 0x29, 0x12, 0x63, 0x0D, 0x21, 0x33, 0x63, 0xF2, 0x5A, 0x2F, 0x42, 0x81, 0xAD,
    0x18, 0x22, 0x16, 0x84, 0x77, 0x8C, 0x19, 0xA5, 0x6D, 0x29, 0xB0, 0x52, 0xAD, 0x18, 0x32, 0x63,
    0xAE, 0x39, 0x30, 0x4A, 0x71, 0x4A, 0x33, 0x63, 0x0D, 0x21, 0x12, 0x63, 0x4E, 0x29, 0x36, 0x84,
    0xB7, 0x94, 0x77, 0x8C, 0x8C, 0x10, 0xAC, 0x18, 0xF1, 0x5A, 0x12, 0x63, 0xAE, 0x31, 0x8F, 0x31,
    0x12, 0x63, 0xB1, 0x52, 0xEE, 0x20, 0x33, 0x63, 0x0E, 0x21, 0x33, 0x63, 0x0E, 0x21, 0x13, 0x63,
    0xAD, 0x18, 0x4F, 0x4A, 0x32, 0x63, 0xB0, 0x52, 0x81, 0x8C, 0x10, 0x1E, 0xEF, 0x39, 0x32, 0x63,
    0xCE, 0x39, 0x12, 0x63, 0x53, 0x6B, 0x97, 0x8C, 0x33, 0x63, 0x2D, 0x21, 0xD1, 0x5A, 0x33, 0x63,
    0x0F, 0x42, 0x8C, 0x10, 0xAC, 0x18, 0xF1, 0x5A, 0xB1, 0x52, 0x12, 0x63, 0x4D, 0x29, 0x12, 0x63,
    0x13, 0x63, 0xEF, 0x39, 0x2E, 0x21, 0x13, 0x63, 0xF2, 0x62, 0x0D, 0x21, 0x30, 0x42, 0x13, 0x63,
    0x12, 0x5B, 0x8E, 0x31, 0x90, 0x52, 0x11, 0x63, 0xAC, 0x18, 0x81, 0x8D, 0x10, 0x00, 0xAE, 0x18,
    0x81, 0xAD, 0x18, 0x00, 0xCD, 0x18, 0x81, 0xCE, 0x18, 0x0A, 0x11, 0x21, 0x28, 0x00, 0x08, 0x00,
    0x55, 0x31, 0xF0, 0x20, 0x2A, 0x08, 0xAD, 0x18, 0xAF, 0x10, 0xAF, 0x18, 0xAD, 0x18, 0xAE, 0x18,
    0x81, 0xAD, 0x18, 0x00, 0xCD, 0x18, 0x82, 0xCE, 0x18, 0x81, 0xAE, 0x18, 0x05, 0xAD, 0x18, 0x0F,
    0x42, 0xB4, 0x73, 0x52, 0x63, 0xCC, 0x18, 0xAC, 0x18, 0x82, 0xAD, 0x18, 0x02, 0xAE, 0x18, 0xCF,
    0x18, 0xCE, 0x18, 0x81, 0xCD, 0x18, 0x81, 0xAD, 0x18, 0x00, 0xAE, 0x18, 0x84, 0xAD, 0x18, 0x81,
    0xAE, 0x18, 0x02, 0xAD, 0x18, 0xAE, 0x18, 0xCF, 0x18, 0x81, 0xCD, 0x18, 0x00, 0xCE, 0x18, 0x82,
    0xAD, 0x18, 0x04, 0x94, 0x6B, 0x94, 0x73, 0xD0, 0x39, 0xAE, 0x18, 0xAC, 0x18, 0x83, 0xAD, 0x18,
    0x83, 0xCD, 0x18, 0x00, 0xAD, 0x18, 0x81, 0x94, 0x73, 0x04, 0x8F, 0x31, 0xAD, 0x18, 0xAC, 0x18,
    0xAD, 0x18, 0xAE, 0x18, 0x82, 0xAD, 0x18, 0x00, 0xAE, 0x18, 0x82, 0xCE, 0x18, 0x05, 0xCD, 0x18,
    0xAE, 0x18, 0xAF, 0x18, 0xAE, 0x18, 0xAD, 0x18, 0xAE, 0x18, 0x81, 0xAD, 0x18, 0x00, 0xAC, 0x18,
    0x83, 0xAD, 0x18, 0x01, 0x50, 0x4A, 0xF2, 0x5A, 0x81, 0xCD, 0x18, 0x07, 0xAD, 0x18, 0xAE, 0x18,
    0xAF, 0x18, 0xAE, 0x18, 0xAD, 0x18, 0xAC, 0x18, 0xAD, 0x18, 0xAE, 0x18, 0x82, 0xAD, 0x18, 0x00,
    0xAE, 0x18, 0x82, 0xCE, 0x18, 0x05, 0xCD, 0x18, 0xAE, 0x18, 0xAF, 0x18, 0xAE, 0x18, 0xAD, 0x18,
    0xAE, 0x18, 0x83, 0xAD, 0x18, 0x02, 0xAE, 0x18, 0xAF, 0x18, 0xAE, 0x18, 0x82, 0xCD, 0x18, 0x05,
    0x11, 0x21, 0x28, 0x08, 0x07, 0x00, 0x96, 0x31, 0x11, 0x21, 0x29, 0x08, 0x81, 0xCD, 0x18, 0x81,
    0xCE, 0x18, 0x81, 0xCF, 0x18, 0x82, 0xAE, 0x18, 0x03, 0xAD, 0x18, 0xAE, 0x18, 0xAF, 0x18, 0xCF,
    0x18, 0x81, 0xCD, 0x18, 0x81, 0xCE, 0x18, 0x85, 0xCD, 0x18, 0x00, 0xAE, 0x18, 0x81, 0xAF, 0x18,
    0x00, 0xAD, 0x18, 0x85, 0xCD, 0x18, 0x83, 0xCE, 0x18, 0x81, 0xCD, 0x18, 0x83, 0xAF, 0x18, 0x00,
    0xAE, 0x18, 0x81, 0xCE, 0x18, 0x00, 0xCD, 0x18, 0x81, 0xCE, 0x18, 0x03, 0xCF, 0x18, 0xCE, 0x18,
    0xCD, 0x18, 0xCE, 0x18, 0x81, 0xCD, 0x18, 0x83, 0xAD, 0x18, 0x01, 0xCD, 0x18, 0xCE, 0x18, 0x81,
    0xCF, 0x18, 0x00, 0xCE, 0x18, 0x86, 0xCD, 0x18, 0x00, 0xAD, 0x18, 0x81, 0xAE, 0x18, 0x01, 0xAD,
    0x18, 0xCD, 0x18, 0x82, 0xCE, 0x18, 0x05, 0xCF, 0x18, 0xCE, 0x18, 0xCF, 0x18, 0xCE, 0x18, 0xCD,
    0x18, 0xCE, 0x18, 0x81, 0xCD, 0x18, 0x83, 0xAD, 0x18, 0x01, 0xCD, 0x18, 0xCE, 0x18, 0x81, 0xCF,
    0x18, 0x00, 0xCE, 0x18, 0x86, 0xCD, 0x18, 0x00, 0xAD, 0x18, 0x81, 0xAE, 0x18, 0x01, 0xAD, 0x18,
    0xCD, 0x18, 0x82, 0xCE, 0x18, 0x04, 0xCF, 0x18, 0xCE, 0x18, 0xCF, 0x18, 0xCE, 0x18, 0xCD, 0x18,
    0x81, 0xCE, 0x18, 0x01, 0xAF, 0x18, 0xAE, 0x18, 0x81, 0xAD, 0x18, 0x05, 0x11, 0x21, 0x49, 0x08,
    0x07, 0x00, 0xB7, 0x39, 0x32, 0x29, 0x28, 0x00, 0x81, 0xEE, 0x20, 0x07, 0x13, 0x63, 0xAF, 0x39,
    0xCE, 0x18, 0x71, 0x4A, 0x30, 0x42, 0xAE, 0x18, 0xAD, 0x10, 0xAC, 0x18, 0x81, 0xAE, 0x18, 0x00,
    0xCF, 0x18, 0x81, 0xCE, 0x18, 0x03, 0xEF, 0x18, 0xF0, 0x20, 0xEF, 0x20, 0xEE, 0x18, 0x81, 0xCE,
    0x18, 0x04, 0xCD, 0x18, 0xAD, 0x18, 0xAC, 0x18, 0xAD, 0x10, 0xAF, 0x10, 0x81, 0xAD, 0x18, 0x00,
    0xCE, 0x18, 0x81, 0xCD, 0x18, 0x00, 0xEE, 0x18, 0x81, 0xEE, 0x20, 0x07, 0xEE, 0x18, 0xCF, 0x18,
    0xCE, 0x18, 0xCD, 0x18, 0xAC, 0x18, 0xB0, 0x52, 0x6E, 0x29, 0xAE, 0x10, 0x81, 0xAE, 0x18, 0x82,
    0xCE, 0x18, 0x04, 0xEE, 0x18, 0xEE, 0x20, 0xD0, 0x39, 0xD2, 0x5A, 0xCE, 0x18, 0x81, 0xCF, 0x18,
    0x03, 0xAF, 0x18, 0xAD, 0x18, 0xAD, 0x10, 0xAE, 0x10, 0x81, 0xAD, 0x18, 0x81, 0xCD, 0x18, 0x03,
    0xCF, 0x18, 0xB2, 0x52, 0x10, 0x42, 0xF2, 0x5A, 0x81, 0x53, 0x6B, 0x03, 0xF2, 0x5A, 0x2E, 0x29,
    0x12, 0x63, 0xAD, 0x18, 0x81, 0xAE, 0x10, 0x81, 0xAD, 0x18, 0x81, 0xCD, 0x18, 0x01, 0xCE, 0x18,
    0xEE, 0x18, 0x81, 0xEE, 0x20, 0x0D, 0x71, 0x4A, 0x50, 0x4A, 0x6F, 0x29, 0x13, 0x5B, 0xAF, 0x18,
    0x70, 0x4A, 0x12, 0x63, 0xCE, 0x18, 0xF1, 0x5A, 0x90, 0x4A, 0xB0, 0x52, 0x30, 0x42, 0xCF, 0x18,
    0xEF, 0x18, 0x81, 0xEE, 0x20, 0x00, 0xEE, 0x18, 0x82, 0xCD, 0x18, 0x81, 0x50, 0x4A, 0x01, 0x4F,
    0x29, 0xB1, 0x52, 0x81, 0xAD, 0x18, 0x81, 0xCD, 0x18, 0x01, 0xCE, 0x18, 0xEE, 0x18, 0x81, 0xEE,
    0x20, 0x0D, 0xEF, 0x18, 0xCE, 0x18, 0xCD, 0x18, 0xCE, 0x18, 0xAE, 0x18, 0xAF, 0x18, 0xAD, 0x10,
    0xAE, 0x10, 0xF1, 0x20, 0x4C, 0x08, 0x09, 0x00, 0xD8, 0x41, 0x53, 0x29, 0x07, 0x00, 0x81, 0x0F,
    0x21, 0x6C, 0x19, 0x9D, 0x94, 0x73, 0x4F, 0x29, 0x16, 0x84, 0xF5, 0x7B, 0x70, 0x4A, 0x8D, 0x10,
    0x8C, 0x10, 0x2F, 0x42, 0x70, 0x4A, 0x4E, 0x29, 0xED, 0x18, 0xEE, 0x20, 0x0F, 0x21, 0x11, 0x42,
    0x92, 0x52, 0xB2, 0x52, 0x0F, 0x21, 0xF1, 0x41, 0x91, 0x52, 0x0F, 0x42, 0xAC, 0x18, 0x4D, 0x29,
    0x51, 0x42, 0x71, 0x4A, 0xEF, 0x39, 0x71, 0x4A, 0x4E, 0x29, 0xEE, 0x20, 0xF0, 0x39, 0xB2, 0x52,
    0xD0, 0x39, 0x0E, 0x21, 0xEE, 0x20, 0xEE, 0x18, 0x4F, 0x29, 0x70, 0x4A, 0xB7, 0x94, 0x4F, 0x4A,
    0x8D, 0x10, 0x30, 0x42, 0x70, 0x4A, 0x4E, 0x29, 0xEE, 0x20, 0x30, 0x4A, 0x92, 0x52, 0x8F, 0x31,
    0x30, 0x42, 0x94, 0x6B, 0xEE, 0x20, 0x50, 0x4A, 0x71, 0x4A, 0x31, 0x42, 0xCF, 0x18, 0x71, 0x4A,
    0x51, 0x42, 0x2F, 0x42, 0xAD, 0x18, 0xCD, 0x18, 0xED, 0x18, 0xF0, 0x39, 0x3A, 0xA5, 0x0F, 0x21,
    0x33, 0x63, 0x97, 0x8C, 0xB8, 0x94, 0x53, 0x6B, 0xCF, 0x39, 0x39, 0xA5, 0x4F, 0x4A, 0x0F, 0x42,
    0x8D, 0x10, 0x6F, 0x29, 0x70, 0x4A, 0x0F, 0x42, 0xED, 0x18, 0xEE, 0x20, 0x0F, 0x21, 0x2F, 0x21,
    0x92, 0x52, 0x36, 0x84, 0xB5, 0x73, 0xAF, 0x31, 0xD5, 0x73, 0x70, 0x31, 0x5A, 0xAD, 0x16, 0x7C,
    0x51, 0x4A, 0x3A, 0xA5, 0xF2, 0x5A, 0x73, 0x6B, 0xB1, 0x52, 0x2F, 0x29, 0x72, 0x4A, 0x92, 0x52,
    0x2F, 0x21, 0x92, 0x52, 0x6E, 0x29, 0x50, 0x4A, 0x4E, 0x29, 0xB4, 0x73, 0xF5, 0x7B, 0xF1, 0x5A,
    0xD8, 0x9C, 0xD0, 0x39, 0xCF, 0x39, 0x0F, 0x42, 0x8E, 0x31, 0x51, 0x4A, 0x83, 0x0F, 0x21, 0x04,
    0xEE, 0x20, 0xEE, 0x18, 0xCE, 0x18, 0xAD, 0x18, 0xAC, 0x18, 0x81, 0x8C, 0x10, 0x05, 0xD0, 0x18,
    0x6D, 0x10, 0x0A, 0x00, 0x19, 0x42, 0x73, 0x31, 0x06, 0x00, 0x81, 0x30, 0x29, 0x3D, 0x19, 0xA5,
    0xB5, 0x73, 0x8F, 0x31, 0x15, 0x84, 0xD8, 0x9C, 0x19, 0xA5, 0xB1, 0x5A, 0x90, 0x4A, 0x97, 0x8C,
    0x77, 0x8C, 0xD4, 0x7B, 0xEE, 0x20, 0x0E, 0x21, 0xB0, 0x31, 0x7A, 0xAD, 0xD5, 0x73, 0x5A, 0xAD,
    0xB0, 0x31, 0x53, 0x6B, 0x94, 0x73, 0x3A, 0xA5, 0x8C, 0x10, 0xD0, 0x52, 0x19, 0x9D, 0xD8, 0x9C,
    0xB8, 0x94, 0xF9, 0x9C, 0x94, 0x73, 0xD0, 0x39, 0x3A, 0xA5, 0x54, 0x6B, 0x5A, 0xA5, 0x4F, 0x29,
    0x0F, 0x21, 0xEE, 0x20, 0x36, 0x84, 0xB8, 0x94, 0xF8, 0x9C, 0x4F, 0x4A, 0x90, 0x4A, 0x97, 0x8C,
    0x77, 0x8C, 0xD4, 0x7B, 0x91, 0x52, 0x19, 0xA5, 0x94, 0x6B, 0x13, 0x63, 0x92, 0x52, 0x98, 0x94,
    0x91, 0x52, 0x3A, 0xA5, 0x35, 0x84, 0xD8, 0x94, 0x2E, 0x21, 0x7A, 0xAD, 0xD4, 0x73, 0x5A, 0xAD,
    0xAF, 0x39, 0xCE, 0x18, 0xEE, 0x20, 0x33, 0x63, 0x56, 0x84, 0x81, 0x30, 0x29, 0x2D, 0xD5, 0x7B,
    0x36, 0x84, 0xEE, 0x20, 0xD0, 0x39, 0x5A, 0xAD, 0x56, 0x84, 0x5A, 0xAD, 0xCC, 0x18, 0x19, 0x9D,
    0x74, 0x6B, 0x39, 0xA5, 0x6E, 0x31, 0x0F, 0x21, 0x2F, 0x21, 0x13, 0x63, 0x19, 0x9D, 0xB8, 0x94,
    0xD5, 0x73, 0x0F, 0x42, 0xF9, 0x9C, 0xCE, 0x31, 0x5A, 0xAD, 0xF2, 0x5A, 0xD1, 0x52, 0x19, 0x9D,
    0xEF, 0x39, 0x77, 0x8C, 0x53, 0x6B, 0xD5, 0x7B, 0xD8, 0x94, 0x16, 0x84, 0x90, 0x31, 0x19, 0x9D,
    0x92, 0x52, 0xD8, 0x9C, 0x92, 0x52, 0xB4, 0x73, 0xF5, 0x7B, 0x12, 0x63, 0xD8, 0x9C, 0x0F, 0x42,
    0xB2, 0x52, 0xB8, 0x94, 0xD5, 0x7B, 0x15, 0x84, 0x2F, 0x21, 0x81, 0x30, 0x29, 0x05, 0x2F, 0x21,
    0x0F, 0x21, 0xEE, 0x20, 0xCE, 0x18, 0xAC, 0x18, 0x8C, 0x10, 0x81, 0x6B, 0x10, 0x05, 0xAC, 0x18,
    0x8B, 0x10, 0x09, 0x00, 0x39, 0x4A, 0x94, 0x31, 0x05, 0x00, 0x81, 0x50, 0x29, 0x1D, 0xF9, 0x9C,
    0xD3, 0x5A, 0xEE, 0x20, 0x15, 0x84, 0xB5, 0x73, 0x16, 0x84, 0x52, 0x63, 0xD5, 0x73, 0x36, 0x84,
    0x91, 0x52, 0x11, 0x42, 0xEF, 0x20, 0x0F, 0x21, 0x31, 0x42, 0x5A, 0xAD, 0x90, 0x31, 0x3A, 0xA5,
    0xB0, 0x39, 0xB8, 0x94, 0x16, 0x7C, 0x39, 0xA5, 0x8D, 0x10, 0xD0, 0x52, 0x76, 0x8C, 0xD5, 0x7B,
    0xD4, 0x73, 0x37, 0x84, 0xD4, 0x7B, 0x72, 0x4A, 0x39, 0xA5, 0x81, 0xD3, 0x5A, 0x1D, 0x50, 0x29,
    0x0F, 0x21, 0xEE, 0x20, 0xB7, 0x94, 0xB2, 0x52, 0x97, 0x8C, 0x31, 0x4A, 0xD4, 0x73, 0x35, 0x84,
    0x92, 0x52, 0x10, 0x42, 0x2E, 0x29, 0x16, 0x84, 0x3A, 0xA5, 0xB5, 0x73, 0x92, 0x52, 0x98, 0x94,
    0x74, 0x6B, 0x77, 0x8C, 0xF1, 0x5A, 0xD8, 0x94, 0x2C, 0x29, 0x5A, 0xAD, 0x2E, 0x21, 0x3A, 0xA5,
    0x10, 0x42, 0xCE, 0x18, 0xEE, 0x20, 0x74, 0x6B, 0xF6, 0x7B, 0x81, 0x50, 0x29, 0x1D, 0xD5, 0x7B,
    0x37, 0x84, 0xEE, 0x20, 0xD0, 0x39, 0x19, 0xA5, 0xAE, 0x31, 0x5A, 0xAD, 0xEC, 0x18, 0x3A, 0xA5,
    0x12, 0x63, 0xB2, 0x52, 0x50, 0x29, 0x0F, 0x21, 0x2F, 0x29, 0x37, 0x84, 0x74, 0x6B, 0xF6, 0x7B,
    0xD5, 0x7B, 0x10, 0x42, 0xF9, 0x9C, 0xED, 0x20, 0x5A, 0xA5, 0x6D, 0x10, 0xEE, 0x20, 0xD8, 0x9C,
    0xAE, 0x18, 0x77, 0x8C, 0x53, 0x6B, 0x77, 0x8C, 0x13, 0x63, 0x81, 0x50, 0x29, 0x0D, 0x19, 0x9D,
    0xB2, 0x52, 0xD8, 0x9C, 0x92, 0x52, 0xB4, 0x73, 0xF5, 0x7B, 0x0F, 0x42, 0x97, 0x94, 0x8C, 0x10,
    0xCE, 0x18, 0xF9, 0x9C, 0x19, 0xA5, 0xB0, 0x39, 0x2F, 0x29, 0x81, 0x50, 0x29, 0x0D, 0x30, 0x29,
    0x0F, 0x21, 0xEF, 0x20, 0xCF, 0x18, 0xAE, 0x18, 0x8E, 0x10, 0x6D, 0x10, 0x6B, 0x10, 0xAC, 0x18,
    0x8B, 0x10, 0x07, 0x00, 0x38, 0x4A, 0x94, 0x31, 0x26, 0x00, 0x81, 0x30, 0x29, 0x0A, 0xF6, 0x7B,
    0x19, 0xA5, 0x31, 0x42, 0x15, 0x84, 0xB4, 0x73, 0x16, 0x84, 0x53, 0x6B, 0x2D, 0x29, 0xB8, 0x94,
    0x19, 0x9D, 0x93, 0x6B, 0x81, 0x0F, 0x21, 0x13, 0x4F, 0x29, 0x98, 0x94, 0xF9, 0x9C, 0x5A, 0xAD,
    0x90, 0x31, 0x36, 0x84, 0xD8, 0x9C, 0x3A, 0xA5, 0xAE, 0x18, 0xD0, 0x5A, 0x76, 0x8C, 0xD6, 0x7B,
    0xD4, 0x73, 0x36, 0x84, 0xD5, 0x7B, 0x4F, 0x29, 0x16, 0x84, 0x19, 0x9D, 0xD8, 0x94, 0x70, 0x29,
    0x81, 0x0F, 0x21, 0x00, 0x53, 0x6B, 0x81, 0x19, 0x9D, 0x05, 0x51, 0x4A, 0x2F, 0x29, 0xB8, 0x94,
    0x19, 0x9D, 0x94, 0x6B, 0x71, 0x4A, 0x81, 0xF9, 0x9C, 0x0F, 0x52, 0x4A, 0x92, 0x52, 0x98, 0x94,
    0xB0, 0x31, 0xF8, 0x9C, 0xF9, 0x9C, 0xB8, 0x94, 0x4D, 0x29, 0x5A, 0xAD, 0x4E, 0x29, 0x3A, 0xA5,
    0x10, 0x42, 0xEE, 0x20, 0x0E, 0x21, 0xD2, 0x5A, 0xD8, 0x9C, 0x81, 0x30, 0x29, 0x2D, 0xD5, 0x7B,
    0x36, 0x84, 0x0E, 0x21, 0xCF, 0x39, 0x19, 0xA5, 0xCE, 0x39, 0x5A, 0xAD, 0x0D, 0x21, 0x73, 0x6B,
    0x19, 0x9D, 0xF8, 0x9C, 0x90, 0x31, 0x10, 0x21, 0x2F, 0x29, 0x31, 0x42, 0x39, 0xA5, 0xF9, 0x9C,
    0xD5, 0x7B, 0x10, 0x42, 0xF9, 0x9C, 0xED, 0x20, 0x5A, 0xA5, 0x8E, 0x10, 0x0E, 0x21, 0xD8, 0x9C,
    0xCE, 0x18, 0x77, 0x8C, 0x53, 0x6B, 0x92, 0x52, 0x19, 0x9D, 0xF9, 0x9C, 0x90, 0x31, 0x36, 0x84,
    0xF9, 0x9C, 0x39, 0xA5, 0x91, 0x52, 0xB4, 0x73, 0xF5, 0x7B, 0x4D, 0x29, 0x3A, 0xA5, 0x73, 0x6B,
    0xCD, 0x18, 0x16, 0x84, 0xB8, 0x94, 0x10, 0x21, 0x2F, 0x29, 0x82, 0x30, 0x29, 0x0C, 0x0F, 0x21,
    0x0E, 0x21, 0xEF, 0x20, 0xCE, 0x18, 0xAD, 0x18, 0x8E, 0x10, 0x8D, 0x10, 0xEF, 0x20, 0x8B, 0x10,
    0x07, 0x00, 0x37, 0x4A, 0x93, 0x31, 0x28, 0x08, 0x81, 0x2F, 0x29, 0x00, 0x2F, 0x21, 0x81, 0x0F,
    0x21, 0x01, 0xEF, 0x20, 0xEE, 0x20, 0x81, 0xCE, 0x18, 0x09, 0xCD, 0x18, 0xCE, 0x18, 0xEF, 0x20,
    0xEE, 0x20, 0x0E, 0x21, 0x0F, 0x21, 0x2F, 0x21, 0xB8, 0x94, 0xF8, 0x9C, 0x16, 0x84, 0x81, 0x0F,
    0x21, 0x81, 0xEE, 0x20, 0x05, 0xCE, 0x18, 0xCD, 0x18, 0xCE, 0x18, 0xCF, 0x18, 0xF0, 0x20, 0xEF,
    0x20, 0x81, 0x10, 0x21, 0x00, 0x2F, 0x21, 0x81, 0x2F, 0x29, 0x00, 0x2F, 0x21, 0x81, 0x0F, 0x21,
    0x02, 0xEF, 0x20, 0xEE, 0x20, 0xED, 0x18, 0x81, 0xCD, 0x18, 0x00, 0xCE, 0x18, 0x81, 0xEE, 0x20,
    0x81, 0x0F, 0x21, 0x07, 0x2F, 0x21, 0x30, 0x29, 0x2F, 0x29, 0x2F, 0x21, 0x0F, 0x21, 0xD8, 0x94,
    0xF9, 0x9C, 0x33, 0x63, 0x83, 0xCE, 0x18, 0x09, 0xEE, 0x20, 0xEF, 0x20, 0x0F, 0x21, 0x4F, 0x29,
    0xB8, 0x94, 0xB3, 0x52, 0x30, 0x29, 0x30, 0x21, 0x10, 0x21, 0x0F, 0x21, 0x81, 0xEE, 0x20, 0x01,
    0xED, 0x18, 0xCD, 0x18, 0x81, 0xCE, 0x18, 0x81, 0xEE, 0x20, 0x02, 0x0E, 0x21, 0x0F, 0x21, 0x2F,
    0x21, 0x81, 0x2F, 0x29, 0x04, 0x2F, 0x21, 0x0F, 0x21, 0x0E, 0x21, 0xEE, 0x20, 0xEF, 0x20, 0x83,
    0xCE, 0x18, 0x01, 0xEE, 0x20, 0xEF, 0x20, 0x81, 0x0F, 0x21, 0x00, 0x30, 0x21, 0x81, 0x30, 0x29,
    0x02, 0x30, 0x21, 0x10, 0x21, 0x0F, 0x21, 0x81, 0xEE, 0x20, 0x01, 0xED, 0x18, 0xCD, 0x18, 0x81,
    0xCE, 0x18, 0x04, 0xEE, 0x20, 0x97, 0x94, 0x74, 0x6B, 0x0F, 0x21, 0x2F, 0x21, 0x81, 0x2F, 0x29,
    0x02, 0x30, 0x21, 0x0F, 0x21, 0x0E, 0x21, 0x81, 0xEF, 0x20, 0x00, 0xEE, 0x18, 0x81, 0xCD, 0x18,
    0x05, 0x30, 0x29, 0x6C, 0x10, 0x08, 0x00, 0x37, 0x4A, 0x73, 0x31, 0x49, 0x08, 0x81, 0x30, 0x21,
    0x82, 0x0F, 0x21, 0x82, 0x10, 0x21, 0x02, 0xEF, 0x20, 0xEE, 0x20, 0x0E, 0x21, 0x84, 0x0F, 0x21,
    0x01, 0x2F, 0x21, 0x30, 0x21, 0x81, 0x0F, 0x21, 0x83, 0x0E, 0x21, 0x81, 0xEF, 0x20, 0x81, 0x0E,
    0x21, 0x81, 0x0F, 0x21, 0x03, 0x10, 0x21, 0x0F, 0x21, 0x30, 0x21, 0x2F, 0x21, 0x85, 0x0F, 0x21,
    0x81, 0xEE, 0x20, 0x00, 0x0F, 0x21, 0x81, 0x10, 0x21, 0x82, 0x0F, 0x21, 0x81, 0x30, 0x21, 0x85,
    0x0F, 0x21, 0x81, 0xEE, 0x20, 0x82, 0x0E, 0x21, 0x82, 0x0F, 0x21, 0x81, 0x2F, 0x21, 0x85, 0x0F,
    0x21, 0x81, 0xEE, 0x20, 0x01, 0x0E, 0x21, 0x10, 0x21, 0x82, 0x0F, 0x21, 0x00, 0x10, 0x21, 0x81,
    0x30, 0x21, 0x85, 0x0F, 0x21, 0x81, 0xEE, 0x20, 0x82, 0x0E, 0x21, 0x82, 0x0F, 0x21, 0x81, 0x2F,
    0x21, 0x85, 0x0F, 0x21, 0x81, 0xEE, 0x20, 0x01, 0x0E, 0x21, 0x10, 0x21, 0x82, 0x0F, 0x21, 0x00,
    0x10, 0x21, 0x81, 0x30, 0x21, 0x81, 0x0F, 0x21, 0x00, 0x0E, 0x21, 0x82, 0x0F, 0x21, 0x81, 0xEF,
    0x20, 0x05, 0x72, 0x29, 0x6A, 0x10, 0x08, 0x00, 0x17, 0x42, 0x72, 0x31, 0x69, 0x10, 0x85, 0x0F,
    0x21, 0x00, 0x2F, 0x21, 0x82, 0x30, 0x21, 0x81, 0x2F, 0x21, 0x83, 0x0F, 0x21, 0x81, 0x0E, 0x21,
    0x83, 0x0F, 0x21, 0x82, 0x2F, 0x21, 0x00, 0x30, 0x21, 0x81, 0x2F, 0x21, 0x82, 0x0F, 0x21, 0x81,
    0x0E, 0x21, 0x84, 0x0F, 0x21, 0x00, 0x2F, 0x21, 0x81, 0x30, 0x21, 0x82, 0x2F, 0x21, 0x00, 0x0F,
    0x21, 0x81, 0x10, 0x21, 0x01, 0x0F, 0x21, 0x0E, 0x21, 0x84, 0x0F, 0x21, 0x85, 0x2F, 0x21, 0x81,
    0x0F, 0x21, 0x01, 0x10, 0x21, 0x0F, 0x21, 0x81, 0x0E, 0x21, 0x83, 0x0F, 0x21, 0x81, 0x2F, 0x21,
    0x00, 0x30, 0x21, 0x82, 0x2F, 0x21, 0x81, 0x10, 0x21, 0x87, 0x0F, 0x21, 0x85, 0x2F, 0x21, 0x81,
    0x0F, 0x21, 0x01, 0x10, 0x21, 0x0F, 0x21, 0x81, 0x0E, 0x21, 0x83, 0x0F, 0x21, 0x81, 0x2F, 0x21,
    0x00, 0x30, 0x21, 0x82, 0x2F, 0x21, 0x81, 0x10, 0x21, 0x83, 0x0F, 0x21, 0x81, 0x10, 0x21, 0x81,
    0x0F, 0x21, 0x83, 0x2F, 0x21, 0x05, 0x94, 0x31, 0x69, 0x08, 0x07, 0x00, 0x16, 0x42, 0x52, 0x29,
    0x8B, 0x10, 0x81, 0xEE, 0x20, 0x00, 0xEF, 0x20, 0x81, 0x0F, 0x21, 0x01, 0x2F, 0x29, 0x30, 0x29,
    0x83, 0x50, 0x29, 0x81, 0x30, 0x29, 0x00, 0x0F, 0x21, 0x81, 0x0E, 0x21, 0x81, 0xEE, 0x20, 0x00,
    0x0E, 0x21, 0x81, 0x0F, 0x21, 0x81, 0x30, 0x29, 0x83, 0x50, 0x29, 0x81, 0x2F, 0x29, 0x81, 0x0F,
    0x21, 0x05, 0x33, 0x63, 0x16, 0x7C, 0xEE, 0x20, 0xEF, 0x20, 0xB5, 0x73, 0x16, 0x84, 0x81, 0x2F,
    0x29, 0x83, 0x50, 0x29, 0x01, 0x30, 0x29, 0x2F, 0x29, 0x81, 0x0F, 0x21, 0x00, 0xEF, 0x20, 0x81,
    0xEE, 0x20, 0x02, 0xEF, 0x20, 0x0F, 0x21, 0x2F, 0x21, 0x81, 0x30, 0x29, 0x83, 0x50, 0x29, 0x81,
    0x30, 0x29, 0x81, 0x0F, 0x21, 0x00, 0xEF, 0x20, 0x81, 0xEE, 0x20, 0x00, 0xEF, 0x20, 0x81, 0x0F,
    0x21, 0x02, 0x13, 0x63, 0x39, 0xA5, 0x13, 0x63, 0x82, 0x50, 0x29, 0x81, 0x2F, 0x29, 0x81, 0x0F,
    0x21, 0x00, 0x0E, 0x21, 0x81, 0xEE, 0x20, 0x02, 0xEF, 0x20, 0x0F, 0x21, 0x2F, 0x21, 0x81, 0x30,
    0x29, 0x08, 0xB0, 0x31, 0x5A, 0xAD, 0xB1, 0x39, 0x50, 0x29, 0x30, 0x29, 0x36, 0x84, 0x54, 0x6B,
    0x0F, 0x21, 0xEF, 0x20, 0x81, 0xEE, 0x20, 0x04, 0xEF, 0x20, 0x0F, 0x21, 0x50, 0x29, 0xD8, 0x94,
    0xB2, 0x52, 0x83, 0x50, 0x29, 0x81, 0x2F, 0x29, 0x81, 0x0F, 0x21, 0x00, 0x0E, 0x21, 0x82, 0xEE,
    0x20, 0x81, 0x0F, 0x21, 0x81, 0x30, 0x29, 0x82, 0x50, 0x29, 0x05, 0xD5, 0x39, 0x49, 0x08, 0x07,
    0x00, 0xF5, 0x41, 0x51, 0x29, 0x8C, 0x10, 0x81, 0xCD, 0x18, 0x17, 0x16, 0x84, 0x19, 0x9D, 0xD5,
    0x7B, 0x70, 0x29, 0x37, 0x84, 0x19, 0x9D, 0x95, 0x73, 0xB3, 0x52, 0xF9, 0x9C, 0xD8, 0x9C, 0x70,
    0x31, 0x56, 0x84, 0x19, 0x9D, 0x74, 0x6B, 0xCF, 0x18, 0x94, 0x73, 0xF9, 0x9C, 0x36, 0x84, 0x30,
    0x29, 0x37, 0x84, 0xD9, 0x9C, 0x39, 0xA5, 0xF2, 0x41, 0x32, 0x4A, 0x81, 0xF9, 0x9C, 0x4A, 0x31,
    0x42, 0x2F, 0x21, 0x0F, 0x21, 0x54, 0x6B, 0x36, 0x84, 0x4D, 0x29, 0xF9, 0x9C, 0x19, 0x9D, 0x15,
    0x84, 0x70, 0x29, 0x37, 0x84, 0xF9, 0x9C, 0xD6, 0x7B, 0x91, 0x31, 0x77, 0x8C, 0x19, 0x9D, 0x37,
    0x84, 0x2F, 0x21, 0x0E, 0x21, 0xEE, 0x20, 0x8F, 0x31, 0xF8, 0x9C, 0xF9, 0x9C, 0x30, 0x42, 0xF6,
    0x7B, 0x19, 0x9D, 0x98, 0x94, 0x71, 0x31, 0x14, 0x63, 0xF9, 0x9C, 0x3A, 0xA5, 0x37, 0x84, 0x19,
    0xA5, 0xB2, 0x52, 0x2F, 0x29, 0xF5, 0x7B, 0x19, 0x9D, 0xD4, 0x7B, 0xEF, 0x20, 0x0F, 0x21, 0x30,
    0x21, 0x19, 0x9D, 0x5A, 0xA5, 0xF1, 0x39, 0x7A, 0xAD, 0xD9, 0x9C, 0x93, 0x52, 0x74, 0x6B, 0x19,
    0x9D, 0x78, 0x8C, 0x2F, 0x29, 0x53, 0x6B, 0xF8, 0x9C, 0x3A, 0xA5, 0x16, 0x84, 0x39, 0xA5, 0x71,
    0x4A, 0x30, 0x29, 0x51, 0x29, 0xD1, 0x39, 0x7A, 0xAD, 0xB8, 0x94, 0xD9, 0x9C, 0x90, 0x31, 0x77,
    0x8C, 0x74, 0x6B, 0xB4, 0x73, 0xD8, 0x9C, 0x3A, 0xA5, 0xF5, 0x7B, 0x39, 0xA5, 0x11, 0x42, 0x30,
    0x21, 0x14, 0x63, 0xB8, 0x94, 0x83, 0x71, 0x31, 0x04, 0x50, 0x29, 0x2F, 0x29, 0x2F, 0x21, 0x0F,
    0x21, 0xEE, 0x20, 0x81, 0xCE, 0x18, 0x04, 0xEE, 0x20, 0x0E, 0x21, 0x2F, 0x21, 0x30, 0x29, 0x50,
    0x29, 0x82, 0x71, 0x31, 0x05, 0x17, 0x42, 0x29, 0x08, 0x09, 0x00, 0xD5, 0x39, 0x30, 0x29, 0xAD,
    0x18, 0x81, 0x8D, 0x10, 0x15, 0x19, 0xA5, 0xD8, 0x94, 0xD2, 0x5A, 0xF3, 0x5A, 0xF8, 0x9C, 0x92,
    0x31, 0xB2, 0x39, 0xD4, 0x5A, 0x98, 0x94, 0x71, 0x31, 0x13, 0x63, 0x5A, 0xAD, 0x3A, 0xA5, 0xF9,
    0x9C, 0x0E, 0x21, 0x5A, 0xAD, 0x3A, 0xA5, 0x5A, 0xA5, 0xF0, 0x41, 0x37, 0x84, 0xB5, 0x73, 0x57,
    0x8C, 0x81, 0x75, 0x6B, 0x06, 0x3A, 0xA5, 0x37, 0x84, 0x91, 0x31, 0x30, 0x21, 0xEE, 0x20, 0x53,
    0x6B, 0x36, 0x84, 0x81, 0xD4, 0x7B, 0x2C, 0xB5, 0x73, 0x15, 0x84, 0xF3, 0x5A, 0x5A, 0xAD, 0x3A,
    0xA5, 0x39, 0xA5, 0xD2, 0x39, 0x95, 0x6B, 0xD8, 0x94, 0x3A, 0xA5, 0x30, 0x21, 0xEF, 0x20, 0xCD,
    0x18, 0xF5, 0x7B, 0x93, 0x6B, 0xCD, 0x18, 0x0E, 0x21, 0x13, 0x63, 0xB8, 0x94, 0x5A, 0xA5, 0x91,
    0x31, 0x15, 0x63, 0x78, 0x8C, 0x16, 0x7C, 0xF6, 0x7B, 0x35, 0x84, 0xF6, 0x7B, 0x50, 0x4A, 0x7A,
    0xAD, 0x3A, 0xA5, 0x5A, 0xA5, 0x4E, 0x29, 0xEE, 0x20, 0x30, 0x21, 0xF7, 0x7B, 0x16, 0x7C, 0xF2,
    0x39, 0x5A, 0xAD, 0x13, 0x42, 0x91, 0x31, 0x19, 0x9D, 0x92, 0x52, 0x97, 0x94, 0x13, 0x5B, 0x52,
    0x6B, 0x81, 0x36, 0x84, 0x15, 0x52, 0x6B, 0xB8, 0x94, 0x73, 0x6B, 0x50, 0x29, 0x71, 0x31, 0xF2,
    0x39, 0x5A, 0xAD, 0x13, 0x42, 0x39, 0xA5, 0x52, 0x4A, 0x76, 0x8C, 0x74, 0x6B, 0xB4, 0x73, 0xF6,
    0x7B, 0x76, 0x8C, 0xD1, 0x5A, 0xF9, 0x9C, 0xF1, 0x5A, 0x30, 0x21, 0x12, 0x42, 0xF9, 0x9C, 0x91,
    0x31, 0x81, 0xB2, 0x31, 0x0D, 0x91, 0x31, 0x71, 0x31, 0x50, 0x29, 0x2F, 0x29, 0x0E, 0x21, 0xCD,
    0x18, 0x8D, 0x10, 0x8E, 0x10, 0xCF, 0x18, 0xEF, 0x20, 0x2F, 0x21, 0x50, 0x29, 0x70, 0x31, 0x91,
    0x31, 0x81, 0xB2, 0x39, 0x07, 0x38, 0x4A, 0x08, 0x00, 0x0A, 0x00, 0xF6, 0x41, 0x31, 0x29, 0xAE,
    0x18, 0x8D, 0x10, 0x8E, 0x10, 0x81, 0xF5, 0x7B, 0x63, 0xB7, 0x94, 0x32, 0x4A, 0x5A, 0xA5, 0xB6,
    0x73, 0xF6, 0x7B, 0xD4, 0x5A, 0x98, 0x94, 0x71, 0x31, 0x51, 0x4A, 0x3A, 0xA5, 0x94, 0x73, 0x77,
    0x8C, 0xCC, 0x18, 0x5A, 0xA5, 0xD5, 0x7B, 0x77, 0x8C, 0xD0, 0x39, 0x37, 0x84, 0xB5, 0x73, 0x37,
    0x84, 0x95, 0x6B, 0xD6, 0x7B, 0x95, 0x73, 0x19, 0xA5, 0xF3, 0x5A, 0x2F, 0x29, 0x0E, 0x21, 0x52,
    0x6B, 0x36, 0x84, 0x12, 0x63, 0xD8, 0x94, 0x77, 0x8C, 0x15, 0x84, 0x32, 0x4A, 0x5A, 0xA5, 0xB6,
    0x73, 0xB8, 0x94, 0xD3, 0x39, 0x3A, 0xA5, 0xB6, 0x73, 0x3A, 0xA5, 0x30, 0x29, 0x0F, 0x21, 0xCD,
    0x18, 0xF1, 0x5A, 0xF9, 0x9C, 0xD5, 0x73, 0x70, 0x4A, 0xF9, 0x9C, 0xD5, 0x7B, 0x3A, 0xA5, 0x92,
    0x31, 0x15, 0x63, 0x78, 0x8C, 0xF6, 0x7B, 0xF7, 0x7B, 0x35, 0x84, 0xF6, 0x7B, 0xCF, 0x39, 0x5A,
    0xAD, 0x93, 0x6B, 0xB8, 0x94, 0x2E, 0x21, 0x0E, 0x21, 0x2F, 0x29, 0xF7, 0x7B, 0x16, 0x7C, 0xF2,
    0x39, 0x5A, 0xAD, 0x13, 0x42, 0x92, 0x31, 0xD8, 0x94, 0x37, 0x84, 0x39, 0xA5, 0xF0, 0x39, 0x52,
    0x6B, 0x36, 0x84, 0x16, 0x84, 0x52, 0x6B, 0x98, 0x94, 0x73, 0x6B, 0x50, 0x29, 0x71, 0x31, 0xF3,
    0x39, 0x5A, 0xAD, 0x13, 0x42, 0x39, 0xA5, 0x72, 0x4A, 0x76, 0x8C, 0x75, 0x6B, 0xB4, 0x73, 0xF5,
    0x7B, 0x56, 0x8C, 0xD0, 0x5A, 0xF9, 0x9C, 0xF1, 0x5A, 0x2F, 0x29, 0x92, 0x52, 0xF8, 0x9C, 0x92,
    0x31, 0x81, 0xB3, 0x39, 0x0D, 0x92, 0x31, 0x71, 0x31, 0x51, 0x29, 0x30, 0x29, 0x0F, 0x21, 0xCD,
    0x18, 0x8D, 0x10, 0x8E, 0x10, 0xCF, 0x18, 0x0F, 0x21, 0x2F, 0x29, 0x50, 0x29, 0x71, 0x31, 0x92,
    0x31, 0x81, 0xB2, 0x39, 0x05, 0x59, 0x4A, 0x06, 0x00, 0x09, 0x00, 0x36, 0x4A, 0x72, 0x31, 0xAD,
    0x18, 0x81, 0xCE, 0x18, 0x15, 0x51, 0x4A, 0x91, 0x52, 0xD1, 0x39, 0x70, 0x29, 0x52, 0x4A, 0xD4,
    0x5A, 0x33, 0x4A, 0xF3, 0x41, 0x93, 0x52, 0x71, 0x31, 0x51, 0x29, 0x32, 0x42, 0x92, 0x52, 0x30,
    0x42, 0xCD, 0x18, 0x8E, 0x31, 0x91, 0x52, 0x71, 0x4A, 0x51, 0x29, 0x32, 0x4A, 0x32, 0x42, 0x73,
    0x4A, 0x81, 0x33, 0x42, 0x07, 0xD4, 0x5A, 0x93, 0x52, 0x70, 0x29, 0x4F, 0x29, 0x2F, 0x21, 0xAF,
    0x39, 0xF0, 0x39, 0xEE, 0x18, 0x81, 0x71, 0x4A, 0x2B, 0x32, 0x42, 0x51, 0x29, 0x32, 0x42, 0xD4,
    0x5A, 0xB4, 0x52, 0xB2, 0x39, 0x94, 0x52, 0x93, 0x52, 0xB3, 0x52, 0x50, 0x29, 0x30, 0x21, 0x0F,
    0x21, 0xEE, 0x18, 0x50, 0x4A, 0x72, 0x4A, 0x70, 0x29, 0x31, 0x42, 0xB2, 0x52, 0xB3, 0x5A, 0x92,
    0x31, 0x13, 0x42, 0x94, 0x52, 0x53, 0x4A, 0x32, 0x42, 0x52, 0x4A, 0x10, 0x42, 0x2F, 0x21, 0xCF,
    0x39, 0x70, 0x4A, 0x4F, 0x42, 0x0E, 0x21, 0x2F, 0x21, 0x50, 0x29, 0x12, 0x42, 0x52, 0x4A, 0xB2,
    0x31, 0xF5, 0x5A, 0xB2, 0x39, 0x92, 0x31, 0xF2, 0x39, 0xB3, 0x52, 0x31, 0x4A, 0x2F, 0x21, 0xB0,
    0x39, 0x81, 0xEF, 0x39, 0x15, 0xD1, 0x39, 0x51, 0x4A, 0xF1, 0x41, 0x70, 0x29, 0x71, 0x31, 0xB2,
    0x31, 0xF5, 0x5A, 0xB2, 0x39, 0xD4, 0x5A, 0xB1, 0x31, 0x72, 0x4A, 0xF0, 0x39, 0x10, 0x42, 0xEF,
    0x39, 0x0F, 0x42, 0x6E, 0x31, 0x50, 0x4A, 0xB0, 0x39, 0x50, 0x29, 0x17, 0x7C, 0x16, 0x7C, 0x92,
    0x31, 0x81, 0xB2, 0x31, 0x05, 0x92, 0x31, 0x71, 0x31, 0x51, 0x29, 0x50, 0x29, 0x2F, 0x21, 0x0F,
    0x21, 0x81, 0xCE, 0x18, 0x05, 0x0F, 0x21, 0x30, 0x21, 0x50, 0x29, 0x51, 0x29, 0x71, 0x31, 0x92,
    0x31, 0x81, 0xB2, 0x39, 0x05, 0x38, 0x4A, 0x27, 0x08, 0x07, 0x00, 0x77, 0x52, 0x93, 0x31, 0xAB,
    0x10, 0x81, 0x0F, 0x21, 0x05, 0x2F, 0x29, 0x4F, 0x29, 0x50, 0x29, 0x70, 0x29, 0x71, 0x31, 0x91,
    0x31, 0x82, 0x92, 0x31, 0x01, 0x71, 0x31, 0x71, 0x29, 0x81, 0x51, 0x29, 0x07, 0x31, 0x29, 0x0F,
    0x21, 0x0E, 0x21, 0x2F, 0x29, 0x4F, 0x29, 0x51, 0x29, 0x71, 0x29, 0x71, 0x31, 0x83, 0x91, 0x31,
    0x04, 0x71, 0x31, 0x70, 0x29, 0x50, 0x29, 0x4F, 0x29, 0x2F, 0x29, 0x81, 0x0F, 0x21, 0x06, 0x2F,
    0x29, 0x4F, 0x29, 0x50, 0x29, 0x71, 0x29, 0x71, 0x31, 0x91, 0x31, 0x92, 0x31, 0x81, 0x91, 0x31,
    0x01, 0x71, 0x31, 0x71, 0x29, 0x81, 0x50, 0x29, 0x08, 0x30, 0x29, 0x10, 0x21, 0x0F, 0x21, 0x30,
    0x29, 0x31, 0x29, 0x51, 0x29, 0x71, 0x29, 0x71, 0x31, 0x91, 0x31, 0x82, 0x92, 0x31, 0x04, 0x71,
    0x31, 0x70, 0x29, 0x50, 0x29, 0x4F, 0x29, 0x2F, 0x29, 0x81, 0x0F, 0x21, 0x04, 0x2F, 0x29, 0x4F,
    0x29, 0x50, 0x29, 0x71, 0x29, 0x71, 0x31, 0x83, 0x91, 0x31, 0x04, 0x71, 0x31, 0x71, 0x29, 0x50,
    0x29, 0x4F, 0x29, 0x2F, 0x29, 0x81, 0x0F, 0x21, 0x05, 0x30, 0x29, 0x31, 0x29, 0x51, 0x29, 0x71,
    0x29, 0x71, 0x31, 0x91, 0x31, 0x82, 0x92, 0x31, 0x04, 0x71, 0x31, 0x70, 0x29, 0x50, 0x29, 0x4F,
    0x29, 0x2F, 0x29, 0x81, 0x0F, 0x21, 0x04, 0x2F, 0x29, 0x4F, 0x29, 0x70, 0x29, 0x34, 0x63, 0xB1,
    0x31, 0x83, 0x91, 0x31, 0x04, 0x71, 0x31, 0x71, 0x29, 0x50, 0x29, 0x4F, 0x29, 0x2F, 0x29, 0x81,
    0x0F, 0x21, 0x04, 0x2F, 0x29, 0x4F, 0x29, 0x51, 0x29, 0x71, 0x29, 0x71, 0x31, 0x82, 0x92, 0x31,
    0x05, 0x38, 0x42, 0x69, 0x08, 0x07, 0x00, 0xB7, 0x5A, 0xD4, 0x39, 0x8A, 0x10, 0x81, 0x50, 0x29,
    0x02, 0x51, 0x29, 0x71, 0x29, 0x70, 0x29, 0x81, 0x70, 0x31, 0x00, 0x71, 0x31, 0x81, 0x91, 0x31,
    0x00, 0x71, 0x31, 0x81, 0x70, 0x31, 0x81, 0x70, 0x29, 0x83, 0x50, 0x29, 0x81, 0x70, 0x29, 0x82,
    0x71, 0x31, 0x81, 0x92, 0x31, 0x82, 0x71, 0x31, 0x81, 0x70, 0x29, 0x83, 0x50, 0x29, 0x81, 0x70,
    0x29, 0x00, 0x70, 0x31, 0x81, 0x71, 0x31, 0x81, 0x91, 0x31, 0x02, 0x71, 0x31, 0x70, 0x31, 0x71,
    0x31, 0x81, 0x70, 0x29, 0x81, 0x50, 0x29, 0x01, 0x4F, 0x29, 0x50, 0x29, 0x81, 0x70, 0x29, 0x82,
    0x71, 0x31, 0x81, 0x91, 0x31, 0x82, 0x71, 0x31, 0x03, 0x71, 0x29, 0x52, 0x29, 0x50, 0x29, 0x4F,
    0x29, 0x81, 0x51, 0x29, 0x81, 0x70, 0x29, 0x81, 0x70, 0x31, 0x00, 0x71, 0x31, 0x81, 0x91, 0x31,
    0x82, 0x71, 0x31, 0x81, 0x71, 0x29, 0x01, 0x50, 0x29, 0x4F, 0x29, 0x81, 0x50, 0x29, 0x81, 0x70,
    0x29, 0x82, 0x71, 0x31, 0x81, 0x91, 0x31, 0x82, 0x71, 0x31, 0x03, 0x71, 0x29, 0x52, 0x29, 0x50,
    0x29, 0x4F, 0x29, 0x81, 0x51, 0x29, 0x81, 0x70, 0x29, 0x81, 0x70, 0x31, 0x00, 0x71, 0x31, 0x81,
    0x91, 0x31, 0x82, 0x71, 0x31, 0x81, 0x71, 0x29, 0x01, 0x50, 0x29, 0x4F, 0x29, 0x81, 0x50, 0x29,
    0x81, 0x70, 0x29, 0x81, 0x70, 0x31, 0x00, 0x71, 0x31, 0x81, 0x91, 0x31, 0x05, 0x17, 0x42, 0x8A,
    0x10, 0x08, 0x00, 0xF8, 0x62, 0x16, 0x42, 0x8A, 0x10, 0x83, 0x91, 0x31, 0x03, 0x72, 0x31, 0x71,
    0x31, 0x70, 0x31, 0x70, 0x29, 0x81, 0x71, 0x29, 0x00, 0x70, 0x29, 0x81, 0x70, 0x31, 0x02, 0x71,
    0x31, 0x91, 0x31, 0x90, 0x31, 0x82, 0x91, 0x31, 0x01, 0x92, 0x31, 0x71, 0x31, 0x81, 0x70, 0x31,
    0x00, 0x70, 0x29, 0x81, 0x71, 0x29, 0x01, 0x70, 0x29, 0x70, 0x31, 0x81, 0x72, 0x31, 0x85, 0x91,
    0x31, 0x00, 0x71, 0x31, 0x81, 0x70, 0x31, 0x81, 0x71, 0x29, 0x01, 0x72, 0x29, 0x71, 0x29, 0x81,
    0x70, 0x31, 0x00, 0x71, 0x31, 0x85, 0x91, 0x31, 0x82, 0x70, 0x31, 0x00, 0x70, 0x29, 0x81, 0x71,
    0x29, 0x01, 0x70, 0x29, 0x70, 0x31, 0x81, 0x71, 0x31, 0x83, 0x91, 0x31, 0x01, 0x92, 0x31, 0x91,
    0x31, 0x81, 0x71, 0x31, 0x00, 0x70, 0x31, 0x83, 0x70, 0x29, 0x00, 0x70, 0x31, 0x81, 0x71, 0x31,
    0x81, 0x92, 0x31, 0x83, 0x91, 0x31, 0x82, 0x70, 0x31, 0x00, 0x70, 0x29, 0x81, 0x71, 0x29, 0x01,
    0x70, 0x29, 0x70, 0x31, 0x81, 0x71, 0x31, 0x83, 0x91, 0x31, 0x01, 0x92, 0x31, 0x91, 0x31, 0x81,
    0x71, 0x31, 0x00, 0x70, 0x31, 0x83, 0x70, 0x29, 0x00, 0x70, 0x31, 0x81, 0x71, 0x31, 0x81, 0x92,
    0x31, 0x83, 0x91, 0x31, 0x81, 0x71, 0x31, 0x00, 0x70, 0x31, 0x82, 0x70, 0x29, 0x05, 0xF5, 0x41,
    0xAA, 0x10, 0x07, 0x00, 0x38, 0x63, 0x37, 0x4A, 0x69, 0x08, 0x81, 0xB2, 0x39, 0x05, 0xB2, 0x31,
    0x91, 0x31, 0x92, 0x31, 0x71, 0x31, 0x70, 0x29, 0x4F, 0x29, 0x81, 0x2F, 0x29, 0x05, 0x4F, 0x29,
    0x70, 0x29, 0x71, 0x31, 0x91, 0x31, 0x92, 0x31, 0xB2, 0x31, 0x81, 0xB2, 0x39, 0x00, 0xB2, 0x31,
    0x81, 0x92, 0x31, 0x02, 0x72, 0x31, 0x70, 0x29, 0x4F, 0x29, 0x81, 0x2F, 0x29, 0x02, 0x50, 0x29,
    0x70, 0x29, 0x71, 0x31, 0x81, 0x92, 0x31, 0x00, 0xB2, 0x31, 0x81, 0xB2, 0x39, 0x00, 0xB2, 0x31,
    0x81, 0x92, 0x31, 0x07, 0x71, 0x31, 0x70, 0x29, 0x50, 0x29, 0x2F, 0x29, 0x31, 0x29, 0x51, 0x29,
    0x70, 0x29, 0x70, 0x31, 0x81, 0x91, 0x31, 0x00, 0xB2, 0x31, 0x81, 0xB2, 0x39, 0x0A, 0xB2, 0x31,
    0x92, 0x31, 0x91, 0x31, 0x70, 0x31, 0x70, 0x29, 0x50, 0x29, 0x30, 0x29, 0x31, 0x29, 0x51, 0x29,
    0x71, 0x29, 0x70, 0x31, 0x81, 0x91, 0x31, 0x00, 0xB2, 0x31, 0x81, 0xB2, 0x39, 0x05, 0xB2, 0x31,
    0x92, 0x31, 0x91, 0x31, 0x71, 0x31, 0x70, 0x29, 0x50, 0x29, 0x81, 0x30, 0x29, 0x05, 0x50, 0x29,
    0x70, 0x29, 0x70, 0x31, 0x91, 0x31, 0x92, 0x31, 0xB2, 0x31, 0x81, 0xB2, 0x39, 0x0A, 0xB2, 0x31,
    0x92, 0x31, 0x91, 0x31, 0x70, 0x31, 0x70, 0x29, 0x50, 0x29, 0x30, 0x29, 0x31, 0x29, 0x51, 0x29,
    0x71, 0x29, 0x70, 0x31, 0x81, 0x91, 0x31, 0x00, 0xB2, 0x31, 0x81, 0xB2, 0x39, 0x05, 0xB2, 0x31,
    0x92, 0x31, 0x91, 0x31, 0x71, 0x31, 0x70, 0x29, 0x50, 0x29, 0x81, 0x30, 0x29, 0x05, 0x50, 0x29,
    0x70, 0x29, 0x70, 0x31, 0x91, 0x31, 0x92, 0x31, 0xB2, 0x31, 0x81, 0xB2, 0x39, 0x00, 0xB2, 0x31,
    0x81, 0x91, 0x31, 0x0A, 0x70, 0x31, 0x71, 0x29, 0x50, 0x29, 0x30, 0x29, 0x2F, 0x29, 0xD3, 0x39,
    0xCC, 0x18, 0x08, 0x00, 0x79, 0x6B, 0x78, 0x4A, 0x47, 0x08, 0x81, 0xF3, 0x41, 0x05, 0xD3, 0x39,
    0xB2, 0x39, 0x91, 0x31, 0x71, 0x31, 0x50, 0x29, 0x2F, 0x29, 0x81, 0x0E, 0x21, 0x05, 0x2E, 0x29,
    0x4F, 0x29, 0x90, 0x31, 0x91, 0x31, 0xB2, 0x39, 0xD3, 0x39, 0x81, 0xF3, 0x41, 0x0D, 0xD3, 0x39,
    0xB2, 0x39, 0xB1, 0x31, 0x71, 0x31, 0x51, 0x29, 0x30, 0x29, 0x0F, 0x21, 0x0E, 0x21, 0x2F, 0x29,
    0x50, 0x29, 0x71, 0x31, 0x92, 0x31, 0xB2, 0x39, 0xD3, 0x39, 0x81, 0xF3, 0x41, 0x0D, 0xD3, 0x39,
    0xB2, 0x39, 0xB1, 0x31, 0x90, 0x31, 0x50, 0x29, 0x2F, 0x29, 0x0D, 0x21, 0x0E, 0x21, 0x30, 0x29,
    0x50, 0x29, 0x71, 0x31, 0x91, 0x31, 0xB2, 0x39, 0xD3, 0x39, 0x81, 0xF3, 0x41, 0x05, 0xD3, 0x39,
    0xB2, 0x39, 0x92, 0x31, 0x91, 0x31, 0x50, 0x29, 0x2F, 0x29, 0x81, 0x0E, 0x21, 0x05, 0x30, 0x29,
    0x51, 0x29, 0x71, 0x31, 0x92, 0x31, 0xB2, 0x39, 0xD3, 0x39, 0x81, 0xF3, 0x41, 0x05, 0xD3, 0x39,
    0xB2, 0x39, 0xB1, 0x31, 0x90, 0x31, 0x50, 0x29, 0x2F, 0x29, 0x81, 0x0E, 0x21, 0x05, 0x2F, 0x29,
    0x50, 0x29, 0x90, 0x31, 0xB1, 0x31, 0xB2, 0x39, 0xD3, 0x39, 0x81, 0xF3, 0x41, 0x05, 0xD3, 0x39,
    0xB2, 0x39, 0x92, 0x31, 0x91, 0x31, 0x50, 0x29, 0x2F, 0x29, 0x81, 0x0E, 0x21, 0x05, 0x30, 0x29,
    0x51, 0x29, 0x71, 0x31, 0x92, 0x31, 0xB2, 0x39, 0xD3, 0x39, 0x81, 0xF3, 0x41, 0x05, 0xD3, 0x39,
    0xB2, 0x39, 0xB1, 0x31, 0x90, 0x31, 0x50, 0x29, 0x2F, 0x29, 0x81, 0x0E, 0x21, 0x05, 0x2F, 0x29,
    0x50, 0x29, 0x90, 0x31, 0xB1, 0x31, 0xB2, 0x39, 0xD3, 0x39, 0x81, 0xF3, 0x41, 0x0D, 0xD3, 0x39,
    0xB2, 0x39, 0x91, 0x31, 0x90, 0x31, 0x4F, 0x29, 0x2F, 0x29, 0x0E, 0x21, 0x0F, 0x21, 0x92, 0x31,
    0xEC, 0x18, 0x07, 0x00, 0x99, 0x7B, 0x9A, 0x52, 0x05, 0x00, 0x81, 0x35, 0x42, 0x0D, 0xF4, 0x41,
    0xD3, 0x39, 0xB2, 0x39, 0x91, 0x31, 0x4F, 0x29, 0x0E, 0x21, 0xAE, 0x18, 0xAF, 0x18, 0x0F, 0x21,
    0x4F, 0x29, 0x90, 0x31, 0xB1, 0x39, 0xD3, 0x39, 0xF4, 0x41, 0x81, 0x35, 0x42, 0x0D, 0xF4, 0x41,
    0xD3, 0x39, 0xB2, 0x39, 0x90, 0x31, 0x4F, 0x29, 0x10, 0x21, 0xAE, 0x18, 0xAD, 0x18, 0x0F, 0x21,
    0x50, 0x29, 0x92, 0x31, 0xB3, 0x31, 0xD3, 0x39, 0xF4, 0x41, 0x81, 0x35, 0x42, 0x05, 0xF4, 0x41,
    0xD3, 0x39, 0xB2, 0x39, 0x90, 0x31, 0x50, 0x29, 0x10, 0x21, 0x81, 0xAC, 0x18, 0x0D, 0x0E, 0x21,
    0x4F, 0x29, 0x91, 0x31, 0xB2, 0x31, 0xD3, 0x39, 0xF4, 0x41, 0x35, 0x42, 0x34, 0x42, 0xF4, 0x41,
    0xD3, 0x39, 0xB2, 0x39, 0x90, 0x31, 0x4F, 0x29, 0x0E, 0x21, 0x81, 0xAC, 0x18, 0x05, 0x0E, 0x21,
    0x4F, 0x29, 0x91, 0x31, 0xB2, 0x39, 0xD3, 0x39, 0xF4, 0x41, 0x81, 0x35, 0x42, 0x05, 0xF4, 0x41,
    0xD4, 0x39, 0xB2, 0x31, 0x91, 0x31, 0x4F, 0x29, 0x0E, 0x21, 0x81, 0xAD, 0x18, 0x05, 0x0E, 0x21,
    0x4F, 0x29, 0x92, 0x31, 0xB2, 0x39, 0xD3, 0x39, 0xF4, 0x41, 0x81, 0x35, 0x42, 0x05, 0xF4, 0x41,
    0xD3, 0x39, 0xB2, 0x39, 0x90, 0x31, 0x4F, 0x29, 0x0E, 0x21, 0x81, 0xAC, 0x18, 0x05, 0x0E, 0x21,
    0x4F, 0x29, 0x91, 0x31, 0xB2, 0x39, 0xD3, 0x39, 0xF4, 0x41, 0x81, 0x35, 0x42, 0x05, 0xF4, 0x41,
    0xD4, 0x39, 0xB2, 0x31, 0x91, 0x31, 0x4F, 0x29, 0x0E, 0x21, 0x81, 0xAD, 0x18, 0x05, 0x0E, 0x21,
    0x4F, 0x29, 0x92, 0x31, 0xB2, 0x39, 0xD3, 0x39, 0xF4, 0x41, 0x81, 0x35, 0x42, 0x05, 0xF4, 0x41,
    0xD3, 0x39, 0xB3, 0x31, 0x91, 0x31, 0x4F, 0x29, 0x0D, 0x21, 0x81, 0xAC, 0x18, 0x05, 0x2F, 0x29,
    0xED, 0x20, 0x07, 0x00, 0xD9, 0x7B, 0xBA, 0x52, 0x06, 0x00, 0x81, 0x35, 0x4A, 0x0D, 0x14, 0x42,
    0xF3, 0x39, 0xB2, 0x39, 0x91, 0x31, 0x50, 0x29, 0x0F, 0x21, 0xAE, 0x18, 0xAF, 0x18, 0x10, 0x21,
    0x50, 0x29, 0x91, 0x31, 0xB2, 0x39, 0xF3, 0x39, 0x14, 0x42, 0x81, 0x35, 0x4A, 0x0D, 0x14, 0x42,
    0xF3, 0x39, 0xB2, 0x39, 0x91, 0x31, 0x4F, 0x29, 0x0E, 0x21, 0xAD, 0x18, 0xCC, 0x18, 0x0E, 0x21,
    0x50, 0x29, 0x91, 0x31, 0xB3, 0x39, 0xF4, 0x39, 0x14, 0x42, 0x81, 0x35, 0x4A, 0x05, 0x14, 0x42,
    0xF3, 0x39, 0xB2, 0x39, 0x91, 0x31, 0x50, 0x29, 0x0F, 0x21, 0x81, 0xCD, 0x18, 0x05, 0x0E, 0x21,
    0x50, 0x29, 0x91, 0x31, 0xB3, 0x39, 0xF4, 0x39, 0x14, 0x42, 0x81, 0x35, 0x4A, 0x0D, 0x14, 0x42,
    0xF3, 0x39, 0xB2, 0x39, 0x90, 0x31, 0x50, 0x29, 0x0F, 0x21, 0xAE, 0x18, 0xAD, 0x18, 0x0E, 0x21,
    0x4F, 0x29, 0x91, 0x31, 0xB2, 0x39, 0xF3, 0x39, 0x14, 0x42, 0x81, 0x35, 0x4A, 0x0D, 0x14, 0x42,
    0xF4, 0x39, 0xB3, 0x39, 0x92, 0x31, 0x50, 0x29, 0x0E, 0x21, 0xAD, 0x18, 0xAE, 0x18, 0x0F, 0x21,
    0x50, 0x29, 0x91, 0x31, 0xB2, 0x39, 0xF3, 0x39, 0x14, 0x42, 0x81, 0x35, 0x4A, 0x0D, 0x14, 0x42,
    0xF3, 0x39, 0xB2, 0x39, 0x90, 0x31, 0x50, 0x29, 0x0F, 0x21, 0xAE, 0x18, 0xAD, 0x18, 0x0E, 0x21,
    0x4F, 0x29, 0x91, 0x31, 0xB2, 0x39, 0xF3, 0x39, 0x14, 0x42, 0x81, 0x35, 0x4A, 0x0D, 0x14, 0x42,
    0xF4, 0x39, 0xB3, 0x39, 0x92, 0x31, 0x50, 0x29, 0x0E, 0x21, 0xAD, 0x18, 0xAE, 0x18, 0x0F, 0x21,
    0x50, 0x29, 0x91, 0x31, 0xB2, 0x39, 0xF3, 0x39, 0x14, 0x42, 0x81, 0x35, 0x4A, 0x0E, 0x14, 0x42,
    0xF4, 0x39, 0xB3, 0x39, 0x92, 0x31, 0x50, 0x29, 0x0E, 0x21, 0xCC, 0x18, 0xCD, 0x18, 0x2F, 0x29,
    0x0E, 0x21, 0x0A, 0x00, 0xB9, 0x7B, 0x99, 0x52, 0x48, 0x08, 0x15, 0x42, 0x81, 0x14, 0x42, 0x04,
    0xF3, 0x39, 0xD2, 0x39, 0x91, 0x31, 0x70, 0x31, 0x50, 0x29, 0x81, 0x0F, 0x21, 0x04, 0x50, 0x29,
    0x70, 0x31, 0xB1, 0x31, 0xD2, 0x39, 0xF4, 0x39, 0x81, 0x14, 0x42, 0x1E, 0x15, 0x42, 0xF4, 0x41,
    0xF3, 0x39, 0xD2, 0x39, 0x92, 0x31, 0x71, 0x31, 0x4F, 0x29, 0x0E, 0x21, 0x0F, 0x21, 0x4F, 0x29,
    0x70, 0x31, 0xB1, 0x31, 0xD2, 0x39, 0xF4, 0x39, 0xF4, 0x41, 0x15, 0x42, 0x14, 0x42, 0xF4, 0x41,
    0xF3, 0x39, 0xD2, 0x39, 0x92, 0x31, 0x71, 0x31, 0x4F, 0x29, 0x0E, 0x21, 0x0F, 0x21, 0x50, 0x29,
    0x70, 0x31, 0x92, 0x31, 0xD3, 0x39, 0xF3, 0x39, 0xF4, 0x41, 0x81, 0x14, 0x42, 0x0D, 0x13, 0x42,
    0xF3, 0x39, 0xD3, 0x39, 0xB1, 0x31, 0x70, 0x31, 0x51, 0x29, 0x10, 0x21, 0x0F, 0x21, 0x50, 0x29,
    0x71, 0x31, 0xB1, 0x31, 0xD2, 0x39, 0xF3, 0x39, 0x13, 0x42, 0x82, 0x14, 0x42, 0x04, 0xF3, 0x39,
    0xD3, 0x39, 0x92, 0x31, 0x71, 0x31, 0x50, 0x29, 0x81, 0x0F, 0x21, 0x05, 0x50, 0x29, 0x71, 0x31,
    0xB1, 0x31, 0xD2, 0x39, 0xF3, 0x39, 0xF4, 0x41, 0x81, 0x14, 0x42, 0x0D, 0x13, 0x42, 0xF3, 0x39,
    0xD3, 0x39, 0xB1, 0x31, 0x70, 0x31, 0x51, 0x29, 0x10, 0x21, 0x0F, 0x21, 0x50, 0x29, 0x71, 0x31,
    0xB1, 0x31, 0xD2, 0x39, 0xF3, 0x39, 0x13, 0x42, 0x82, 0x14, 0x42, 0x04, 0xF3, 0x39, 0xD3, 0x39,
    0x92, 0x31, 0x71, 0x31, 0x50, 0x29, 0x81, 0x0F, 0x21, 0x05, 0x50, 0x29, 0x71, 0x31, 0xB1, 0x31,
    0xD2, 0x39, 0xF3, 0x39, 0xF4, 0x41, 0x81, 0x14, 0x42, 0x0D, 0xF4, 0x41, 0xF3, 0x39, 0xD3, 0x39,
    0x92, 0x31, 0x70, 0x31, 0x4F, 0x29, 0x0F, 0x21, 0x11, 0x21, 0xB2, 0x31, 0xED, 0x20, 0x0A, 0x00,
    0xB8, 0x73, 0x98, 0x52, 0x69, 0x10, 0x81, 0xF4, 0x41, 0x00, 0xF3, 0x39, 0x81, 0xD2, 0x39, 0x02,
    0xB2, 0x39, 0x91, 0x31, 0x71, 0x31, 0x81, 0x70, 0x29, 0x81, 0x91, 0x31, 0x03, 0xB1, 0x39, 0xD2,
    0x39, 0xD3, 0x39, 0xF4, 0x39, 0x81, 0xF4, 0x41, 0x00, 0xF4, 0x39, 0x81, 0xD3, 0x39, 0x0A, 0xB2,
    0x39, 0x92, 0x31, 0x90, 0x31, 0x6F, 0x29, 0x70, 0x29, 0x90, 0x31, 0x91, 0x31, 0xB2, 0x39, 0xD2,
    0x39, 0xD3, 0x39, 0xF4, 0x39, 0x81, 0xF4, 0x41, 0x10, 0xF3, 0x39, 0xD3, 0x39, 0xD2, 0x39, 0xB2,
    0x39, 0x92, 0x31, 0x91, 0x31, 0x70, 0x29, 0x6F, 0x29, 0x90, 0x31, 0x91, 0x31, 0xB2, 0x31, 0xD2,
    0x39, 0xD3, 0x39, 0xF3, 0x39, 0x14, 0x42, 0xF4, 0x41, 0xF3, 0x39, 0x81, 0xD3, 0x39, 0x02, 0xB2,
    0x31, 0x92, 0x31, 0x90, 0x31, 0x81, 0x71, 0x29, 0x08, 0x90, 0x31, 0x92, 0x31, 0xB2, 0x39, 0xD2,
    0x39, 0xD3, 0x39, 0xF3, 0x39, 0x13, 0x42, 0x14, 0x42, 0xF3, 0x39, 0x81, 0xD3, 0x39, 0x07, 0xB2,
    0x31, 0x92, 0x31, 0x91, 0x31, 0x70, 0x29, 0x6F, 0x29, 0x91, 0x31, 0x93, 0x31, 0xB2, 0x31, 0x81,
    0xD2, 0x39, 0x03, 0xF3, 0x39, 0x14, 0x42, 0xF4, 0x41, 0xF3, 0x39, 0x81, 0xD3, 0x39, 0x02, 0xB2,
    0x31, 0x92, 0x31, 0x90, 0x31, 0x81, 0x71, 0x29, 0x08, 0x90, 0x31, 0x92, 0x31, 0xB2, 0x39, 0xD2,
    0x39, 0xD3, 0x39, 0xF3, 0x39, 0x13, 0x42, 0x14, 0x42, 0xF3, 0x39, 0x81, 0xD3, 0x39, 0x07, 0xB2,
    0x31, 0x92, 0x31, 0x91, 0x31, 0x70, 0x29, 0x6F, 0x29, 0x91, 0x31, 0x93, 0x31, 0xB2, 0x31, 0x81,
    0xD2, 0x39, 0x13, 0xF3, 0x39, 0x14, 0x42, 0xF4, 0x41, 0xF3, 0x39, 0xD3, 0x39, 0xD2, 0x39, 0xB2,
    0x39, 0x91, 0x31, 0x90, 0x31, 0x70, 0x29, 0x72, 0x29, 0xF5, 0x41, 0xED, 0x18, 0x07, 0x00, 0x98,
    0x73, 0x77, 0x52, 0xA9, 0x10, 0xD3, 0x39, 0xD4, 0x39, 0xD3, 0x39, 0x81, 0xD2, 0x39, 0x82, 0xB2,
    0x39, 0x81, 0xB2, 0x31, 0x82, 0xB2, 0x39, 0x81, 0xD2, 0x39, 0x85, 0xD3, 0x39, 0x00, 0xB3, 0x39,
    0x81, 0xB2, 0x39, 0x81, 0xB1, 0x31, 0x02, 0xB2, 0x39, 0xB1, 0x39, 0xB2, 0x39, 0x81, 0xD2, 0x39,
    0x83, 0xD3, 0x39, 0x81, 0xD2, 0x39, 0x04, 0xB2, 0x39, 0xB3, 0x39, 0xB3, 0x31, 0xB2, 0x31, 0xB1,
    0x31, 0x82, 0xB2, 0x39, 0x85, 0xD3, 0x39, 0x81, 0xD2, 0x39, 0x82, 0xB2, 0x39, 0x81, 0xB2, 0x31,
    0x02, 0xB3, 0x31, 0xB2, 0x39, 0xB3, 0x39, 0x81, 0xD2, 0x39, 0x82, 0xD3, 0x39, 0x82, 0xD2, 0x39,
    0x82, 0xB2, 0x39, 0x06, 0xB2, 0x31, 0xB1, 0x31, 0xB1, 0x39, 0xB3, 0x39, 0xB4, 0x39, 0xD3, 0x39,
    0xD2, 0x39, 0x83, 0xD3, 0x39, 0x81, 0xD2, 0x39, 0x82, 0xB2, 0x39, 0x81, 0xB2, 0x31, 0x02, 0xB3,
    0x31, 0xB2, 0x39, 0xB3, 0x39, 0x81, 0xD2, 0x39, 0x82, 0xD3, 0x39, 0x82, 0xD2, 0x39, 0x82, 0xB2,
    0x39, 0x06, 0xB2, 0x31, 0xB1, 0x31, 0xB1, 0x39, 0xB3, 0x39, 0xB4, 0x39, 0xD3, 0x39, 0xD2, 0x39,
    0x85, 0xD3, 0x39, 0x82, 0xB2, 0x39, 0x81, 0xB1, 0x31, 0x05, 0x56, 0x4A, 0xCC, 0x18, 0x09, 0x00,
    0x78, 0x73, 0x57, 0x4A, 0xCB, 0x18, 0x81, 0xB2, 0x39, 0x0C, 0x3A, 0xA5, 0xB4, 0x5A, 0xF9, 0x9C,
    0x17, 0x7C, 0xF7, 0x7B, 0x77, 0x8C, 0x15, 0x63, 0x17, 0x84, 0xD4, 0x5A, 0xD9, 0x94, 0x73, 0x52,
    0x19, 0x9D, 0xD2, 0x39, 0x83, 0xB2, 0x39, 0x00, 0xD2, 0x39, 0x83, 0xD3, 0x39, 0x81, 0xF3, 0x39,
    0x81, 0xD3, 0x39, 0x82, 0xD2, 0x39, 0x00, 0xD4, 0x5A, 0x81, 0xF9, 0x9C, 0x00, 0xD6, 0x7B, 0x81,
    0xD3, 0x39, 0x00, 0xD2, 0x39, 0x81, 0xD3, 0x39, 0x03, 0xB9, 0x94, 0xD8, 0x94, 0x94, 0x52, 0xF9,
    0x9C, 0x82, 0xD3, 0x39, 0x15, 0xB2, 0x39, 0xD8, 0x94, 0x1A, 0x9D, 0x97, 0x94, 0xF2, 0x39, 0x74,
    0x6B, 0x1A, 0xA5, 0xF9, 0x9C, 0x33, 0x42, 0x53, 0x4A, 0x1A, 0xA5, 0x3A, 0xA5, 0x15, 0x63, 0xD3,
    0x39, 0xF7, 0x7B, 0x19, 0xA5, 0x98, 0x94, 0xB2, 0x39, 0xB1, 0x39, 0xB2, 0x39, 0xD2, 0x39, 0xD6,
    0x7B, 0x81, 0xF9, 0x9C, 0x0C, 0x34, 0x42, 0x54, 0x4A, 0x1A, 0xA5, 0x3A, 0xA5, 0x14, 0x63, 0xD3,
    0x39, 0xD8, 0x94, 0x1A, 0xA5, 0x16, 0x84, 0xB2, 0x39, 0xB3, 0x39, 0x77, 0x8C, 0xF9, 0x9C, 0x81,
    0xD2, 0x39, 0x81, 0xD3, 0x39, 0x81, 0xF3, 0x39, 0x83, 0xD3, 0x39, 0x00, 0xD2, 0x39, 0x81, 0xB2,
    0x39, 0x02, 0xB1, 0x39, 0xB2, 0x39, 0xD2, 0x39, 0x83, 0xD3, 0x39, 0x03, 0xF3, 0x39, 0xF4, 0x39,
    0xD3, 0x39, 0xD2, 0x39, 0x81, 0xD3, 0x39, 0x00, 0xD2, 0x39, 0x81, 0xB2, 0x39, 0x01, 0xB3, 0x39,
    0xB2, 0x39, 0x81, 0xD3, 0x39, 0x81, 0xD2, 0x39, 0x00, 0xD3, 0x39, 0x81, 0xF3, 0x39, 0x18, 0x98,
    0x52, 0xAA, 0x18, 0x08, 0x00, 0x58, 0x6B, 0x36, 0x4A, 0xEE, 0x18, 0x91, 0x31, 0x90, 0x31, 0xF9,
    0x9C, 0x55, 0x6B, 0x3A, 0xA5, 0x97, 0x94, 0xB9, 0x94, 0x35, 0x63, 0x56, 0x6B, 0x99, 0x8C, 0xD5,
    0x5A, 0xD9, 0x94, 0x93, 0x52, 0x1A, 0x9D, 0xF2, 0x39, 0x36, 0x84, 0xD9, 0x9C, 0x35, 0x84, 0xB1,
    0x31, 0x81, 0xD9, 0x9C, 0x41, 0xF9, 0x9C, 0x79, 0x8C, 0x19, 0x9D, 0x14, 0x42, 0xF6, 0x5A, 0xF9,
    0x9C, 0xD9, 0x9C, 0x94, 0x52, 0xD2, 0x39, 0xB2, 0x39, 0xF6, 0x7B, 0xD9, 0x9C, 0x13, 0x63, 0x73,
    0x4A, 0x12, 0x42, 0xD9, 0x94, 0xF9, 0x9C, 0xB7, 0x73, 0xD5, 0x5A, 0x7A, 0xAD, 0xF8, 0x9C, 0x36,
    0x84, 0x5A, 0xA5, 0x38, 0x84, 0xD2, 0x39, 0xB2, 0x39, 0x92, 0x31, 0xF2, 0x39, 0x90, 0x31, 0x5A,
    0xAD, 0x32, 0x42, 0xD9, 0x94, 0x75, 0x6B, 0x98, 0x8C, 0xB6, 0x73, 0xF7, 0x7B, 0x58, 0x8C, 0xB6,
    0x73, 0x98, 0x8C, 0x74, 0x4A, 0x5A, 0xA5, 0xF6, 0x7B, 0x13, 0x63, 0x92, 0x31, 0xF1, 0x39, 0x11,
    0x42, 0xD2, 0x39, 0x13, 0x42, 0xF3, 0x39, 0x1A, 0xA5, 0xD5, 0x5A, 0xF7, 0x7B, 0x58, 0x8C, 0xB6,
    0x73, 0x99, 0x8C, 0xF3, 0x39, 0x13, 0x42, 0x15, 0x63, 0x1A, 0xA5, 0x90, 0x31, 0xF2, 0x5A, 0x17,
    0x84, 0xF9, 0x9C, 0xD3, 0x39, 0xF3, 0x39, 0xF3, 0x41, 0x83, 0x14, 0x42, 0x03, 0xF3, 0x41, 0xF3,
    0x39, 0xD3, 0x39, 0xB2, 0x39, 0x81, 0x92, 0x31, 0x81, 0x91, 0x31, 0x03, 0xB2, 0x39, 0xD3, 0x39,
    0xF3, 0x39, 0xF4, 0x41, 0x81, 0x14, 0x42, 0x07, 0x15, 0x42, 0x14, 0x42, 0xF3, 0x41, 0xF3, 0x39,
    0xD2, 0x39, 0xB3, 0x39, 0x91, 0x31, 0x90, 0x31, 0x81, 0x91, 0x31, 0x03, 0xB2, 0x39, 0xD3, 0x39,
    0xF3, 0x39, 0xF3, 0x41, 0x81, 0x14, 0x42, 0x06, 0x15, 0x42, 0xFA, 0x5A, 0x8A, 0x10, 0x07, 0x00,
    0x17, 0x63, 0x14, 0x42, 0x0E, 0x21, 0x81, 0x50, 0x29, 0x55, 0xF6, 0x7B, 0xD8, 0x94, 0x36, 0x84,
    0xF9, 0x9C, 0x3A, 0xA5, 0x35, 0x4A, 0x77, 0x6B, 0x99, 0x94, 0xF6, 0x5A, 0xD9, 0x9C, 0x94, 0x52,
    0x1A, 0x9D, 0x92, 0x52, 0x5A, 0xAD, 0x1A, 0x9D, 0x1A, 0xA5, 0xD1, 0x39, 0xD9, 0x9C, 0x34, 0x63,
    0xFA, 0x9C, 0xD5, 0x5A, 0x5A, 0xA5, 0x56, 0x4A, 0x97, 0x73, 0x3A, 0xA5, 0x79, 0x8C, 0x34, 0x4A,
    0xD2, 0x39, 0xB1, 0x31, 0x11, 0x42, 0x57, 0x8C, 0x3A, 0xA5, 0x77, 0x8C, 0x96, 0x73, 0x77, 0x8C,
    0x36, 0x63, 0xF9, 0x9C, 0x55, 0x4A, 0x7A, 0xAD, 0x96, 0x52, 0x95, 0x52, 0xFA, 0x9C, 0xF3, 0x41,
    0xD2, 0x39, 0xB2, 0x31, 0x71, 0x31, 0x71, 0x29, 0x97, 0x8C, 0xF6, 0x7B, 0xB1, 0x31, 0xD9, 0x9C,
    0x56, 0x6B, 0x79, 0x8C, 0xD7, 0x7B, 0x18, 0x84, 0x59, 0x8C, 0x97, 0x73, 0xB9, 0x94, 0xF4, 0x5A,
    0x1A, 0xA5, 0x13, 0x63, 0x3A, 0xA5, 0x92, 0x31, 0x1A, 0xA5, 0x3A, 0xA5, 0x31, 0x42, 0xD2, 0x39,
    0xD7, 0x7B, 0xD8, 0x94, 0x35, 0x4A, 0x18, 0x84, 0x59, 0x8C, 0x97, 0x73, 0xB9, 0x94, 0xF3, 0x41,
    0x53, 0x4A, 0xD8, 0x94, 0x75, 0x6B, 0x8F, 0x31, 0x5A, 0xA5, 0x53, 0x6B, 0x19, 0xA5, 0x74, 0x4A,
    0xF4, 0x41, 0x14, 0x42, 0x35, 0x4A, 0x81, 0x56, 0x4A, 0x0D, 0x35, 0x4A, 0x14, 0x42, 0xF3, 0x41,
    0xD2, 0x39, 0xB2, 0x31, 0x71, 0x31, 0x51, 0x29, 0x50, 0x29, 0x70, 0x31, 0xB1, 0x31, 0xD2, 0x39,
    0xF3, 0x41, 0x14, 0x42, 0x35, 0x4A, 0x81, 0x56, 0x4A, 0x05, 0x35, 0x4A, 0x15, 0x42, 0xF3, 0x41,
    0xD2, 0x39, 0xB1, 0x31, 0x71, 0x31, 0x81, 0x4F, 0x29, 0x05, 0x70, 0x31, 0xB2, 0x31, 0xD3, 0x39,
    0xF4, 0x41, 0x14, 0x42, 0x35, 0x4A, 0x81, 0x56, 0x4A, 0x5D, 0x3B, 0x63, 0x6A, 0x08, 0x07, 0x00,
    0xF7, 0x5A, 0xF3, 0x39, 0x0F, 0x21, 0xEE, 0x18, 0xEF, 0x18, 0xF0, 0x41, 0x7A, 0xAD, 0x53, 0x6B,
    0xD9, 0x94, 0xF8, 0x9C, 0x76, 0x4A, 0x98, 0x73, 0x99, 0x94, 0x16, 0x63, 0xDA, 0x9C, 0x94, 0x52,
    0x1A, 0xA5, 0x11, 0x42, 0x5A, 0xA5, 0xB4, 0x73, 0xD8, 0x9C, 0x8F, 0x31, 0xFA, 0x9C, 0x34, 0x63,
    0xFA, 0x9C, 0xF5, 0x5A, 0x5A, 0xA5, 0x97, 0x52, 0x18, 0x84, 0xD8, 0x7B, 0x19, 0x9D, 0x36, 0x63,
    0xD2, 0x39, 0x91, 0x31, 0x36, 0x84, 0x56, 0x84, 0xB8, 0x94, 0x15, 0x7C, 0x93, 0x52, 0x19, 0xA5,
    0x99, 0x8C, 0x97, 0x8C, 0x76, 0x4A, 0x7A, 0xAD, 0xD8, 0x5A, 0x76, 0x52, 0x3A, 0xA5, 0x35, 0x63,
    0xD2, 0x39, 0x91, 0x31, 0x4F, 0x29, 0xD8, 0x9C, 0x19, 0x9D, 0x16, 0x7C, 0x51, 0x4A, 0x59, 0x8C,
    0xD8, 0x9C, 0x5A, 0xA5, 0xD6, 0x5A, 0x18, 0x63, 0x5A, 0xA5, 0x19, 0x9D, 0xF9, 0x7B, 0x14, 0x42,
    0x3A, 0xA5, 0x16, 0x84, 0x1A, 0xA5, 0xED, 0x18, 0xEC, 0x18, 0x4F, 0x29, 0x91, 0x31, 0x18, 0x84,
    0x3A, 0xA5, 0x38, 0x84, 0x77, 0x6B, 0x18, 0x63, 0x5A, 0xA5, 0x19, 0x9D, 0xF9, 0x7B, 0x34, 0x42,
    0x19, 0xA5, 0xD9, 0x94, 0xF5, 0x7B, 0x0D, 0x21, 0x32, 0x63, 0x74, 0x6B, 0x19, 0xA5, 0x72, 0x4A,
    0x14, 0x42, 0x35, 0x4A, 0x76, 0x4A, 0x81, 0x97, 0x52, 0x0D, 0x76, 0x4A, 0x35, 0x4A, 0x14, 0x42,
    0xD2, 0x39, 0x90, 0x31, 0x4F, 0x29, 0xED, 0x18, 0xEC, 0x18, 0x4F, 0x29, 0x91, 0x31, 0xD3, 0x39,
    0x14, 0x42, 0x35, 0x4A, 0x76, 0x4A, 0x81, 0x97, 0x52, 0x0D, 0x76, 0x4A, 0x35, 0x4A, 0x14, 0x42,
    0xD2, 0x39, 0x90, 0x31, 0x4F, 0x29, 0xED, 0x18, 0xEC, 0x18, 0x4F, 0x29, 0x91, 0x31, 0xD2, 0x39,
    0x14, 0x42, 0x35, 0x4A, 0x76, 0x4A, 0x81, 0x97, 0x52, 0x45, 0x7C, 0x73, 0x27, 0x00, 0x07, 0x00,
    0xF7, 0x62, 0xF3, 0x39, 0x2E, 0x21, 0xED, 0x18, 0xEE, 0x18, 0x50, 0x29, 0x11, 0x42, 0xF3, 0x41,
    0x54, 0x4A, 0x96, 0x52, 0x76, 0x52, 0xB8, 0x52, 0xD8, 0x5A, 0x96, 0x52, 0x95, 0x52, 0x34, 0x42,
    0x33, 0x4A, 0x91, 0x31, 0x90, 0x31, 0x8E, 0x31, 0x70, 0x29, 0x4F, 0x29, 0xF1, 0x39, 0x14, 0x42,
    0x75, 0x4A, 0x55, 0x4A, 0xD7, 0x5A, 0x97, 0x52, 0xB8, 0x5A, 0xD7, 0x5A, 0x96, 0x52, 0x14, 0x42,
    0xD3, 0x39, 0x91, 0x31, 0x90, 0x31, 0x8F, 0x31, 0x8E, 0x31, 0x6F, 0x29, 0x91, 0x31, 0x33, 0x42,
    0x74, 0x4A, 0x56, 0x4A, 0x76, 0x52, 0xF8, 0x5A, 0x97, 0x52, 0x76, 0x52, 0x96, 0x52, 0x54, 0x4A,
    0xD2, 0x39, 0x91, 0x31, 0x4F, 0x29, 0x8D, 0x31, 0x8E, 0x31, 0xD0, 0x39, 0xB1, 0x39, 0xF3, 0x39,
    0x74, 0x4A, 0x96, 0x52, 0x76, 0x52, 0x97, 0x52, 0xF8, 0x5A, 0xD7, 0x5A, 0x55, 0x4A, 0x14, 0x42,
    0x13, 0x42, 0x11, 0x42, 0x8F, 0x31, 0x81, 0xED, 0x18, 0x15, 0x50, 0x29, 0x91, 0x31, 0x13, 0x42,
    0x75, 0x52, 0xB6, 0x52, 0xB7, 0x52, 0x97, 0x52, 0xF8, 0x5A, 0xD7, 0x5A, 0x55, 0x4A, 0x14, 0x42,
    0x53, 0x4A, 0x12, 0x42, 0xD1, 0x39, 0xEE, 0x18, 0xED, 0x18, 0x4F, 0x29, 0x12, 0x42, 0xD3, 0x39,
    0x14, 0x42, 0x56, 0x4A, 0x76, 0x52, 0x81, 0x97, 0x52, 0x05, 0x77, 0x52, 0x55, 0x4A, 0x14, 0x42,
    0xD2, 0x39, 0x91, 0x31, 0x4F, 0x29, 0x81, 0xED, 0x18, 0x15, 0x50, 0x29, 0x91, 0x31, 0xD3, 0x39,
    0x14, 0x42, 0x55, 0x4A, 0x76, 0x52, 0x97, 0x52, 0x98, 0x52, 0x76, 0x52, 0x55, 0x4A, 0x14, 0x42,
    0xD3, 0x39, 0x91, 0x31, 0x50, 0x29, 0xEE, 0x18, 0xED, 0x18, 0x4F, 0x29, 0x91, 0x31, 0xD2, 0x39,
    0x14, 0x42, 0x55, 0x4A, 0x76, 0x52, 0x81, 0x97, 0x52, 0x0D, 0x9C, 0x73, 0x27, 0x00, 0x09, 0x00,
    0x57, 0x6B, 0x34, 0x4A, 0x0D, 0x21, 0x4F, 0x29, 0x50, 0x29, 0x91, 0x31, 0xD2, 0x39, 0xF4, 0x39,
    0x15, 0x42, 0x35, 0x4A, 0x76, 0x4A, 0x81, 0x97, 0x52, 0x0D, 0x76, 0x4A, 0x35, 0x4A, 0x14, 0x42,
    0xF3, 0x39, 0xD2, 0x39, 0x90, 0x31, 0x4F, 0x29, 0x50, 0x29, 0x91, 0x31, 0xD2, 0x39, 0xF3, 0x39,
    0x15, 0x42, 0x36, 0x4A, 0x56, 0x4A, 0x81, 0x97, 0x52, 0x05, 0x56, 0x4A, 0x35, 0x4A, 0x14, 0x42,
    0xF3, 0x39, 0xD2, 0x39, 0x90, 0x31, 0x81, 0x50, 0x29, 0x05, 0x91, 0x31, 0xD2, 0x39, 0xF3, 0x39,
    0x14, 0x42, 0x35, 0x4A, 0x56, 0x4A, 0x81, 0x97, 0x52, 0x05, 0x56, 0x4A, 0x36, 0x4A, 0x15, 0x42,
    0xF3, 0x39, 0xD3, 0x39, 0x92, 0x31, 0x81, 0x4F, 0x29, 0x05, 0x90, 0x31, 0xD1, 0x39, 0xF3, 0x39,
    0x14, 0x42, 0x35, 0x4A, 0x56, 0x4A, 0x81, 0x97, 0x52, 0x05, 0x56, 0x4A, 0x35, 0x4A, 0x15, 0x42,
    0xF4, 0x39, 0xD2, 0x39, 0x92, 0x31, 0x81, 0x50, 0x29, 0x05, 0x92, 0x31, 0xD2, 0x39, 0xF3, 0x39,
    0x14, 0x42, 0x35, 0x4A, 0x76, 0x4A, 0x81, 0x97, 0x52, 0x05, 0x76, 0x4A, 0x35, 0x4A, 0x14, 0x42,
    0xF3, 0x39, 0xD2, 0x39, 0x92, 0x31, 0x81, 0x51, 0x29, 0x05, 0x90, 0x31, 0xD1, 0x39, 0xF3, 0x39,
    0x14, 0x42, 0x35, 0x4A, 0x56, 0x4A, 0x81, 0x97, 0x52, 0x05, 0x56, 0x4A, 0x35, 0x4A, 0x15, 0x42,
    0xF4, 0x39, 0xD2, 0x39, 0x92, 0x31, 0x81, 0x50, 0x29, 0x05, 0x92, 0x31, 0xD2, 0x39, 0xF3, 0x39,
    0x14, 0x42, 0x35, 0x4A, 0x76, 0x4A, 0x81, 0x97, 0x52, 0x05, 0x76, 0x4A, 0x35, 0x4A, 0x14, 0x42,
    0xF3, 0x39, 0xD2, 0x39, 0x92, 0x31, 0x81, 0x51, 0x29, 0x05, 0x91, 0x31, 0xD3, 0x39, 0xF4, 0x39,
    0x14, 0x42, 0x35, 0x4A, 0x76, 0x4A, 0x81, 0x97, 0x52, 0x11, 0x7B, 0x6B, 0x68, 0x10, 0x08, 0x00,
    0x97, 0x73, 0x76, 0x52, 0x0D, 0x21, 0xB1, 0x31, 0xB2, 0x31, 0xD3, 0x39, 0xF3, 0x39, 0x13, 0x42,
    0x14, 0x42, 0x35, 0x4A, 0x56, 0x4A, 0x76, 0x4A, 0x57, 0x4A, 0x56, 0x4A, 0x35, 0x4A, 0x81, 0x14,
    0x42, 0x09, 0xF3, 0x39, 0xD2, 0x39, 0xB2, 0x31, 0xB1, 0x31, 0xD2, 0x39, 0xF3, 0x39, 0x13, 0x42,
    0x14, 0x42, 0x35, 0x4A, 0x56, 0x4A, 0x81, 0x76, 0x4A, 0x01, 0x55, 0x4A, 0x34, 0x4A, 0x81, 0x14,
    0x42, 0x05, 0xF3, 0x39, 0xD2, 0x39, 0xB2, 0x31, 0xB1, 0x31, 0xD2, 0x39, 0xF3, 0x39, 0x81, 0x14,
    0x42, 0x01, 0x35, 0x4A, 0x56, 0x4A, 0x81, 0x76, 0x4A, 0x05, 0x55, 0x4A, 0x35, 0x4A, 0x15, 0x42,
    0x14, 0x42, 0xF4, 0x39, 0xD3, 0x39, 0x81, 0xB2, 0x31, 0x05, 0xD3, 0x39, 0xF3, 0x39, 0x13, 0x42,
    0x14, 0x42, 0x35, 0x4A, 0x55, 0x4A, 0x81, 0x76, 0x4A, 0x01, 0x55, 0x4A, 0x35, 0x4A, 0x81, 0x15,
    0x42, 0x01, 0xF4, 0x39, 0xD3, 0x39, 0x81, 0xB1, 0x31, 0x05, 0xD3, 0x39, 0xF3, 0x39, 0x13, 0x42,
    0x14, 0x42, 0x35, 0x4A, 0x55, 0x4A, 0x81, 0x76, 0x4A, 0x01, 0x55, 0x4A, 0x35, 0x4A, 0x81, 0x14,
    0x42, 0x09, 0xF3, 0x39, 0xD2, 0x39, 0xB1, 0x31, 0xB2, 0x31, 0xD3, 0x39, 0xF3, 0x39, 0x13, 0x42,
    0x14, 0x42, 0x35, 0x4A, 0x55, 0x4A, 0x81, 0x76, 0x4A, 0x01, 0x55, 0x4A, 0x35, 0x4A, 0x81, 0x15,
    0x42, 0x01, 0xF4, 0x39, 0xD3, 0x39, 0x81, 0xB1, 0x31, 0x05, 0xD3, 0x39, 0xF3, 0x39, 0x13, 0x42,
    0x14, 0x42, 0x35, 0x4A, 0x55, 0x4A, 0x81, 0x76, 0x4A, 0x01, 0x55, 0x4A, 0x35, 0x4A, 0x81, 0x14,
    0x42, 0x05, 0xF3, 0x39, 0xD2, 0x39, 0xB1, 0x31, 0xB2, 0x31, 0xD3, 0x39, 0xF4, 0x39, 0x81, 0x15,
    0x42, 0x01, 0x35, 0x4A, 0x55, 0x4A, 0x81, 0x76, 0x4A, 0x05, 0x39, 0x6B, 0xAA, 0x10, 0x07, 0x00,
    0xF8, 0x83, 0xB7, 0x5A, 0xEC, 0x18, 0x81, 0xF3, 0x41, 0x05, 0x59, 0x84, 0xB4, 0x5A, 0xF6, 0x5A,
    0xF6, 0x7B, 0x54, 0x4A, 0x36, 0x84, 0x81, 0x35, 0x4A, 0x02, 0xF5, 0x7B, 0xF6, 0x5A, 0x34, 0x42,
    0x82, 0x14, 0x42, 0x81, 0xF4, 0x41, 0x81, 0x13, 0x42, 0x00, 0x14, 0x42, 0x81, 0x34, 0x42, 0x00,
    0x35, 0x42, 0x81, 0x35, 0x4A, 0x00, 0xF6, 0x7B, 0x81, 0x34, 0x42, 0x02, 0x15, 0x42, 0x18, 0x7C,
    0x14, 0x42, 0x81, 0xF3, 0x41, 0x81, 0x13, 0x42, 0x00, 0x14, 0x42, 0x81, 0x34, 0x42, 0x00, 0x34,
    0x4A, 0x81, 0x35, 0x4A, 0x00, 0x34, 0x4A, 0x81, 0x34, 0x42, 0x81, 0x14, 0x42, 0x00, 0x13, 0x42,
    0x81, 0xF4, 0x41, 0x82, 0x14, 0x42, 0x81, 0x35, 0x42, 0x08, 0x34, 0x42, 0x34, 0x4A, 0x35, 0x4A,
    0xB5, 0x52, 0xF7, 0x7B, 0x74, 0x4A, 0x38, 0x84, 0x34, 0x4A, 0x79, 0x8C, 0x81, 0xF3, 0x41, 0x82,
    0x14, 0x42, 0x81, 0x34, 0x42, 0x00, 0x34, 0x4A, 0x81, 0x35, 0x4A, 0x82, 0x34, 0x42, 0x81, 0x14,
    0x42, 0x00, 0x13, 0x42, 0x81, 0xF3, 0x41, 0x82, 0x14, 0x42, 0x81, 0x35, 0x42, 0x05, 0x95, 0x52,
    0x15, 0x84, 0x36, 0x63, 0xF5, 0x7B, 0xF6, 0x5A, 0x34, 0x42, 0x81, 0x14, 0x42, 0x02, 0x34, 0x42,
    0x7A, 0x8C, 0x13, 0x42, 0x82, 0x14, 0x42, 0x81, 0x34, 0x42, 0x00, 0x34, 0x4A, 0x81, 0x35, 0x4A,
    0x82, 0x34, 0x42, 0x81, 0x14, 0x42, 0x00, 0x13, 0x42, 0x81, 0xF3, 0x41, 0x00, 0x13, 0x42, 0x81,
    0x14, 0x42, 0x82, 0x35, 0x42, 0x81, 0x35, 0x4A, 0x05, 0x18, 0x63, 0xCC, 0x18, 0x09, 0x00, 0x58,
    0x8C, 0xF8, 0x62, 0xCB, 0x18, 0x81, 0x55, 0x4A, 0x0D, 0x19, 0x9D, 0x77, 0x6B, 0x56, 0x6B, 0xF9,
    0x9C, 0xD5, 0x5A, 0x5A, 0xAD, 0xB4, 0x73, 0x33, 0x42, 0x3A, 0xA5, 0x36, 0x84, 0x95, 0x52, 0x35,
    0x63, 0xD8, 0x7B, 0x19, 0x84, 0x81, 0x55, 0x4A, 0x04, 0xF9, 0x7B, 0xF8, 0x7B, 0x74, 0x4A, 0x37,
    0x63, 0x54, 0x6B, 0x81, 0x13, 0x42, 0x01, 0x75, 0x6B, 0xD7, 0x7B, 0x81, 0x34, 0x42, 0x4A, 0xF5,
    0x5A, 0xD9, 0x9C, 0x35, 0x4A, 0xB8, 0x73, 0xD6, 0x5A, 0xF9, 0x7B, 0xD4, 0x5A, 0xB7, 0x73, 0xB4,
    0x52, 0x96, 0x73, 0x73, 0x4A, 0xB4, 0x73, 0x34, 0x4A, 0xB4, 0x73, 0x95, 0x52, 0xB6, 0x73, 0x95,
    0x52, 0x18, 0x7C, 0x74, 0x4A, 0x3A, 0x84, 0x55, 0x4A, 0x35, 0x4A, 0x34, 0x4A, 0x36, 0x63, 0x55,
    0x6B, 0xF6, 0x5A, 0x55, 0x6B, 0xF4, 0x5A, 0x14, 0x63, 0xB5, 0x52, 0x37, 0x84, 0xB5, 0x52, 0x19,
    0x9D, 0x95, 0x52, 0x5A, 0xA5, 0x55, 0x4A, 0x16, 0x63, 0x19, 0x84, 0x36, 0x6B, 0x34, 0x42, 0x77,
    0x6B, 0x95, 0x73, 0xB5, 0x73, 0x14, 0x63, 0xB4, 0x73, 0x34, 0x4A, 0x34, 0x42, 0x95, 0x73, 0xF7,
    0x7B, 0xB6, 0x52, 0x95, 0x52, 0x19, 0x84, 0x19, 0x7C, 0x55, 0x4A, 0xD6, 0x5A, 0xF7, 0x7B, 0x55,
    0x6B, 0x35, 0x42, 0xF6, 0x7B, 0x3A, 0xA5, 0xF5, 0x5A, 0x3A, 0xA5, 0x36, 0x84, 0x95, 0x52, 0x34,
    0x42, 0x34, 0x4A, 0x75, 0x4A, 0x7A, 0xAD, 0xF9, 0x7B, 0xB7, 0x73, 0x34, 0x4A, 0xB5, 0x52, 0xD7,
    0x7B, 0x75, 0x6B, 0x14, 0x42, 0x81, 0x13, 0x42, 0x00, 0x14, 0x42, 0x82, 0x34, 0x42, 0x01, 0x35,
    0x42, 0x35, 0x4A, 0x81, 0x55, 0x4A, 0x01, 0x35, 0x4A, 0x34, 0x4A, 0x82, 0x34, 0x42, 0x81, 0x14,
    0x42, 0x06, 0x13, 0x42, 0xD7, 0x5A, 0x0D, 0x21, 0x0A, 0x00, 0x98, 0x94, 0x39, 0x6B, 0xAA, 0x10,
    0x81, 0x97, 0x52, 0x65, 0x19, 0x9D, 0x39, 0xA5, 0x3A, 0xA5, 0xFA, 0x9C, 0x74, 0x4A, 0x5A, 0xAD,
    0xF5, 0x62, 0xD2, 0x39, 0x1A, 0xA5, 0xB6, 0x73, 0x54, 0x4A, 0x79, 0x8C, 0x78, 0x8C, 0xB8, 0x94,
    0xD8, 0x7B, 0xF8, 0x7B, 0xFA, 0x9C, 0x18, 0x84, 0xD6, 0x5A, 0x55, 0x6B, 0x39, 0x84, 0xF3, 0x39,
    0xF2, 0x39, 0x3A, 0xA5, 0x73, 0x4A, 0x13, 0x42, 0x34, 0x42, 0x59, 0x8C, 0x76, 0x6B, 0x76, 0x4A,
    0xB7, 0x73, 0x79, 0x8C, 0xF9, 0x9C, 0x39, 0x84, 0xF9, 0x9C, 0x95, 0x52, 0x37, 0x84, 0xF6, 0x7B,
    0x5A, 0xA5, 0x34, 0x63, 0x3A, 0xA5, 0x34, 0x4A, 0xB9, 0x94, 0xF7, 0x7B, 0x5A, 0xA5, 0xB8, 0x73,
    0x3A, 0xA5, 0x96, 0x52, 0x76, 0x4A, 0x55, 0x4A, 0xF5, 0x5A, 0xFA, 0x9C, 0x36, 0x84, 0x1A, 0xA5,
    0x98, 0x8C, 0xD3, 0x5A, 0xD5, 0x5A, 0xD9, 0x94, 0xD5, 0x5A, 0x19, 0x9D, 0xB6, 0x52, 0x5A, 0xA5,
    0x96, 0x52, 0x5A, 0xA5, 0x5A, 0x8C, 0x5A, 0xA5, 0x95, 0x52, 0x37, 0x84, 0x99, 0x94, 0x1A, 0xA5,
    0x38, 0x84, 0x5A, 0xAD, 0xB4, 0x52, 0x77, 0x6B, 0xF9, 0x9C, 0x38, 0x84, 0xF6, 0x5A, 0x59, 0x8C,
    0xDA, 0x94, 0x39, 0x84, 0xB7, 0x52, 0xF9, 0x9C, 0x18, 0x7C, 0x1A, 0xA5, 0xD4, 0x5A, 0xB6, 0x73,
    0xD9, 0x9C, 0xF2, 0x41, 0x1A, 0xA5, 0xB7, 0x73, 0x54, 0x4A, 0x55, 0x4A, 0x56, 0x4A, 0xB6, 0x52,
    0x7A, 0xAD, 0xD7, 0x7B, 0x5A, 0xA5, 0xF6, 0x5A, 0x98, 0x94, 0x79, 0x8C, 0x39, 0xA5, 0x74, 0x4A,
    0x81, 0xD2, 0x39, 0x0D, 0xF3, 0x39, 0x14, 0x42, 0x34, 0x42, 0x55, 0x4A, 0x56, 0x4A, 0x76, 0x4A,
    0x96, 0x52, 0x97, 0x52, 0x77, 0x4A, 0x56, 0x4A, 0x55, 0x4A, 0x34, 0x42, 0x13, 0x42, 0xF3, 0x39,
    0x81, 0xD2, 0x39, 0x05, 0x94, 0x52, 0x2D, 0x21, 0x09, 0x00, 0xF9, 0x9C, 0x7A, 0x6B, 0x68, 0x10,
    0x81, 0xD8, 0x5A, 0x20, 0x19, 0x9D, 0xB9, 0x73, 0x56, 0x6B, 0xFA, 0x9C, 0x13, 0x42, 0x5A, 0xAD,
    0xF3, 0x39, 0x92, 0x31, 0x1A, 0xA5, 0x33, 0x63, 0x34, 0x4A, 0x7A, 0x8C, 0x17, 0x84, 0x9A, 0x94,
    0xF8, 0x7B, 0x39, 0x63, 0x78, 0x8C, 0x5A, 0xAD, 0x77, 0x6B, 0xB6, 0x52, 0xB5, 0x52, 0xD2, 0x39,
    0x11, 0x42, 0xB8, 0x94, 0xD2, 0x39, 0xF4, 0x41, 0x55, 0x4A, 0xF9, 0x9C, 0x76, 0x52, 0xB7, 0x52,
    0x18, 0x63, 0x3A, 0xA5, 0x59, 0x8C, 0x81, 0xDA, 0x9C, 0x42, 0x34, 0x42, 0x14, 0x63, 0x19, 0xA5,
    0xF6, 0x7B, 0xD8, 0x94, 0x78, 0x8C, 0xF3, 0x41, 0x39, 0x84, 0x3A, 0xA5, 0x59, 0x84, 0x1A, 0xA5,
    0x59, 0x8C, 0xD8, 0x5A, 0x79, 0x6B, 0xB7, 0x52, 0x55, 0x4A, 0x1A, 0x9D, 0xD9, 0x94, 0x98, 0x94,
    0x5A, 0xAD, 0xD0, 0x39, 0xB4, 0x5A, 0xB9, 0x94, 0xD5, 0x5A, 0xF9, 0x9C, 0xD7, 0x5A, 0x3A, 0xA5,
    0xF8, 0x5A, 0x5A, 0xAD, 0xB9, 0x73, 0x98, 0x73, 0x76, 0x4A, 0x36, 0x84, 0xF7, 0x7B, 0x98, 0x94,
    0xD3, 0x5A, 0x5A, 0xA5, 0x92, 0x52, 0x54, 0x4A, 0x59, 0x8C, 0x3A, 0xA5, 0xB7, 0x73, 0x79, 0x6B,
    0x99, 0x94, 0x7A, 0xAD, 0x18, 0x63, 0x19, 0x9D, 0x77, 0x6B, 0xB8, 0x94, 0x56, 0x63, 0xF3, 0x5A,
    0xB8, 0x94, 0x90, 0x31, 0x1A, 0xA5, 0x35, 0x63, 0x35, 0x4A, 0xD5, 0x5A, 0x18, 0x63, 0xD8, 0x5A,
    0x5A, 0xAD, 0x59, 0x6B, 0x3A, 0xA5, 0x38, 0x63, 0xD9, 0x9C, 0xD7, 0x7B, 0x35, 0x63, 0x12, 0x42,
    0x81, 0x91, 0x31, 0x05, 0xD2, 0x39, 0xF4, 0x41, 0x34, 0x42, 0x55, 0x4A, 0x76, 0x52, 0xB7, 0x52,
    0x81, 0xD8, 0x5A, 0x0D, 0xB8, 0x52, 0x77, 0x52, 0x56, 0x4A, 0x34, 0x42, 0xF3, 0x41, 0xD1, 0x39,
    0x91, 0x31, 0x90, 0x31, 0x32, 0x4A, 0x4E, 0x29, 0x08, 0x00, 0x39, 0xAD, 0xBB, 0x73, 0x26, 0x00,
    0x81, 0x1A, 0x63, 0x2D, 0xD8, 0x9C, 0xBA, 0x7B, 0x36, 0x63, 0xFA, 0x9C, 0xF2, 0x39, 0x36, 0x84,
    0x3A, 0xA5, 0x4F, 0x29, 0xD6, 0x7B, 0x3A, 0xA5, 0xB4, 0x52, 0x9A, 0x94, 0x3A, 0xA5, 0xF9, 0x9C,
    0x1A, 0x63, 0xFA, 0x7B, 0x3A, 0xA5, 0xBA, 0x94, 0x96, 0x52, 0x94, 0x73, 0x9A, 0x94, 0x90, 0x31,
    0x76, 0x8C, 0xCE, 0x39, 0x90, 0x31, 0xF3, 0x39, 0xF8, 0x7B, 0x16, 0x7C, 0xB7, 0x52, 0xD9, 0x5A,
    0x1A, 0x63, 0x39, 0xA5, 0x9A, 0x73, 0x97, 0x94, 0x5A, 0x84, 0x34, 0x42, 0x53, 0x4A, 0x5A, 0xA5,
    0x2E, 0x29, 0x3A, 0xA5, 0xB1, 0x52, 0xF2, 0x39, 0xF6, 0x5A, 0x3A, 0xA5, 0xD8, 0x5A, 0x5A, 0xA5,
    0x81, 0x1A, 0x63, 0x3D, 0xD8, 0x9C, 0xBA, 0x73, 0x76, 0x4A, 0x35, 0x84, 0x9A, 0x94, 0x12, 0x63,
    0x3A, 0xA5, 0x2D, 0x21, 0x92, 0x52, 0x98, 0x94, 0xD5, 0x5A, 0xD8, 0x9C, 0xF8, 0x5A, 0x19, 0xA5,
    0x1A, 0x63, 0xDA, 0x7B, 0x1A, 0xA5, 0xFA, 0x9C, 0x96, 0x52, 0x15, 0x7C, 0xF8, 0x7B, 0x77, 0x8C,
    0xB2, 0x52, 0x3A, 0xA5, 0x70, 0x4A, 0x36, 0x63, 0x3A, 0xA5, 0xD8, 0x94, 0xB7, 0x52, 0x3A, 0x84,
    0x3A, 0xA5, 0x9A, 0x94, 0xD8, 0x5A, 0x77, 0x6B, 0x19, 0xA5, 0x79, 0x8C, 0xF2, 0x39, 0xB1, 0x52,
    0x98, 0x8C, 0x0D, 0x21, 0xD6, 0x7B, 0x3A, 0xA5, 0xB4, 0x52, 0x7A, 0x8C, 0x17, 0x84, 0x19, 0x63,
    0x5A, 0xA5, 0x3A, 0xA5, 0x5A, 0x8C, 0xB7, 0x52, 0x16, 0x63, 0xF9, 0x9C, 0x1A, 0xA5, 0x12, 0x42,
    0x10, 0x21, 0x0F, 0x21, 0x90, 0x31, 0xF3, 0x39, 0x34, 0x42, 0x75, 0x4A, 0xB7, 0x52, 0xD8, 0x5A,
    0x81, 0x1A, 0x63, 0x05, 0xD9, 0x5A, 0xB7, 0x52, 0x76, 0x4A, 0x34, 0x42, 0xF2, 0x39, 0x90, 0x31,
    0x81, 0x0F, 0x21, 0x05, 0xD1, 0x39, 0x6F, 0x29, 0x09, 0x00, 0x59, 0xAD, 0xDB, 0x7B, 0x26, 0x00,
    0x81, 0x1A, 0x63, 0x05, 0xF9, 0x5A, 0xB7, 0x52, 0x76, 0x52, 0x34, 0x4A, 0xF2, 0x39, 0x90, 0x31,
    0x81, 0x0F, 0x21, 0x05, 0x92, 0x31, 0xF3, 0x39, 0x34, 0x4A, 0x9A, 0x94, 0xF7, 0x7B, 0xF9, 0x5A,
    0x81, 0x1A, 0x63, 0x0D, 0xF9, 0x5A, 0xB7, 0x52, 0x76, 0x52, 0x34, 0x4A, 0xF3, 0x39, 0xD2, 0x39,
    0x16, 0x84, 0x2E, 0x29, 0x90, 0x31, 0xF2, 0x39, 0xD8, 0x7B, 0xD6, 0x5A, 0xB7, 0x52, 0xF9, 0x5A,
    0x81, 0x1A, 0x63, 0x05, 0xF9, 0x5A, 0xB8, 0x52, 0x76, 0x4A, 0x34, 0x4A, 0xF3, 0x39, 0x92, 0x31,
    0x81, 0x0E, 0x21, 0x05, 0x91, 0x31, 0xF2, 0x39, 0x34, 0x4A, 0x76, 0x52, 0xB8, 0x52, 0xF9, 0x5A,
    0x81, 0x1A, 0x63, 0x05, 0xF9, 0x5A, 0xB7, 0x52, 0x76, 0x52, 0x34, 0x4A, 0xF2, 0x39, 0x90, 0x31,
    0x81, 0x0E, 0x21, 0x05, 0x90, 0x31, 0xF3, 0x39, 0x35, 0x42, 0x76, 0x52, 0xB7, 0x52, 0xF9, 0x5A,
    0x81, 0x1A, 0x63, 0x05, 0xF9, 0x5A, 0xB7, 0x52, 0x76, 0x52, 0x34, 0x4A, 0xF3, 0x39, 0x91, 0x31,
    0x81, 0x0F, 0x21, 0x05, 0x90, 0x31, 0xF3, 0x39, 0x35, 0x42, 0x76, 0x52, 0xB7, 0x52, 0xF9, 0x5A,
    0x81, 0x1A, 0x63, 0x05, 0xF9, 0x5A, 0xB7, 0x52, 0x76, 0x52, 0x34, 0x4A, 0xF2, 0x39, 0x90, 0x31,
    0x81, 0x0E, 0x21, 0x05, 0x90, 0x31, 0xF3, 0x39, 0x35, 0x42, 0x76, 0x52, 0xB7, 0x52, 0xF9, 0x5A,
    0x81, 0x1A, 0x63, 0x05, 0xF9, 0x5A, 0xB7, 0x52, 0x76, 0x52, 0x34, 0x4A, 0xF3, 0x39, 0x91, 0x31,
    0x81, 0x0F, 0x21, 0x05, 0x90, 0x31, 0xF3, 0x39, 0x35, 0x42, 0x76, 0x52, 0xB7, 0x52, 0xF9, 0x5A,
    0x81, 0x1A, 0x63, 0x05, 0xF9, 0x5A, 0xB7, 0x52, 0x76, 0x4A, 0x35, 0x42, 0xF3, 0x39, 0x90, 0x31,
    0x81, 0x0E, 0x21, 0x05, 0xD0, 0x39, 0x6F, 0x31, 0x08, 0x00, 0x39, 0xA5, 0xBA, 0x73, 0x88, 0x10,
    0x81, 0xF9, 0x5A, 0x05, 0xD9, 0x5A, 0xB8, 0x52, 0x77, 0x52, 0x56, 0x4A, 0x14, 0x42, 0xD3, 0x39,
    0x81, 0x91, 0x31, 0x05, 0xD3, 0x39, 0x15, 0x42, 0x55, 0x4A, 0x76, 0x52, 0xB7, 0x52, 0xD8, 0x5A,
    0x81, 0xF9, 0x5A, 0x0D, 0xD8, 0x5A, 0xB7, 0x52, 0x76, 0x52, 0x54, 0x4A, 0x13, 0x42, 0xD3, 0x39,
    0x93, 0x31, 0x92, 0x31, 0xD2, 0x39, 0x13, 0x42, 0x55, 0x4A, 0x76, 0x52, 0xB7, 0x52, 0xD8, 0x5A,
    0x81, 0xF9, 0x5A, 0x05, 0xD8, 0x5A, 0xB7, 0x52, 0x76, 0x52, 0x55, 0x4A, 0x14, 0x42, 0xD4, 0x39,
    0x81, 0x92, 0x31, 0x05, 0xD4, 0x39, 0x14, 0x42, 0x55, 0x4A, 0x76, 0x52, 0xB7, 0x52, 0xD8, 0x5A,
    0x81, 0xF9, 0x5A, 0x0D, 0xD8, 0x5A, 0xB7, 0x52, 0x76, 0x52, 0x55, 0x4A, 0x13, 0x42, 0xD2, 0x39,
    0x90, 0x31, 0x91, 0x31, 0xD2, 0x39, 0x13, 0x42, 0x55, 0x4A, 0x77, 0x52, 0xB8, 0x52, 0xD8, 0x5A,
    0x81, 0xF9, 0x5A, 0x05, 0xD8, 0x5A, 0xB7, 0x52, 0x76, 0x52, 0x55, 0x4A, 0x14, 0x42, 0xD2, 0x39,
    0x81, 0x91, 0x31, 0x05, 0xD2, 0x39, 0x14, 0x42, 0x56, 0x4A, 0x77, 0x52, 0xB8, 0x52, 0xD9, 0x5A,
    0x81, 0xF9, 0x5A, 0x0D, 0xD8, 0x5A, 0xB7, 0x52, 0x76, 0x52, 0x55, 0x4A, 0x13, 0x42, 0xD2, 0x39,
    0x90, 0x31, 0x91, 0x31, 0xD2, 0x39, 0x13, 0x42, 0x55, 0x4A, 0x77, 0x52, 0xB8, 0x52, 0xD8, 0x5A,
    0x81, 0xF9, 0x5A, 0x05, 0xD8, 0x5A, 0xB7, 0x52, 0x76, 0x52, 0x55, 0x4A, 0x14, 0x42, 0xD2, 0x39,
    0x81, 0x91, 0x31, 0x05, 0xD2, 0x39, 0x14, 0x42, 0x56, 0x4A, 0x77, 0x52, 0xB8, 0x52, 0xD9, 0x5A,
    0x81, 0xF9, 0x5A, 0x0D, 0xD8, 0x5A, 0xB7, 0x52, 0x76, 0x52, 0x55, 0x4A, 0x15, 0x42, 0xD3, 0x39,
    0x90, 0x31, 0x91, 0x31, 0x53, 0x4A, 0x6E, 0x29, 0x07, 0x00, 0x19, 0xA5, 0x99, 0x73, 0xCA, 0x18,
    0x81, 0xD8, 0x5A, 0x05, 0xB7, 0x52, 0x97, 0x52, 0x77, 0x52, 0x76, 0x4A, 0x55, 0x4A, 0x35, 0x42,
    0x81, 0xF3, 0x41, 0x05, 0x34, 0x42, 0x55, 0x4A, 0x56, 0x4A, 0x76, 0x52, 0x97, 0x52, 0xB8, 0x52,
    0x81, 0xD8, 0x5A, 0x0D, 0xB7, 0x52, 0x97, 0x52, 0x76, 0x52, 0x75, 0x4A, 0x54, 0x4A, 0x33, 0x42,
    0xF3, 0x41, 0xF4, 0x41, 0x34, 0x42, 0x54, 0x4A, 0x75, 0x4A, 0x76, 0x52, 0x97, 0x52, 0xB7, 0x52,
    0x81, 0xD8, 0x5A, 0x15, 0xB7, 0x52, 0x97, 0x52, 0x76, 0x52, 0x75, 0x4A, 0x54, 0x4A, 0x33, 0x42,
    0xF3, 0x41, 0xF4, 0x41, 0x34, 0x42, 0x55, 0x4A, 0x76, 0x4A, 0x76, 0x52, 0x97, 0x52, 0xB8, 0x52,
    0xD8, 0x5A, 0xD9, 0x5A, 0xB8, 0x52, 0x97, 0x52, 0x77, 0x52, 0x56, 0x4A, 0x55, 0x4A, 0x34, 0x42,
    0x81, 0xF3, 0x41, 0x05, 0x33, 0x42, 0x54, 0x4A, 0x75, 0x4A, 0x76, 0x52, 0x97, 0x52, 0xB7, 0x52,
    0x81, 0xD8, 0x5A, 0x05, 0xB7, 0x52, 0x97, 0x52, 0x76, 0x52, 0x75, 0x4A, 0x55, 0x4A, 0x34, 0x42,
    0x81, 0xF4, 0x41, 0x05, 0x34, 0x42, 0x54, 0x4A, 0x75, 0x4A, 0x76, 0x52, 0x97, 0x52, 0xB8, 0x52,
    0x81, 0xD8, 0x5A, 0x05, 0xB8, 0x52, 0x97, 0x52, 0x77, 0x52, 0x56, 0x4A, 0x55, 0x4A, 0x34, 0x42,
    0x81, 0xF3, 0x41, 0x05, 0x33, 0x42, 0x54, 0x4A, 0x75, 0x4A, 0x76, 0x52, 0x97, 0x52, 0xB7, 0x52,
    0x81, 0xD8, 0x5A, 0x05, 0xB7, 0x52, 0x97, 0x52, 0x76, 0x52, 0x75, 0x4A, 0x55, 0x4A, 0x34, 0x42,
    0x81, 0xF4, 0x41, 0x05, 0x34, 0x42, 0x54, 0x4A, 0x75, 0x4A, 0x76, 0x52, 0x97, 0x52, 0xB8, 0x52,
    0x81, 0xD8, 0x5A, 0x15, 0xB8, 0x52, 0x97, 0x52, 0x76, 0x52, 0x76, 0x4A, 0x55, 0x4A, 0x35, 0x42,
    0xF3, 0x41, 0xF4, 0x41, 0xD6, 0x5A, 0x4F, 0x29, 0x08, 0x00, 0xF8, 0x9C, 0x79, 0x6B, 0xEC, 0x18,
    0x97, 0x52, 0x96, 0x52, 0x1A, 0x9D, 0x98, 0x73, 0x77, 0x6B, 0xFA, 0x9C, 0x96, 0x52, 0x5A, 0xAD,
    0x81, 0x55, 0x4A, 0x05, 0x1A, 0xA5, 0x56, 0x6B, 0x76, 0x4A, 0x76, 0x52, 0x96, 0x52, 0x97, 0x52,
    0x81, 0x98, 0x52, 0x81, 0x97, 0x52, 0x01, 0x77, 0x52, 0x76, 0x4A, 0x81, 0x75, 0x4A, 0x0D, 0x55,
    0x4A, 0xD7, 0x5A, 0x78, 0x8C, 0x75, 0x4A, 0x76, 0x4A, 0xB6, 0x5A, 0xF8, 0x9C, 0x96, 0x52, 0xB7,
    0x5A, 0xDB, 0x9C, 0xB7, 0x52, 0x96, 0x52, 0x76, 0x52, 0x76, 0x4A, 0x81, 0x75, 0x4A, 0x81, 0x55,
    0x4A, 0x05, 0x56, 0x4A, 0x75, 0x4A, 0x76, 0x4A, 0x76, 0x52, 0xD6, 0x5A, 0xBA, 0x94, 0x82, 0x97,
    0x52, 0x01, 0x3A, 0xA5, 0xD7, 0x5A, 0x81, 0x77, 0x4A, 0x82, 0x56, 0x4A, 0x12, 0x55, 0x4A, 0x76,
    0x4A, 0xB6, 0x52, 0xF9, 0x9C, 0x1B, 0xA5, 0x78, 0x8C, 0xB7, 0x52, 0xDB, 0x9C, 0xFA, 0x9C, 0x5A,
    0xAD, 0x57, 0x6B, 0x18, 0x7C, 0xD9, 0x94, 0x3A, 0xA5, 0xF7, 0x7B, 0x55, 0x4A, 0x17, 0x63, 0x5A,
    0xA5, 0xB7, 0x73, 0x81, 0x96, 0x52, 0x05, 0x97, 0x52, 0x78, 0x6B, 0x5A, 0x84, 0xD7, 0x5A, 0xFA,
    0x9C, 0x76, 0x52, 0x81, 0x77, 0x4A, 0x81, 0x56, 0x4A, 0x04, 0x17, 0x63, 0xB9, 0x94, 0x76, 0x4A,
    0x75, 0x4A, 0x96, 0x52, 0x81, 0x97, 0x52, 0x01, 0x78, 0x6B, 0x5A, 0x84, 0x82, 0x96, 0x52, 0x00,
    0x76, 0x4A, 0x81, 0x75, 0x4A, 0x81, 0x55, 0x4A, 0x00, 0x56, 0x4A, 0x81, 0x75, 0x4A, 0x81, 0x96,
    0x52, 0x83, 0x97, 0x52, 0x81, 0x96, 0x52, 0x00, 0x76, 0x4A, 0x81, 0x75, 0x4A, 0x81, 0x55, 0x4A,
    0x20, 0x37, 0x6B, 0x2F, 0x21, 0x0A, 0x00, 0xB8, 0x9C, 0x57, 0x6B, 0x2D, 0x21, 0x76, 0x4A, 0x75,
    0x4A, 0x1A, 0xA5, 0x56, 0x84, 0x99, 0x8C, 0xF9, 0x9C, 0x78, 0x6B, 0x7A, 0xAD, 0x77, 0x8C, 0xB7,
    0x52, 0x5A, 0xA5, 0xD8, 0x94, 0x17, 0x63, 0x58, 0x8C, 0xD9, 0x9C, 0x3A, 0xA5, 0xD5, 0x5A, 0x15,
    0x63, 0xFB, 0x9C, 0xD9, 0x94, 0x17, 0x63, 0x18, 0x84, 0x99, 0x94, 0x97, 0x52, 0xB7, 0x52, 0xDA,
    0x9C, 0x58, 0x6B, 0x81, 0x96, 0x52, 0x22, 0xD8, 0x7B, 0x79, 0x8C, 0x76, 0x4A, 0x39, 0x84, 0x7A,
    0xAD, 0x95, 0x52, 0x17, 0x84, 0xFA, 0x9C, 0xB9, 0x94, 0xD7, 0x5A, 0x98, 0x8C, 0xF9, 0x7B, 0xDA,
    0x9C, 0x98, 0x73, 0x17, 0x63, 0x5B, 0xA5, 0xF9, 0x9C, 0xB6, 0x5A, 0x5A, 0xA5, 0x75, 0x4A, 0x77,
    0x8C, 0xFA, 0x9C, 0x5A, 0xAD, 0xD6, 0x5A, 0xB7, 0x73, 0xD9, 0x94, 0xF9, 0x9C, 0xD7, 0x5A, 0x58,
    0x6B, 0x3B, 0xA5, 0xD9, 0x9C, 0x96, 0x52, 0x37, 0x63, 0x77, 0x8C, 0xBA, 0x94, 0x81, 0x75, 0x4A,
    0x01, 0x55, 0x6B, 0x1B, 0xA5, 0x81, 0x96, 0x52, 0x01, 0xF6, 0x5A, 0x5B, 0xA5, 0x81, 0xB7, 0x52,
    0x1B, 0xD9, 0x9C, 0x1A, 0x9D, 0xD8, 0x7B, 0x96, 0x52, 0x76, 0x52, 0x76, 0x4A, 0x77, 0x6B, 0x99,
    0x94, 0x59, 0x8C, 0x5B, 0xAD, 0x17, 0x7C, 0xB6, 0x52, 0xDB, 0x9C, 0xB8, 0x94, 0x19, 0x84, 0x58,
    0x6B, 0x3A, 0xA5, 0x1A, 0xA5, 0x18, 0x84, 0x96, 0x52, 0x76, 0x52, 0x76, 0x4A, 0x76, 0x6B, 0x99,
    0x94, 0xB5, 0x52, 0xFA, 0x9C, 0xD9, 0x9C, 0xF9, 0x7B, 0x81, 0x96, 0x52, 0x81, 0xB7, 0x52, 0x81,
    0x97, 0x52, 0x81, 0x96, 0x52, 0x00, 0x76, 0x52, 0x81, 0x76, 0x4A, 0x02, 0x75, 0x4A, 0x76, 0x4A,
    0x76, 0x52, 0x83, 0x96, 0x52, 0x81, 0xB7, 0x52, 0x05, 0x98, 0x73, 0x0C, 0x21, 0x09, 0x00, 0x97,
    0x94, 0x17, 0x63, 0x4E, 0x29, 0x81, 0x34, 0x42, 0x00, 0x1A, 0xA5, 0x81, 0x58, 0x8C, 0x10, 0xF9,
    0x9C, 0xD8, 0x5A, 0x5A, 0xA5, 0xF8, 0x5A, 0xF9, 0x5A, 0x19, 0x9D, 0x99, 0x73, 0x97, 0x52, 0x57,
    0x8C, 0x18, 0x84, 0x16, 0x7C, 0x17, 0x84, 0x77, 0x6B, 0x1A, 0xA5, 0x98, 0x8C, 0xF7, 0x5A, 0xB7,
    0x52, 0x81, 0xD8, 0x5A, 0x06, 0x19, 0x63, 0x39, 0xA5, 0xF8, 0x5A, 0xB7, 0x5A, 0x96, 0x52, 0xB8,
    0x94, 0xD6, 0x5A, 0x81, 0x55, 0x4A, 0x1E, 0x5A, 0xAD, 0x74, 0x4A, 0x3A, 0xA5, 0x16, 0x63, 0xDA,
    0x9C, 0x98, 0x73, 0x9A, 0x73, 0x3A, 0xA5, 0x5A, 0xAD, 0x18, 0x63, 0x38, 0x63, 0xFA, 0x9C, 0x96,
    0x52, 0xB5, 0x52, 0x5A, 0xA5, 0x54, 0x4A, 0x5A, 0xAD, 0x95, 0x52, 0x3A, 0xA5, 0xD6, 0x5A, 0xDA,
    0x9C, 0xF9, 0x9C, 0xB8, 0x94, 0x59, 0x6B, 0x79, 0x73, 0xDA, 0x94, 0xB8, 0x5A, 0xB7, 0x52, 0xB6,
    0x52, 0xF7, 0x7B, 0x3A, 0xA5, 0x81, 0x33, 0x42, 0x25, 0x3A, 0xA5, 0x55, 0x6B, 0x96, 0x52, 0x97,
    0x52, 0x7B, 0x8C, 0x98, 0x8C, 0xF9, 0x5A, 0x3A, 0x84, 0xBB, 0x94, 0xF9, 0x9C, 0x9A, 0x8C, 0x96,
    0x52, 0x75, 0x4A, 0x54, 0x4A, 0x35, 0x63, 0x98, 0x8C, 0x95, 0x52, 0xF9, 0x9C, 0x96, 0x52, 0x98,
    0x73, 0xF9, 0x9C, 0xD8, 0x5A, 0xF9, 0x5A, 0x79, 0x73, 0xDA, 0x94, 0xD8, 0x7B, 0xBA, 0x94, 0x96,
    0x52, 0x75, 0x4A, 0x55, 0x4A, 0x35, 0x63, 0x98, 0x8C, 0xF8, 0x7B, 0x57, 0x84, 0x98, 0x73, 0xD9,
    0x94, 0xB8, 0x5A, 0xD8, 0x5A, 0x81, 0xF9, 0x5A, 0x09, 0xD8, 0x5A, 0xB8, 0x5A, 0x97, 0x52, 0x96,
    0x52, 0x75, 0x4A, 0x54, 0x4A, 0x34, 0x42, 0x35, 0x42, 0x54, 0x4A, 0x75, 0x4A, 0x81, 0x97, 0x52,
    0x01, 0xB7, 0x5A, 0xD8, 0x5A, 0x81, 0xF9, 0x5A, 0x6D, 0xF9, 0x83, 0xEA, 0x18, 0x07, 0x00, 0x57,
    0x8C, 0xD6, 0x5A, 0x6F, 0x29, 0xD1, 0x39, 0xD2, 0x39, 0x3B, 0xA5, 0x35, 0x63, 0x98, 0x73, 0xD8,
    0x9C, 0xF9, 0x5A, 0x3A, 0xA5, 0x5B, 0x8C, 0x3A, 0x6B, 0xB8, 0x94, 0xBB, 0x94, 0xF8, 0x5A, 0x37,
    0x84, 0xDA, 0x94, 0x19, 0xA5, 0xD3, 0x5A, 0xF6, 0x7B, 0xD5, 0x7B, 0x3B, 0xA5, 0x16, 0x63, 0x5A,
    0x84, 0x98, 0x94, 0x19, 0x63, 0x3C, 0x84, 0x1A, 0x84, 0x1A, 0x63, 0xF9, 0x5A, 0x57, 0x6B, 0xDA,
    0x9C, 0x54, 0x4A, 0x13, 0x42, 0xF2, 0x41, 0x7A, 0xAD, 0x33, 0x4A, 0xDB, 0x9C, 0x77, 0x8C, 0x3A,
    0xA5, 0x18, 0x63, 0x3A, 0x63, 0x5A, 0xAD, 0xBA, 0x94, 0x19, 0x63, 0x58, 0x6B, 0x1B, 0x9D, 0x96,
    0x52, 0x94, 0x52, 0x5A, 0xA5, 0xD2, 0x39, 0x3B, 0xA5, 0xF6, 0x7B, 0x5A, 0xAD, 0xD6, 0x5A, 0x7B,
    0x8C, 0xD9, 0x9C, 0xBB, 0x94, 0x9A, 0x73, 0xBA, 0x73, 0xDB, 0x9C, 0xF8, 0x5A, 0x37, 0x6B, 0x1A,
    0x9D, 0xD8, 0x94, 0xFB, 0x9C, 0xD2, 0x39, 0x12, 0x5B, 0x1A, 0xA5, 0x54, 0x4A, 0x96, 0x52, 0x38,
    0x63, 0x5A, 0xA5, 0x19, 0x63, 0x3A, 0x63, 0x9A, 0x73, 0xD9, 0x73, 0xF9, 0x9C, 0x5A, 0x8C, 0xB7,
    0x52, 0x5B, 0xA5, 0x13, 0x42, 0x13, 0x63, 0x78, 0x8C, 0x34, 0x42, 0x3A, 0xA5, 0x97, 0x73, 0x18,
    0x63, 0x19, 0xA5, 0x9B, 0x8C, 0x5A, 0x8C, 0xBA, 0x73, 0xDB, 0x9C, 0xD8, 0x73, 0xDB, 0x94, 0xB6,
    0x52, 0x5A, 0xA5, 0x14, 0x42, 0x14, 0x63, 0x77, 0x8C, 0xF5, 0x5A, 0xF9, 0x9C, 0xDA, 0x9C, 0x16,
    0x84, 0xF8, 0x5A, 0x19, 0x63, 0x81, 0x3A, 0x63, 0x1D, 0x19, 0x63, 0xF8, 0x5A, 0xB7, 0x52, 0x97,
    0x52, 0x56, 0x4A, 0x13, 0x42, 0xD1, 0x39, 0xD3, 0x39, 0x13, 0x42, 0x54, 0x4A, 0x96, 0x52, 0xB7,
    0x52, 0xF8, 0x5A, 0x1A, 0x63, 0x3B, 0x63, 0x3A, 0x63, 0x5B, 0x8C, 0xA9, 0x10, 0x06, 0x00, 0xF7,
    0x83, 0x95, 0x52, 0x91, 0x31, 0x4F, 0x29, 0x4E, 0x29, 0xD1, 0x39, 0x34, 0x42, 0x96, 0x52, 0xD8,
    0x5A, 0x19, 0x63, 0x5B, 0x6B, 0x81, 0x7C, 0x6B, 0x05, 0x5B, 0x6B, 0x19, 0x63, 0xD8, 0x5A, 0x35,
    0x84, 0x19, 0x84, 0xD1, 0x39, 0x81, 0x4F, 0x29, 0x25, 0xD2, 0x39, 0x34, 0x42, 0x96, 0x52, 0xD8,
    0x5A, 0x19, 0x63, 0x5B, 0x6B, 0x3A, 0xA5, 0x9C, 0x73, 0x5B, 0x6B, 0x1A, 0x63, 0x36, 0x84, 0xD9,
    0x7B, 0x35, 0x42, 0xF1, 0x39, 0x35, 0x84, 0x5B, 0xAD, 0xF1, 0x39, 0x34, 0x42, 0x96, 0x52, 0xD8,
    0x5A, 0x19, 0x63, 0x5B, 0x6B, 0x5A, 0xAD, 0xBD, 0x73, 0x5B, 0x6B, 0x19, 0x63, 0xD8, 0x5A, 0x96,
    0x52, 0x34, 0x42, 0xD1, 0x39, 0x50, 0x29, 0x4F, 0x29, 0xD1, 0x39, 0x34, 0x42, 0x96, 0x52, 0xD8,
    0x5A, 0x19, 0x63, 0x5B, 0x6B, 0x81, 0x7C, 0x6B, 0x0D, 0x5B, 0x6B, 0x19, 0x63, 0xD8, 0x5A, 0x96,
    0x52, 0x34, 0x42, 0xD3, 0x39, 0x52, 0x29, 0x50, 0x29, 0xD2, 0x39, 0x35, 0x42, 0x96, 0x52, 0xD8,
    0x5A, 0x19, 0x63, 0x5B, 0x6B, 0x81, 0x7C, 0x6B, 0x0D, 0x5B, 0x6B, 0x19, 0x63, 0xD7, 0x5A, 0x96,
    0x52, 0x34, 0x42, 0xD2, 0x39, 0x4E, 0x29, 0x4F, 0x29, 0xD1, 0x39, 0x34, 0x42, 0x96, 0x52, 0xD8,
    0x5A, 0x19, 0x63, 0x5B, 0x6B, 0x81, 0x7C, 0x6B, 0x0D, 0x5B, 0x6B, 0x19, 0x63, 0xD8, 0x5A, 0x96,
    0x52, 0x34, 0x42, 0xD3, 0x39, 0x52, 0x29, 0x50, 0x29, 0xD2, 0x39, 0x35, 0x42, 0x96, 0x52, 0xD8,
    0x5A, 0x19, 0x63, 0x5B, 0x6B, 0x81, 0x7C, 0x6B, 0x0D, 0x5B, 0x6B, 0x19, 0x63, 0xD7, 0x5A, 0x96,
    0x52, 0x34, 0x42, 0xD2, 0x39, 0x4E, 0x29, 0x4F, 0x29, 0xD2, 0x39, 0x34, 0x42, 0x96, 0x52, 0xD8,
    0x5A, 0x19, 0x63, 0x5B, 0x6B, 0x81, 0x7C, 0x6B, 0x05, 0xBC, 0x94, 0x48, 0x08, 0x07, 0x00, 0x17,
    0x84, 0x75, 0x8C, 0xAC, 0x10, 0x81, 0x50, 0x29, 0x2D, 0xD1, 0x39, 0x34, 0x4A, 0x96, 0x52, 0xD8,
    0x5A, 0x1A, 0x63, 0x5B, 0x6B, 0x9D, 0x73, 0x9C, 0x73, 0x5B, 0x6B, 0x1A, 0x63, 0xD8, 0x5A, 0xB7,
    0x5A, 0x54, 0x4A, 0xD1, 0x39, 0x4F, 0x29, 0x50, 0x29, 0xD2, 0x39, 0x34, 0x4A, 0x96, 0x52, 0xD8,
    0x5A, 0x1A, 0x63, 0x5B, 0x6B, 0xBD, 0x73, 0x9D, 0x73, 0x5B, 0x6B, 0x1A, 0x63, 0xF8, 0x5A, 0x96,
    0x52, 0x35, 0x4A, 0xD3, 0x39, 0xB0, 0x31, 0x8F, 0x31, 0xD2, 0x39, 0x34, 0x4A, 0x96, 0x52, 0xD8,
    0x5A, 0x1A, 0x63, 0x5B, 0x6B, 0xDD, 0x7B, 0x9C, 0x73, 0x5B, 0x6B, 0x1A, 0x63, 0xD8, 0x5A, 0x96,
    0x52, 0x34, 0x4A, 0xD1, 0x39, 0x81, 0x50, 0x29, 0x05, 0xD2, 0x39, 0x34, 0x4A, 0x96, 0x52, 0xD8,
    0x5A, 0x1A, 0x63, 0x5B, 0x6B, 0x81, 0x9D, 0x73, 0x1D, 0x5B, 0x6B, 0x1A, 0x63, 0xD8, 0x5A, 0x96,
    0x52, 0x34, 0x4A, 0xD1, 0x39, 0x4F, 0x29, 0x50, 0x29, 0xD2, 0x39, 0x35, 0x4A, 0x97, 0x52, 0xD8,
    0x5A, 0x1A, 0x63, 0x5B, 0x6B, 0x9C, 0x73, 0x9D, 0x73, 0x5B, 0x6B, 0x1A, 0x63, 0xD8, 0x5A, 0x96,
    0x52, 0x34, 0x4A, 0xD2, 0x39, 0x51, 0x29, 0x50, 0x29, 0xD2, 0x39, 0x34, 0x4A, 0x96, 0x52, 0xD8,
    0x5A, 0x1A, 0x63, 0x5B, 0x6B, 0x81, 0x9D, 0x73, 0x1D, 0x5B, 0x6B, 0x1A, 0x63, 0xD8, 0x5A, 0x96,
    0x52, 0x34, 0x4A, 0xD1, 0x39, 0x4F, 0x29, 0x50, 0x29, 0xD2, 0x39, 0x35, 0x4A, 0x97, 0x52, 0xD8,
    0x5A, 0x1A, 0x63, 0x5B, 0x6B, 0x9C, 0x73, 0x9D, 0x73, 0x5B, 0x6B, 0x1A, 0x63, 0xD8, 0x5A, 0x96,
    0x52, 0x34, 0x4A, 0xD2, 0x39, 0x51, 0x29, 0x50, 0x29, 0xD2, 0x39, 0x34, 0x4A, 0x96, 0x52, 0xD8,
    0x5A, 0x1A, 0x63, 0x5B, 0x6B, 0x81, 0x9D, 0x73, 0x0D, 0xDC, 0xBD, 0x48, 0x08, 0x08, 0x00, 0x57,
    0x8C, 0xD5, 0x5A, 0x69, 0x10, 0x6E, 0x31, 0x13, 0x42, 0xB5, 0x52, 0x36, 0x63, 0x97, 0x73, 0xF9,
    0x7B, 0x5A, 0x8C, 0x9B, 0x94, 0x81, 0xDC, 0x9C, 0x05, 0x9B, 0x94, 0x5A, 0x8C, 0xF8, 0x7B, 0x97,
    0x73, 0x36, 0x63, 0xB4, 0x52, 0x81, 0x12, 0x42, 0x05, 0xB4, 0x52, 0x36, 0x63, 0x97, 0x73, 0xF8,
    0x7B, 0x5A, 0x8C, 0x9B, 0x94, 0x81, 0xDC, 0x9C, 0x05, 0x9B, 0x94, 0x5A, 0x8C, 0xF8, 0x7B, 0x97,
    0x73, 0x35, 0x63, 0xB4, 0x52, 0x81, 0x12, 0x42, 0x05, 0xB4, 0x52, 0x35, 0x63, 0x97, 0x73, 0xF8,
    0x7B, 0x5A, 0x8C, 0x9B, 0x94, 0x81, 0xDC, 0x9C, 0x05, 0x9B, 0x94, 0x5A, 0x8C, 0xF9, 0x7B, 0x98,
    0x73, 0x36, 0x63, 0xB4, 0x52, 0x81, 0x12, 0x42, 0x05, 0xB4, 0x52, 0x36, 0x63, 0x97, 0x73, 0xF8,
    0x7B, 0x5A, 0x8C, 0x9B, 0x94, 0x81, 0xDC, 0x9C, 0x0D, 0x9B, 0x94, 0x5A, 0x8C, 0xF8, 0x7B, 0x97,
    0x73, 0x36, 0x63, 0xB4, 0x52, 0x11, 0x42, 0x12, 0x42, 0xB4, 0x52, 0x35, 0x63, 0x97, 0x73, 0xF8,
    0x7B, 0x5A, 0x8C, 0x9B, 0x94, 0x81, 0xDC, 0x9C, 0x0D, 0x9B, 0x94, 0x5A, 0x8C, 0xF9, 0x7B, 0x97,
    0x73, 0x36, 0x63, 0xB4, 0x52, 0x12, 0x42, 0x13, 0x42, 0xB4, 0x52, 0x36, 0x63, 0x97, 0x73, 0xF8,
    0x7B, 0x5A, 0x8C, 0x9B, 0x94, 0x81, 0xDC, 0x9C, 0x0D, 0x9B, 0x94, 0x5A, 0x8C, 0xF8, 0x7B, 0x97,
    0x73, 0x36, 0x63, 0xB4, 0x52, 0x11, 0x42, 0x12, 0x42, 0xB4, 0x52, 0x35, 0x63, 0x97, 0x73, 0xF8,
    0x7B, 0x5A, 0x8C, 0x9B, 0x94, 0x81, 0xDC, 0x9C, 0x10, 0x9B, 0x94, 0x5A, 0x8C, 0xF9, 0x7B, 0x97,
    0x73, 0x36, 0x63, 0xB4, 0x52, 0x12, 0x42, 0x13, 0x42, 0xB5, 0x52, 0x36, 0x63, 0x97, 0x73, 0xF8,
    0x7B, 0x5A, 0x8C, 0x9B, 0x94, 0xDC, 0x9C, 0xDC, 0xBD, 0x7A, 0x6B, 0x81, 0x07, 0x00, 0x0A, 0x17,
    0x84, 0x0D, 0x21, 0x08, 0x00, 0x09, 0x00, 0xD1, 0x39, 0xB0, 0x31, 0x8F, 0x31, 0x4E, 0x29, 0x2D,
    0x21, 0xEB, 0x20, 0xAA, 0x10, 0x81, 0x48, 0x08, 0x05, 0xAA, 0x10, 0xEB, 0x20, 0x2D, 0x21, 0x4E,
    0x29, 0x8F, 0x31, 0xB0, 0x31, 0x81, 0xD1, 0x39, 0x0D, 0xB0, 0x31, 0x8F, 0x31, 0x4E, 0x29, 0x2D,
    0x21, 0xEC, 0x20, 0xA9, 0x10, 0x47, 0x08, 0x48, 0x08, 0xA9, 0x10, 0xEB, 0x20, 0x2C, 0x21, 0x4E,
    0x29, 0x8F, 0x31, 0xB0, 0x31, 0x81, 0xD1, 0x39, 0x05, 0xB1, 0x31, 0x90, 0x31, 0x4E, 0x29, 0x2C,
    0x21, 0xEB, 0x20, 0xAA, 0x10, 0x81, 0x48, 0x08, 0x05, 0xAA, 0x10, 0xEB, 0x20, 0x2D, 0x21, 0x4E,
    0x29, 0x8F, 0x31, 0xB0, 0x31, 0x81, 0xD1, 0x39, 0x05, 0xB0, 0x31, 0x8F, 0x31, 0x4E, 0x29, 0x2D,
    0x21, 0xEB, 0x20, 0xA9, 0x18, 0x81, 0x48, 0x08, 0x15, 0xAA, 0x10, 0xEC, 0x18, 0x2D, 0x21, 0x4E,
    0x29, 0x8F, 0x31, 0xB0, 0x31, 0xD0, 0x39, 0xD1, 0x39, 0xB0, 0x31, 0x8F, 0x31, 0x4E, 0x29, 0x2C,
    0x21, 0xEB, 0x20, 0xAA, 0x10, 0x48, 0x08, 0x47, 0x08, 0xA9, 0x10, 0xEB, 0x20, 0x2D, 0x21, 0x4E,
    0x29, 0x8F, 0x31, 0xB0, 0x31, 0x81, 0xD1, 0x39, 0x05, 0xB0, 0x31, 0x8F, 0x31, 0x4E, 0x29, 0x2D,
    0x21, 0xEB, 0x20, 0xA9, 0x18, 0x81, 0x48, 0x08, 0x15, 0xAA, 0x10, 0xEC, 0x18, 0x2D, 0x21, 0x4E,
    0x29, 0x8F, 0x31, 0xB0, 0x31, 0xD0, 0x39, 0xD1, 0x39, 0xB0, 0x31, 0x8F, 0x31, 0x4E, 0x29, 0x2C,
    0x21, 0xEB, 0x20, 0xAA, 0x10, 0x48, 0x08, 0x47, 0x08, 0xA9, 0x10, 0xEB, 0x20, 0x2D, 0x21, 0x4E,
    0x29, 0x8F, 0x31, 0xB0, 0x31, 0x81, 0xD1, 0x39, 0x05, 0xB0, 0x31, 0x8F, 0x31, 0x4E, 0x29, 0x2D,
    0x21, 0xEB, 0x20, 0xAA, 0x10, 0x81, 0x47, 0x08, 0x82, 0x07, 0x00, 0x00, 0x12, 0x63, 0x83, 0x08,
    0x00, 0x00, 0x07, 0x00, 0x83, 0x08, 0x00, 0x82, 0x07, 0x00, 0x81, 0x08, 0x00, 0x81, 0x09, 0x00,
    0x81, 0x08, 0x00, 0x81, 0x0A, 0x00, 0x81, 0x07, 0x00, 0x00, 0x09, 0x00, 0x85, 0x08, 0x00, 0x01,
    0x07, 0x00, 0x08, 0x00, 0x81, 0x09, 0x00, 0x01, 0x0A, 0x00, 0x09, 0x00, 0x84, 0x08, 0x00, 0x81,
    0x07, 0x00, 0x87, 0x08, 0x00, 0x81, 0x09, 0x00, 0x02, 0x0A, 0x00, 0x09, 0x00, 0x08, 0x00, 0x81,
    0x09, 0x00, 0x81, 0x07, 0x00, 0x83, 0x08, 0x00, 0x86, 0x09, 0x00, 0x01, 0x0A, 0x00, 0x08, 0x00,
    0x81, 0x07, 0x00, 0x81, 0x08, 0x00, 0x82, 0x07, 0x00, 0x82, 0x08, 0x00, 0x81, 0x09, 0x00, 0x02,
    0x0A, 0x00, 0x09, 0x00, 0x08, 0x00, 0x81, 0x09, 0x00, 0x81, 0x07, 0x00, 0x83, 0x08, 0x00, 0x86,
    0x09, 0x00, 0x01, 0x0A, 0x00, 0x08, 0x00, 0x81, 0x07, 0x00, 0x81, 0x08, 0x00, 0x82, 0x07, 0x00,
    0x82, 0x08, 0x00, 0x81, 0x09, 0x00, 0x01, 0x08, 0x00, 0x07, 0x00, 0x81, 0x08, 0x00, 0x81, 0x09,
    0x00, 0x04, 0x08, 0x00, 0x07, 0x00, 0x08, 0x00, 0x09, 0x00, 0x08, 0x00,
};
