// Generated from: infoveryhard.png by tools/png2rle565.py
// Format: RGB565_LE, run length encoded, draw with drawImageRLE() or drawImageRLETransparent()
// Original size: 128x128 = 32768 bytes, encoded: 29935 bytes

const uint16_t default_infoveryhard_width = 128;
const uint16_t default_infoveryhard_height = 128;

const uint8_t default_infoveryhard_rle[] PLATFORM_PROGMEM = {
    0x02, 0xB8, 0xBD, 0x98, 0xB5, 0xD9, 0xBD, 0x81, 0xF9, 0xBD, 0x05, 0xD8, 0xBD, 0x99, 0xB5, 0x58,
    0xAD, 0x17, 0xA5, 0xD7, 0x9C, 0x77, 0x8C, 0x81, 0x37, 0x84, 0x05, 0x77, 0x8C, 0xD8, 0x9C, 0x18,
    0xA5, 0x58, 0xAD, 0x98, 0xB5, 0xD8, 0xBD, 0x81, 0xF9, 0xBD, 0x05, 0xD9, 0xBD, 0x98, 0xB5, 0x58,
    0xAD, 0x18, 0xA5, 0xD7, 0x9C, 0x77, 0x8C, 0x81, 0x37, 0x84, 0x05, 0x77, 0x8C, 0xD7, 0x9C, 0x17,
    0xA5, 0x58, 0xAD, 0x98, 0xB5, 0xD9, 0xBD, 0x81, 0xF9, 0xBD, 0x05, 0xD9, 0xBD, 0x98, 0xB5, 0x58,
    0xAD, 0x18, 0xA5, 0xD7, 0x9C, 0x77, 0x8C, 0x81, 0x37, 0x84, 0x05, 0x77, 0x8C, 0xD7, 0x9C, 0x18,
    0xA5, 0x58, 0xAD, 0x98, 0xB5, 0xD8, 0xBD, 0x81, 0xF9, 0xBD, 0x05, 0xD9, 0xBD, 0x98, 0xB5, 0x58,
    0xAD, 0x18, 0xA5, 0xD8, 0x9C, 0x78, 0x8C, 0x81, 0x37, 0x84, 0x05, 0x77, 0x8C, 0xD7, 0x9C, 0x17,
    0xA5, 0x58, 0xAD, 0x98, 0xB5, 0xD8, 0xBD, 0x81, 0xF9, 0xBD, 0x05, 0xD8, 0xBD, 0x98, 0xB5, 0x58,
    0xAD, 0x18, 0xA5, 0xD7, 0x9C, 0x77, 0x8C, 0x81, 0x37, 0x84, 0x05, 0x77, 0x8C, 0xD7, 0x9C, 0x18,
    0xA5, 0x58, 0xAD, 0x99, 0xB5, 0xD8, 0xBD, 0x81, 0xF9, 0xBD, 0x05, 0xD9, 0xBD, 0x98, 0xB5, 0x58,
    0xAD, 0x18, 0xA5, 0xD8, 0x9C, 0x78, 0x8C, 0x81, 0x37, 0x84, 0x05, 0x77, 0x8C, 0xD7, 0x9C, 0x17,
    0xA5, 0x58, 0xAD, 0x98, 0xB5, 0xD8, 0xBD, 0x81, 0xF9, 0xBD, 0x05, 0xD8, 0xBD, 0x98, 0xB5, 0x58,
    0xAD, 0x18, 0xA5, 0xD7, 0x9C, 0x77, 0x8C, 0x81, 0x37, 0x84, 0x05, 0x77, 0x8C, 0xD7, 0x9C, 0x18,
    0xA5, 0x58, 0xAD, 0x99, 0xB5, 0xD8, 0xBD, 0x81, 0xF9, 0xBD, 0x05, 0xD8, 0xBD, 0x98, 0xB5, 0x58,
    0xAD, 0x18, 0xA5, 0xD8, 0x9C, 0x77, 0x8C, 0x81, 0x37, 0x84, 0x0D, 0x77, 0x8C, 0x38, 0x84, 0x33,
    0x63, 0x98, 0xB5, 0xF9, 0xBD, 0x5A, 0xAD, 0x7B, 0x94, 0x7B, 0x8C, 0x3A, 0x8C, 0x19, 0x84, 0xD8,
    0x7B, 0x97, 0x73, 0x57, 0x6B, 0x17, 0x63, 0x81, 0xB5, 0x52, 0x05, 0x15, 0x63, 0x56, 0x6B, 0x97,
    0x73, 0xD8, 0x7B, 0x19, 0x84, 0x39, 0x8C, 0x81, 0x7A, 0x8C, 0x05, 0x3A, 0x8C, 0x19, 0x84, 0xD8,
    0x7B, 0x98, 0x73, 0x57, 0x6B, 0x15, 0x63, 0x81, 0xB5, 0x52, 0x0D, 0x15, 0x63, 0x56, 0x6B, 0x97,
    0x73, 0xD8, 0x7B, 0x19, 0x84, 0x3A, 0x8C, 0x7A, 0x8C, 0x7B, 0x8C, 0x3A, 0x8C, 0x19, 0x84, 0xD8,
    0x7B, 0x98, 0x73, 0x57, 0x6B, 0x16, 0x63, 0x81, 0xB5, 0x52, 0x05, 0x15, 0x63, 0x57, 0x6B, 0x98,
    0x73, 0xD9, 0x7B, 0x19, 0x84, 0x3A, 0x8C, 0x81, 0x7A, 0x8C, 0x15, 0x3A, 0x8C, 0x19, 0x84, 0xD8,
    0x7B, 0x97, 0x73, 0x56, 0x6B, 0x16, 0x63, 0xB5, 0x52, 0xB4, 0x52, 0x16, 0x63, 0x57, 0x6B, 0x97,
    0x73, 0xD8, 0x7B, 0x19, 0x84, 0x3A, 0x8C, 0x7A, 0x8C, 0x7B, 0x8C, 0x3A, 0x8C, 0x19, 0x84, 0xD8,
    0x7B, 0x97, 0x73, 0x57, 0x6B, 0x16, 0x63, 0x81, 0xB5, 0x52, 0x05, 0x16, 0x63, 0x57, 0x6B, 0x98,
    0x73, 0xD8, 0x7B, 0x19, 0x84, 0x3A, 0x8C, 0x81, 0x7B, 0x8C, 0x15, 0x3A, 0x8C, 0x19, 0x84, 0xD8,
    0x7B, 0x97, 0x73, 0x56, 0x6B, 0x16, 0x63, 0xB5, 0x52, 0xB4, 0x52, 0x16, 0x63, 0x57, 0x6B, 0x97,
    0x73, 0xD8, 0x7B, 0x19, 0x84, 0x3A, 0x8C, 0x7A, 0x8C, 0x7B, 0x8C, 0x3A, 0x8C, 0x19, 0x84, 0xD8,
    0x7B, 0x97, 0x73, 0x57, 0x6B, 0x16, 0x63, 0x81, 0xB5, 0x52, 0x05, 0x16, 0x63, 0x57, 0x6B, 0x98,
    0x73, 0xD8, 0x7B, 0x19, 0x84, 0x3A, 0x8C, 0x81, 0x7B, 0x8C, 0x1D, 0x3A, 0x8C, 0x19, 0x84, 0xD8,
    0x7B, 0x97, 0x73, 0x56, 0x6B, 0x16, 0x63, 0xB5, 0x52, 0x94, 0x94, 0xD5, 0x5A, 0x0C, 0x21, 0x09,
    0x00, 0xB9, 0xB5, 0x3A, 0xAD, 0x3A, 0x63, 0x46, 0x08, 0x47, 0x08, 0xA8, 0x10, 0xEA, 0x18, 0x0C,
    0x21, 0x2D, 0x29, 0x6F, 0x29, 0x91, 0x31, 0x93, 0x31, 0xB2, 0x31, 0x8F, 0x31, 0x6E, 0x29, 0x2D,
    0x29, 0x0D, 0x21, 0xEB, 0x18, 0xA8, 0x10, 0x81, 0x46, 0x08, 0x0D, 0xA9, 0x10, 0xEB, 0x18, 0x0C,
    0x21, 0x2E, 0x29, 0x51, 0x29, 0x90, 0x31, 0xB1, 0x31, 0xB2, 0x31, 0x90, 0x31, 0x6F, 0x29, 0x2F,
    0x29, 0x0C, 0x21, 0xEB, 0x18, 0xA9, 0x10, 0x81, 0x46, 0x08, 0x05, 0xA9, 0x10, 0xEB, 0x18, 0x0C,
    0x21, 0x2D, 0x29, 0x6F, 0x29, 0x8F, 0x31, 0x81, 0xB1, 0x31, 0x05, 0x90, 0x31, 0x6F, 0x29, 0x2F,
    0x29, 0x0E, 0x21, 0xEB, 0x18, 0xA9, 0x10, 0x81, 0x46, 0x08, 0x15, 0xA9, 0x10, 0xEB, 0x18, 0x0C,
    0x21, 0x2D, 0x29, 0x6E, 0x29, 0x90, 0x31, 0xB1, 0x31, 0xB0, 0x31, 0x90, 0x31, 0x51, 0x29, 0x2E,
    0x29, 0x0C, 0x21, 0xEB, 0x18, 0xA9, 0x10, 0x47, 0x08, 0x48, 0x08, 0xA9, 0x10, 0xEA, 0x18, 0x0C,
    0x21, 0x2D, 0x29, 0x6E, 0x29, 0x90, 0x31, 0x81, 0xB1, 0x31, 0x1D, 0x8F, 0x31, 0x6F, 0x29, 0x2D,
    0x29, 0x0C, 0x21, 0xEB, 0x18, 0xA9, 0x10, 0x46, 0x08, 0x47, 0x08, 0xA9, 0x10, 0xEB, 0x18, 0x0C,
    0x21, 0x2D, 0x29, 0x6E, 0x29, 0x90, 0x31, 0xB1, 0x31, 0xB0, 0x31, 0x90, 0x31, 0x51, 0x29, 0x2E,
    0x29, 0x0C, 0x21, 0xEB, 0x18, 0xA9, 0x10, 0x47, 0x08, 0x48, 0x08, 0xA9, 0x10, 0xEA, 0x18, 0x0C,
    0x21, 0x2D, 0x29, 0x6E, 0x29, 0x90, 0x31, 0x81, 0xB1, 0x31, 0x10, 0x8F, 0x31, 0x6F, 0x29, 0x2D,
    0x29, 0x0C, 0x21, 0xEB, 0x18, 0xA9, 0x10, 0x46, 0x08, 0x47, 0x08, 0xAA, 0x10, 0xCC, 0x18, 0x0D,
    0x21, 0x2D, 0x29, 0x6E, 0x29, 0x8F, 0x31, 0xB2, 0x31, 0xAB, 0x10, 0x69, 0x10, 0x81, 0x08, 0x00,
    0x02, 0xF9, 0xBD, 0x5B, 0x8C, 0x46, 0x08, 0x81, 0x9D, 0x73, 0x0D, 0x3B, 0x6B, 0x19, 0x63, 0xD7,
    0x5A, 0x76, 0x52, 0x34, 0x42, 0xD2, 0x39, 0x50, 0x29, 0x4F, 0x29, 0xD2, 0x39, 0x34, 0x42, 0x76,
    0x52, 0xD8, 0x5A, 0x19, 0x63, 0x3A, 0x6B, 0x81, 0x7C, 0x6B, 0x05, 0x3B, 0x6B, 0x19, 0x63, 0xD7,
    0x5A, 0x75, 0x52, 0x35, 0x42, 0xD1, 0x39, 0x81, 0x4E, 0x29, 0x05, 0xD1, 0x39, 0x34, 0x42, 0x76,
    0x52, 0xD7, 0x5A, 0x19, 0x63, 0x3B, 0x6B, 0x81, 0x7C, 0x6B, 0x0D, 0x3B, 0x6B, 0x19, 0x63, 0xD8,
    0x5A, 0x76, 0x52, 0x34, 0x42, 0xD1, 0x39, 0x4E, 0x29, 0x4F, 0x29, 0xD1, 0x39, 0x34, 0x42, 0x76,
    0x52, 0xD8, 0x5A, 0x19, 0x63, 0x3B, 0x6B, 0x81, 0x7C, 0x6B, 0x0D, 0x3A, 0x6B, 0x19, 0x63, 0xD8,
    0x5A, 0x76, 0x52, 0x34, 0x42, 0xD2, 0x39, 0x4F, 0x29, 0x4E, 0x29, 0xD1, 0x39, 0x35, 0x42, 0x76,
    0x52, 0xD7, 0x5A, 0x19, 0x63, 0x3B, 0x6B, 0x81, 0x7C, 0x6B, 0x05, 0x3B, 0x6B, 0x19, 0x63, 0xD8,
    0x5A, 0x76, 0x52, 0x34, 0x42, 0xD2, 0x39, 0x81, 0x50, 0x29, 0x05, 0xD1, 0x39, 0x34, 0x42, 0x76,
    0x52, 0xD7, 0x5A, 0x19, 0x63, 0x3B, 0x6B, 0x81, 0x7C, 0x6B, 0x0D, 0x3A, 0x6B, 0x19, 0x63, 0xD8,
    0x5A, 0x76, 0x52, 0x34, 0x42, 0xD2, 0x39, 0x4F, 0x29, 0x4E, 0x29, 0xD1, 0x39, 0x35, 0x42, 0x76,
    0x52, 0xD7, 0x5A, 0x19, 0x63, 0x3B, 0x6B, 0x81, 0x7C, 0x6B, 0x05, 0x3B, 0x6B, 0x19, 0x63, 0xD8,
    0x5A, 0x76, 0x52, 0x34, 0x42, 0xD2, 0x39, 0x81, 0x50, 0x29, 0x05, 0xD1, 0x39, 0x34, 0x42, 0x76,
    0x52, 0xD7, 0x5A, 0x19, 0x63, 0x3B, 0x6B, 0x81, 0x7C, 0x6B, 0x05, 0x3B, 0x6B, 0x19, 0x63, 0xD8,
    0x5A, 0x76, 0x52, 0x34, 0x42, 0xD1, 0x39, 0x81, 0x50, 0x29, 0x00, 0x6D, 0x31, 0x81, 0x09, 0x00,
    0x02, 0xF9, 0xBD, 0x3B, 0x8C, 0x46, 0x08, 0x81, 0x7C, 0x6B, 0x0D, 0x3A, 0x63, 0xF9, 0x5A, 0xB7,
    0x52, 0x76, 0x4A, 0x33, 0x42, 0xD1, 0x39, 0x2F, 0x29, 0x30, 0x29, 0xD3, 0x39, 0x34, 0x42, 0x75,
    0x4A, 0xB7, 0x52, 0xF9, 0x5A, 0x3A, 0x63, 0x81, 0x7C, 0x6B, 0x0D, 0x3A, 0x63, 0xF9, 0x5A, 0xB7,
    0x52, 0x75, 0x4A, 0x34, 0x42, 0xD3, 0x39, 0x2F, 0x29, 0x4E, 0x29, 0xD1, 0x39, 0x33, 0x42, 0x76,
    0x4A, 0xB7, 0x52, 0xF9, 0x5A, 0x3A, 0x63, 0x81, 0x7C, 0x6B, 0x05, 0x3A, 0x63, 0xF9, 0x5A, 0xB7,
    0x52, 0x75, 0x4A, 0x34, 0x42, 0xD3, 0x39, 0x81, 0x4F, 0x29, 0x05, 0xD1, 0x39, 0x33, 0x42, 0x75,
    0x4A, 0xB7, 0x52, 0xF9, 0x5A, 0x3A, 0x63, 0x81, 0x7C, 0x6B, 0x05, 0x3A, 0x63, 0xF9, 0x5A, 0xB7,
    0x52, 0x75, 0x4A, 0x33, 0x42, 0xD1, 0x39, 0x81, 0x4F, 0x29, 0x05, 0xD1, 0x39, 0x34, 0x42, 0x76,
    0x4A, 0xB7, 0x52, 0xF9, 0x5A, 0x3A, 0x63, 0x81, 0x7C, 0x6B, 0x0D, 0x3A, 0x63, 0xF9, 0x5A, 0xB7,
    0x52, 0x76, 0x4A, 0x34, 0x42, 0xD2, 0x39, 0x2F, 0x29, 0x30, 0x29, 0xD1, 0x39, 0x34, 0x42, 0x76,
    0x4A, 0xB7, 0x52, 0xF9, 0x5A, 0x3A, 0x63, 0x81, 0x7C, 0x6B, 0x05, 0x3A, 0x63, 0xF9, 0x5A, 0xB7,
    0x52, 0x75, 0x4A, 0x33, 0x42, 0xD1, 0x39, 0x81, 0x4F, 0x29, 0x05, 0xD1, 0x39, 0x34, 0x42, 0x76,
    0x4A, 0xB7, 0x52, 0xF9, 0x5A, 0x3A, 0x63, 0x81, 0x7C, 0x6B, 0x0D, 0x3A, 0x63, 0xF9, 0x5A, 0xB7,
    0x52, 0x76, 0x4A, 0x34, 0x42, 0xD2, 0x39, 0x2F, 0x29, 0x30, 0x29, 0xD1, 0x39, 0x34, 0x42, 0x76,
    0x4A, 0xB7, 0x52, 0xF9, 0x5A, 0x3A, 0x63, 0x81, 0x7C, 0x6B, 0x15, 0x3A, 0x63, 0xF9, 0x5A, 0xB7,
    0x52, 0x76, 0x4A, 0x34, 0x42, 0xD1, 0x39, 0x4E, 0x29, 0x4F, 0x29, 0x11, 0x42, 0xB0, 0x31, 0x08,
    0x00, 0xB9, 0xB5, 0xFA, 0x83, 0x89, 0x10, 0x3A, 0x63, 0x3B, 0x63, 0xF9, 0x62, 0xD8, 0x5A, 0xB7,
    0x52, 0x76, 0x4A, 0x36, 0x4A, 0xF4, 0x41, 0x81, 0xB2, 0x39, 0x05, 0xF4, 0x41, 0x36, 0x4A, 0x76,
    0x4A, 0xB7, 0x52, 0xD8, 0x5A, 0xF9, 0x5A, 0x81, 0x1A, 0x63, 0x05, 0xF9, 0x5A, 0xD8, 0x5A, 0xB7,
    0x52, 0x75, 0x4A, 0x34, 0x4A, 0xF4, 0x41, 0x81, 0xB3, 0x39, 0x05, 0x12, 0x42, 0x34, 0x4A, 0x75,
    0x4A, 0xB7, 0x52, 0xD8, 0x5A, 0xF9, 0x5A, 0x81, 0x1A, 0x63, 0x05, 0xF9, 0x5A, 0xD8, 0x5A, 0xB7,
    0x52, 0x75, 0x4A, 0x34, 0x4A, 0xF4, 0x41, 0x81, 0xB3, 0x39, 0x05, 0xF4, 0x41, 0x35, 0x4A, 0x76,
    0x4A, 0xB7, 0x52, 0xD8, 0x5A, 0xF9, 0x5A, 0x81, 0x1A, 0x63, 0x05, 0xF9, 0x5A, 0xD8, 0x5A, 0xB7,
    0x52, 0x75, 0x4A, 0x34, 0x4A, 0x12, 0x42, 0x81, 0xB1, 0x39, 0x05, 0x12, 0x42, 0x34, 0x4A, 0x76,
    0x4A, 0xB8, 0x52, 0xD8, 0x5A, 0xF9, 0x5A, 0x81, 0x1A, 0x63, 0x05, 0xF9, 0x5A, 0xD8, 0x5A, 0xB7,
    0x52, 0x75, 0x4A, 0x34, 0x4A, 0xF3, 0x41, 0x81, 0xB2, 0x39, 0x05, 0x13, 0x42, 0x34, 0x4A, 0x76,
    0x4A, 0xB7, 0x52, 0xD8, 0x5A, 0xF9, 0x5A, 0x81, 0x1A, 0x63, 0x05, 0xF9, 0x5A, 0xD8, 0x5A, 0xB7,
    0x52, 0x75, 0x4A, 0x34, 0x4A, 0x12, 0x42, 0x81, 0xB1, 0x39, 0x05, 0x12, 0x42, 0x34, 0x4A, 0x76,
    0x4A, 0xB8, 0x52, 0xD8, 0x5A, 0xF9, 0x5A, 0x81, 0x1A, 0x63, 0x05, 0xF9, 0x5A, 0xD8, 0x5A, 0xB7,
    0x52, 0x75, 0x4A, 0x34, 0x4A, 0xF3, 0x41, 0x81, 0xB2, 0x39, 0x05, 0x13, 0x42, 0x34, 0x4A, 0x76,
    0x4A, 0xB7, 0x52, 0xD8, 0x5A, 0xF9, 0x5A, 0x81, 0x1A, 0x63, 0x1C, 0xF9, 0x5A, 0xD8, 0x5A, 0xB7,
    0x52, 0x76, 0x4A, 0x36, 0x4A, 0x14, 0x42, 0xD1, 0x39, 0xD2, 0x39, 0x94, 0x52, 0x8F, 0x31, 0x07,
    0x00, 0x59, 0xAD, 0xB9, 0x73, 0xCA, 0x18, 0xF8, 0x5A, 0xF9, 0x5A, 0xD8, 0x5A, 0xB9, 0x52, 0x9A,
    0x52, 0x79, 0x4A, 0x57, 0x4A, 0x34, 0x42, 0x12, 0x42, 0x13, 0x42, 0x35, 0x42, 0x55, 0x4A, 0x77,
    0x4A, 0x97, 0x52, 0xB7, 0x52, 0x83, 0xD8, 0x5A, 0x0B, 0xB7, 0x52, 0x96, 0x52, 0x75, 0x4A, 0x54,
    0x4A, 0x34, 0x42, 0x13, 0x42, 0x14, 0x42, 0x34, 0x42, 0x55, 0x4A, 0x76, 0x4A, 0x96, 0x52, 0xB7,
    0x52, 0x83, 0xD8, 0x5A, 0x0C, 0xB7, 0x52, 0x97, 0x52, 0x75, 0x4A, 0x55, 0x4A, 0x34, 0x42, 0x13,
    0x42, 0x14, 0x42, 0x35, 0x42, 0x55, 0x4A, 0x76, 0x4A, 0x97, 0x52, 0xB7, 0x52, 0xD8, 0x5A, 0x81,
    0xD9, 0x5A, 0x0C, 0xD8, 0x5A, 0xB7, 0x52, 0x97, 0x52, 0x76, 0x4A, 0x55, 0x4A, 0x34, 0x42, 0x13,
    0x42, 0x14, 0x42, 0x34, 0x42, 0x54, 0x4A, 0x75, 0x4A, 0x96, 0x52, 0xB8, 0x52, 0x83, 0xD8, 0x5A,
    0x04, 0xB7, 0x52, 0x96, 0x52, 0x76, 0x4A, 0x55, 0x4A, 0x34, 0x42, 0x81, 0x14, 0x42, 0x05, 0x34,
    0x42, 0x54, 0x4A, 0x75, 0x4A, 0x96, 0x52, 0xB7, 0x52, 0xD8, 0x5A, 0x81, 0xD9, 0x5A, 0x0C, 0xD8,
    0x5A, 0xB7, 0x52, 0x97, 0x52, 0x76, 0x4A, 0x55, 0x4A, 0x34, 0x42, 0x13, 0x42, 0x14, 0x42, 0x34,
    0x42, 0x54, 0x4A, 0x75, 0x4A, 0x96, 0x52, 0xB8, 0x52, 0x83, 0xD8, 0x5A, 0x04, 0xB7, 0x52, 0x96,
    0x52, 0x76, 0x4A, 0x55, 0x4A, 0x34, 0x42, 0x81, 0x14, 0x42, 0x05, 0x34, 0x42, 0x54, 0x4A, 0x75,
    0x4A, 0x96, 0x52, 0xB9, 0x52, 0xD9, 0x5A, 0x81, 0xDB, 0x5A, 0x05, 0xD9, 0x5A, 0xB7, 0x52, 0x96,
    0x52, 0x76, 0x4A, 0x56, 0x4A, 0x35, 0x42, 0x81, 0x34, 0x42, 0x05, 0xF6, 0x62, 0x6F, 0x29, 0x08,
    0x00, 0xF8, 0xA4, 0x79, 0x6B, 0xEC, 0x20, 0x81, 0xB7, 0x52, 0x0D, 0x99, 0x52, 0x9B, 0x52, 0x7A,
    0x52, 0x78, 0x4A, 0x77, 0x4A, 0x55, 0x4A, 0x54, 0x4A, 0x53, 0x4A, 0x55, 0x4A, 0x75, 0x4A, 0x76,
    0x4A, 0x76, 0x52, 0x96, 0x52, 0x97, 0x52, 0x81, 0x98, 0x52, 0x81, 0x97, 0x52, 0x81, 0x76, 0x4A,
    0x00, 0x75, 0x4A, 0x81, 0x55, 0x4A, 0x81, 0x56, 0x4A, 0x02, 0x75, 0x4A, 0x76, 0x4A, 0x76, 0x52,
    0x81, 0x96, 0x52, 0x81, 0x97, 0x52, 0x81, 0x96, 0x52, 0x81, 0x76, 0x4A, 0x00, 0x75, 0x4A, 0x83,
    0x55, 0x4A, 0x02, 0x75, 0x4A, 0x76, 0x4A, 0x76, 0x52, 0x81, 0x96, 0x52, 0x81, 0x97, 0x52, 0x81,
    0x96, 0x52, 0x00, 0x76, 0x4A, 0x81, 0x77, 0x4A, 0x82, 0x56, 0x4A, 0x00, 0x55, 0x4A, 0x81, 0x75,
    0x4A, 0x00, 0x76, 0x52, 0x81, 0x97, 0x52, 0x01, 0x96, 0x52, 0x97, 0x52, 0x81, 0x96, 0x52, 0x02,
    0x76, 0x52, 0x76, 0x4A, 0x75, 0x4A, 0x82, 0x55, 0x4A, 0x00, 0x56, 0x4A, 0x81, 0x75, 0x4A, 0x04,
    0x76, 0x52, 0x96, 0x52, 0x97, 0x52, 0x96, 0x52, 0x97, 0x52, 0x81, 0x96, 0x52, 0x00, 0x76, 0x4A,
    0x81, 0x77, 0x4A, 0x82, 0x56, 0x4A, 0x00, 0x55, 0x4A, 0x81, 0x75, 0x4A, 0x00, 0x76, 0x52, 0x81,
    0x97, 0x52, 0x01, 0x96, 0x52, 0x97, 0x52, 0x81, 0x96, 0x52, 0x02, 0x76, 0x52, 0x76, 0x4A, 0x75,
    0x4A, 0x82, 0x55, 0x4A, 0x00, 0x56, 0x4A, 0x81, 0x75, 0x4A, 0x02, 0x76, 0x52, 0x9A, 0x52, 0x9B,
    0x52, 0x81, 0x99, 0x52, 0x01, 0x98, 0x52, 0x96, 0x52, 0x82, 0x75, 0x4A, 0x00, 0x55, 0x4A, 0x81,
    0x75, 0x4A, 0x0D, 0x57, 0x6B, 0x2F, 0x21, 0x0A, 0x00, 0xB8, 0x94, 0x37, 0x63, 0x0D, 0x21, 0x56,
    0x4A, 0x55, 0x4A, 0x58, 0x4A, 0x5A, 0x4A, 0x7A, 0x4A, 0x78, 0x4A, 0x76, 0x52, 0x96, 0x52, 0x81,
    0x95, 0x52, 0x01, 0x96, 0x52, 0x76, 0x52, 0x81, 0x75, 0x4A, 0x84, 0x55, 0x4A, 0x00, 0x56, 0x4A,
    0x82, 0x76, 0x4A, 0x83, 0x96, 0x52, 0x81, 0x76, 0x4A, 0x00, 0x75, 0x4A, 0x82, 0x55, 0x4A, 0x00,
    0x54, 0x4A, 0x81, 0x55, 0x4A, 0x00, 0x75, 0x4A, 0x81, 0x76, 0x4A, 0x83, 0x96, 0x52, 0x81, 0x76,
    0x4A, 0x00, 0x75, 0x4A, 0x81, 0x55, 0x4A, 0x82, 0x54, 0x4A, 0x00, 0x55, 0x4A, 0x81, 0x75, 0x4A,
    0x01, 0x76, 0x4A, 0x96, 0x52, 0x81, 0x97, 0x52, 0x00, 0x96, 0x52, 0x81, 0x76, 0x4A, 0x02, 0x75,
    0x4A, 0x55, 0x4A, 0x56, 0x4A, 0x83, 0x55, 0x4A, 0x00, 0x75, 0x4A, 0x81, 0x76, 0x4A, 0x83, 0x96,
    0x52, 0x00, 0x76, 0x4A, 0x81, 0x75, 0x4A, 0x83, 0x55, 0x4A, 0x01, 0x54, 0x4A, 0x55, 0x4A, 0x81,
    0x75, 0x4A, 0x01, 0x76, 0x4A, 0x96, 0x52, 0x81, 0x97, 0x52, 0x00, 0x96, 0x52, 0x81, 0x76, 0x4A,
    0x02, 0x75, 0x4A, 0x55, 0x4A, 0x56, 0x4A, 0x83, 0x55, 0x4A, 0x00, 0x75, 0x4A, 0x81, 0x76, 0x4A,
    0x83, 0x96, 0x52, 0x08, 0x76, 0x4A, 0x75, 0x4A, 0x76, 0x4A, 0x58, 0x4A, 0x5B, 0x4A, 0x5A, 0x4A,
    0x57, 0x4A, 0x56, 0x4A, 0x54, 0x4A, 0x81, 0x74, 0x4A, 0x00, 0x76, 0x52, 0x82, 0x96, 0x52, 0x05,
    0x98, 0x73, 0x0C, 0x21, 0x09, 0x00, 0x57, 0x8C, 0xF7, 0x5A, 0x2D, 0x29, 0x81, 0xF4, 0x41, 0x03,
    0x17, 0x42, 0x37, 0x42, 0x57, 0x4A, 0x76, 0x4A, 0x81, 0x96, 0x52, 0x81, 0xB7, 0x52, 0x81, 0x96,
    0x52, 0x09, 0x76, 0x4A, 0x55, 0x4A, 0x8F, 0x31, 0x2D, 0x21, 0xEB, 0x18, 0xF2, 0x39, 0x14, 0x42,
    0x35, 0x42, 0x55, 0x4A, 0x76, 0x4A, 0x81, 0x97, 0x52, 0x0D, 0xB7, 0x5A, 0xB7, 0x52, 0x97, 0x52,
    0x96, 0x52, 0x75, 0x4A, 0x55, 0x4A, 0x34, 0x42, 0x14, 0x42, 0xD3, 0x39, 0xAB, 0x10, 0xB0, 0x31,
    0x34, 0x42, 0x55, 0x4A, 0x76, 0x4A, 0x81, 0x97, 0x52, 0x07, 0xF0, 0x39, 0x30, 0x63, 0x89, 0x31,
    0x54, 0x4A, 0x13, 0x42, 0x55, 0x4A, 0x34, 0x42, 0x14, 0x42, 0x81, 0xF3, 0x39, 0x05, 0x14, 0x42,
    0x34, 0x42, 0x55, 0x4A, 0x75, 0x4A, 0x96, 0x52, 0x97, 0x52, 0x81, 0xB7, 0x52, 0x05, 0x75, 0x52,
    0x55, 0x4A, 0xAD, 0x31, 0xAD, 0x52, 0xF2, 0x41, 0x14, 0x42, 0x81, 0xF2, 0x39, 0x10, 0xED, 0x39,
    0x6D, 0x4A, 0x13, 0x42, 0x56, 0x4A, 0x54, 0x4A, 0x96, 0x52, 0xB8, 0x52, 0xB7, 0x52, 0x96, 0x52,
    0x54, 0x4A, 0x13, 0x42, 0xD1, 0x39, 0x90, 0x31, 0x13, 0x42, 0xF3, 0x39, 0xF4, 0x39, 0x14, 0x42,
    0x81, 0x34, 0x42, 0x0A, 0x13, 0x42, 0x54, 0x4A, 0x96, 0x52, 0x55, 0x4A, 0x0F, 0x63, 0x33, 0x4A,
    0x97, 0x52, 0x76, 0x4A, 0x55, 0x4A, 0x34, 0x42, 0x14, 0x42, 0x81, 0xF2, 0x39, 0x03, 0x14, 0x42,
    0x34, 0x42, 0x55, 0x4A, 0x76, 0x4A, 0x81, 0x97, 0x52, 0x01, 0xB8, 0x52, 0xB7, 0x52, 0x81, 0x97,
    0x52, 0x0B, 0x76, 0x4A, 0x56, 0x4A, 0x37, 0x42, 0x16, 0x42, 0xF5, 0x39, 0xF4, 0x39, 0x13, 0x42,
    0x33, 0x42, 0x53, 0x4A, 0x74, 0x4A, 0x96, 0x52, 0x97, 0x52, 0x81, 0xD8, 0x5A, 0x0D, 0xD9, 0x7B,
    0xCA, 0x18, 0x07, 0x00, 0xF7, 0x7B, 0x96, 0x52, 0x4E, 0x29, 0x90, 0x31, 0x95, 0x31, 0xD7, 0x39,
    0x16, 0x42, 0x35, 0x4A, 0x76, 0x4A, 0x97, 0x52, 0xB7, 0x52, 0x81, 0xD8, 0x5A, 0x6D, 0xB7, 0x5A,
    0x97, 0x52, 0x76, 0x4A, 0x10, 0x42, 0x5A, 0xAD, 0x19, 0xA5, 0x14, 0x7C, 0x2D, 0x21, 0x4B, 0x4A,
    0x4C, 0x4A, 0x09, 0x21, 0x2C, 0x42, 0x6D, 0x4A, 0xAE, 0x31, 0xCE, 0x39, 0x6D, 0x4A, 0x2C, 0x42,
    0x8D, 0x31, 0x6C, 0x4A, 0x4C, 0x4A, 0xD0, 0x39, 0xD1, 0x39, 0x6F, 0x29, 0x5A, 0xA5, 0x0E, 0x42,
    0x13, 0x42, 0xF2, 0x39, 0x2C, 0x42, 0x6D, 0x4A, 0x8E, 0x31, 0x10, 0x63, 0xD9, 0x94, 0x6A, 0x29,
    0xD8, 0x9C, 0x30, 0x63, 0xF1, 0x41, 0x13, 0x42, 0x4F, 0x29, 0x0C, 0x42, 0x6C, 0x4A, 0x09, 0x21,
    0xCE, 0x39, 0x4C, 0x4A, 0x2C, 0x42, 0x33, 0x42, 0xB7, 0x52, 0xF0, 0x5A, 0x5A, 0xA5, 0x3A, 0xA5,
    0xEF, 0x5A, 0x8D, 0x31, 0xCF, 0x5A, 0x4D, 0x29, 0x2C, 0x42, 0x4C, 0x4A, 0x0B, 0x3A, 0xB0, 0x5A,
    0x55, 0x84, 0x6D, 0x4A, 0x29, 0x21, 0x15, 0x84, 0x16, 0x7C, 0xC9, 0x18, 0xD8, 0x5A, 0x4C, 0x29,
    0xF8, 0x9C, 0x7A, 0xAD, 0x19, 0x9D, 0x0A, 0x21, 0x0C, 0x42, 0x6C, 0x4A, 0xC9, 0x18, 0xD3, 0x39,
    0x14, 0x42, 0xF0, 0x39, 0x56, 0x8C, 0x19, 0x9D, 0x77, 0x8C, 0x96, 0x52, 0x5A, 0xA5, 0xCF, 0x52,
    0xCB, 0x39, 0x2B, 0x21, 0x6C, 0x4A, 0x4C, 0x4A, 0x2C, 0x21, 0x68, 0x29, 0x4C, 0x42, 0x6D, 0x4A,
    0x0B, 0x21, 0xED, 0x39, 0x6D, 0x4A, 0x4C, 0x4A, 0xD0, 0x39, 0x0C, 0x42, 0x8D, 0x4A, 0xCE, 0x39,
    0x96, 0x52, 0x76, 0x4A, 0x37, 0x4A, 0x17, 0x42, 0xD5, 0x39, 0x91, 0x31, 0x92, 0x31, 0xD2, 0x39,
    0x11, 0x42, 0x33, 0x42, 0x74, 0x4A, 0x97, 0x52, 0xB8, 0x5A, 0x81, 0xF9, 0x5A, 0x0D, 0xFB, 0x83,
    0x88, 0x10, 0x06, 0x00, 0x97, 0x73, 0x55, 0x4A, 0x70, 0x29, 0x0E, 0x21, 0x0D, 0x21, 0x91, 0x31,
    0xD3, 0x39, 0x33, 0x42, 0x75, 0x4A, 0x96, 0x52, 0xD8, 0x5A, 0x81, 0xF9, 0x62, 0x6D, 0xD8, 0x5A,
    0x97, 0x52, 0x75, 0x4A, 0xCE, 0x39, 0x3A, 0xA5, 0xCE, 0x52, 0x3A, 0xA5, 0xCB, 0x18, 0x19, 0xA5,
    0x36, 0x84, 0x31, 0x63, 0x96, 0x8C, 0xD4, 0x7B, 0xB4, 0x73, 0x37, 0x84, 0x16, 0x84, 0x94, 0x6B,
    0x74, 0x6B, 0xB8, 0x94, 0x31, 0x63, 0xB1, 0x39, 0x90, 0x31, 0xEB, 0x18, 0x5A, 0xA5, 0xED, 0x39,
    0xD2, 0x39, 0xF2, 0x5A, 0x96, 0x8C, 0xD4, 0x7B, 0xB4, 0x73, 0xF1, 0x5A, 0x37, 0x84, 0x4B, 0x29,
    0xD7, 0x94, 0xAE, 0x52, 0x33, 0x42, 0xD2, 0x39, 0xCC, 0x39, 0x5A, 0xAD, 0xCF, 0x52, 0x76, 0x8C,
    0x8E, 0x52, 0xF8, 0x9C, 0x73, 0x6B, 0x33, 0x42, 0xD8, 0x5A, 0xF0, 0x5A, 0x5A, 0xAD, 0x7A, 0xAD,
    0x4C, 0x4A, 0x70, 0x4A, 0xB8, 0x94, 0x4E, 0x4A, 0x3A, 0xA5, 0xCF, 0x5A, 0x56, 0x84, 0xB0, 0x52,
    0xB7, 0x94, 0xB8, 0x94, 0x93, 0x73, 0xD4, 0x7B, 0xB4, 0x73, 0xC9, 0x18, 0xF9, 0x62, 0x96, 0x52,
    0x0B, 0x21, 0x19, 0xA5, 0xD0, 0x39, 0x4E, 0x42, 0x39, 0xA5, 0xEF, 0x5A, 0x56, 0x8C, 0xEC, 0x20,
    0xD2, 0x39, 0x53, 0x63, 0x97, 0x94, 0xE9, 0x18, 0x8E, 0x31, 0xB6, 0x52, 0x5A, 0xA5, 0xB4, 0x73,
    0xF9, 0x9C, 0x8B, 0x31, 0x10, 0x63, 0xB7, 0x94, 0xD1, 0x5A, 0x10, 0x63, 0x35, 0x84, 0x19, 0x9D,
    0xD0, 0x52, 0xD8, 0x9C, 0x73, 0x6B, 0x19, 0xA5, 0x72, 0x4A, 0x5A, 0xA5, 0xCF, 0x52, 0x57, 0x8C,
    0x97, 0x52, 0x75, 0x4A, 0x34, 0x42, 0xD3, 0x39, 0x91, 0x31, 0x0D, 0x21, 0x0C, 0x21, 0x8F, 0x31,
    0xD0, 0x39, 0x32, 0x42, 0x74, 0x4A, 0x97, 0x52, 0xD8, 0x5A, 0x81, 0x1A, 0x63, 0x0D, 0x3C, 0x84,
    0x27, 0x08, 0x07, 0x00, 0x77, 0x6B, 0x34, 0x4A, 0x4F, 0x29, 0x10, 0x21, 0x0F, 0x21, 0x8F, 0x31,
    0xD0, 0x39, 0x12, 0x42, 0x54, 0x4A, 0x96, 0x52, 0xD7, 0x5A, 0x81, 0xF9, 0x5A, 0x6D, 0xD8, 0x5A,
    0x97, 0x52, 0x56, 0x4A, 0xCE, 0x39, 0x3A, 0xA5, 0x8D, 0x52, 0x28, 0x21, 0xCD, 0x18, 0x19, 0xA5,
    0x0E, 0x42, 0x12, 0x5B, 0xB7, 0x94, 0xAF, 0x52, 0xF1, 0x5A, 0x74, 0x6B, 0x11, 0x63, 0x3A, 0xA5,
    0xF1, 0x5A, 0x10, 0x5B, 0x19, 0xA5, 0xCF, 0x39, 0x91, 0x31, 0xED, 0x18, 0x5A, 0xA5, 0x31, 0x63,
    0x6E, 0x4A, 0x12, 0x5B, 0xB7, 0x94, 0xAF, 0x52, 0xF1, 0x5A, 0xAF, 0x52, 0x37, 0x84, 0x96, 0x52,
    0xB7, 0x94, 0x10, 0x63, 0x12, 0x42, 0xD2, 0x39, 0xCC, 0x39, 0x5A, 0xAD, 0xCF, 0x52, 0x97, 0x8C,
    0x8F, 0x52, 0x76, 0x8C, 0xF2, 0x39, 0x97, 0x52, 0xB8, 0x5A, 0xF0, 0x5A, 0x77, 0x8C, 0xB8, 0x94,
    0x93, 0x73, 0x6E, 0x4A, 0xB8, 0x94, 0x6F, 0x4A, 0x3A, 0xA5, 0x51, 0x6B, 0x56, 0x84, 0xB0, 0x52,
    0x15, 0x84, 0x14, 0x7C, 0xB4, 0x73, 0xB3, 0x73, 0xF6, 0x7B, 0x0B, 0x21, 0xF9, 0x5A, 0xD8, 0x5A,
    0x2D, 0x21, 0x19, 0xA5, 0x12, 0x42, 0x4E, 0x42, 0x39, 0xA5, 0xF0, 0x5A, 0x56, 0x8C, 0xEE, 0x18,
    0xD3, 0x39, 0x50, 0x4A, 0x3A, 0xA5, 0x53, 0x6B, 0x57, 0x84, 0xB6, 0x52, 0x5A, 0xA5, 0xAB, 0x31,
    0xF9, 0x9C, 0x52, 0x6B, 0x76, 0x8C, 0x55, 0x84, 0x11, 0x63, 0x10, 0x63, 0x72, 0x6B, 0xB7, 0x94,
    0xD0, 0x5A, 0xF9, 0x9C, 0x94, 0x73, 0x19, 0xA5, 0x72, 0x4A, 0x5A, 0xAD, 0xAF, 0x52, 0x32, 0x63,
    0x97, 0x52, 0x56, 0x4A, 0x13, 0x42, 0xD1, 0x39, 0x6E, 0x31, 0x0A, 0x21, 0x09, 0x21, 0x6D, 0x31,
    0xD0, 0x39, 0x12, 0x42, 0x55, 0x4A, 0x97, 0x52, 0xD8, 0x5A, 0x81, 0x1A, 0x63, 0x0D, 0x1C, 0x84,
    0x28, 0x08, 0x08, 0x00, 0xB7, 0x73, 0x75, 0x52, 0x2E, 0x29, 0x90, 0x31, 0x91, 0x31, 0xB2, 0x39,
    0xF1, 0x39, 0x12, 0x42, 0x53, 0x4A, 0x75, 0x4A, 0x96, 0x52, 0x81, 0xB7, 0x52, 0x16, 0x97, 0x52,
    0x76, 0x4A, 0x55, 0x4A, 0x2C, 0x21, 0x4B, 0x4A, 0x6E, 0x29, 0x70, 0x29, 0x4E, 0x29, 0x4B, 0x4A,
    0x2C, 0x21, 0xD1, 0x39, 0x2C, 0x42, 0x6C, 0x4A, 0xAB, 0x31, 0xEC, 0x39, 0x6C, 0x4A, 0xEC, 0x39,
    0x8A, 0x31, 0x6C, 0x4A, 0x2C, 0x42, 0x8F, 0x31, 0xB1, 0x39, 0x2D, 0x29, 0x81, 0x6C, 0x4A, 0x4C,
    0x2B, 0x42, 0x2C, 0x21, 0x2C, 0x42, 0x6C, 0x4A, 0xAC, 0x31, 0x05, 0x21, 0xA9, 0x31, 0x96, 0x52,
    0xAA, 0x31, 0x6C, 0x4A, 0xF1, 0x39, 0xF3, 0x39, 0x2E, 0x29, 0x0B, 0x42, 0x6C, 0x4A, 0x28, 0x21,
    0xAE, 0x39, 0x0A, 0x3A, 0xF2, 0x39, 0x76, 0x4A, 0x97, 0x52, 0x26, 0x21, 0xC9, 0x39, 0x07, 0x21,
    0x4B, 0x4A, 0xE7, 0x18, 0x0A, 0x42, 0x2D, 0x21, 0x93, 0x73, 0x14, 0x84, 0xB3, 0x73, 0x6A, 0x29,
    0xEA, 0x39, 0xEB, 0x39, 0xCB, 0x39, 0xCD, 0x39, 0x6C, 0x4A, 0x0A, 0x21, 0xB7, 0x52, 0x97, 0x52,
    0x4D, 0x29, 0x6D, 0x4A, 0xD1, 0x39, 0x4E, 0x29, 0x0C, 0x42, 0x6C, 0x4A, 0xC8, 0x18, 0xB1, 0x31,
    0xF3, 0x39, 0xD2, 0x39, 0x0D, 0x42, 0x6D, 0x4A, 0x0B, 0x3A, 0x54, 0x4A, 0x6C, 0x4A, 0x08, 0x21,
    0x4D, 0x4A, 0x29, 0x21, 0x6D, 0x4A, 0x4C, 0x4A, 0xAC, 0x31, 0x68, 0x29, 0xA9, 0x31, 0x2C, 0x42,
    0x6A, 0x29, 0xF0, 0x5A, 0x93, 0x73, 0xF8, 0x9C, 0xB0, 0x31, 0x0C, 0x42, 0x6C, 0x4A, 0xEB, 0x39,
    0x76, 0x4A, 0x55, 0x4A, 0x14, 0x42, 0xF2, 0x39, 0xAF, 0x31, 0x81, 0x6D, 0x29, 0x05, 0xAF, 0x31,
    0xF1, 0x39, 0x12, 0x42, 0x54, 0x4A, 0x76, 0x4A, 0x97, 0x52, 0x81, 0xD8, 0x5A, 0x05, 0xDB, 0x7B,
    0x89, 0x10, 0x07, 0x00, 0xF8, 0x7B, 0xB6, 0x52, 0x0D, 0x21, 0x81, 0xD2, 0x39, 0x05, 0xF3, 0x39,
    0xF4, 0x41, 0x13, 0x42, 0x33, 0x42, 0x54, 0x4A, 0x55, 0x4A, 0x81, 0x76, 0x4A, 0x05, 0x56, 0x4A,
    0x55, 0x4A, 0x35, 0x42, 0x14, 0x42, 0xF3, 0x41, 0xF2, 0x39, 0x81, 0xD2, 0x39, 0x03, 0xF2, 0x39,
    0xF3, 0x41, 0x14, 0x42, 0x35, 0x42, 0x81, 0x55, 0x4A, 0x81, 0x76, 0x4A, 0x0D, 0x56, 0x4A, 0x55,
    0x4A, 0x34, 0x42, 0x14, 0x42, 0xF4, 0x41, 0xF3, 0x39, 0xD1, 0x39, 0xD2, 0x39, 0xF3, 0x39, 0xF4,
    0x41, 0x14, 0x42, 0x34, 0x42, 0x55, 0x4A, 0x56, 0x4A, 0x81, 0x76, 0x4A, 0x05, 0x56, 0x4A, 0x55,
    0x4A, 0x35, 0x42, 0x14, 0x42, 0xF4, 0x41, 0xF3, 0x39, 0x81, 0xD2, 0x39, 0x03, 0xF3, 0x39, 0xF3,
    0x41, 0x14, 0x42, 0x35, 0x42, 0x81, 0x55, 0x4A, 0x81, 0x76, 0x4A, 0x0D, 0x56, 0x4A, 0x55, 0x4A,
    0x34, 0x42, 0x14, 0x42, 0x13, 0x42, 0x34, 0x63, 0x32, 0x63, 0xEB, 0x18, 0xF3, 0x39, 0xF4, 0x41,
    0x14, 0x42, 0x34, 0x42, 0x55, 0x4A, 0x56, 0x4A, 0x81, 0x76, 0x4A, 0x81, 0x55, 0x4A, 0x03, 0x34,
    0x42, 0x14, 0x42, 0xF3, 0x41, 0xF2, 0x39, 0x81, 0xD2, 0x39, 0x03, 0xF3, 0x39, 0xF3, 0x41, 0x14,
    0x42, 0x35, 0x42, 0x81, 0x55, 0x4A, 0x81, 0x76, 0x4A, 0x07, 0x56, 0x4A, 0x55, 0x4A, 0x34, 0x42,
    0x14, 0x42, 0xF3, 0x41, 0xF3, 0x39, 0xD1, 0x39, 0xD2, 0x39, 0x81, 0xF3, 0x39, 0x03, 0xF4, 0x5A,
    0x97, 0x73, 0xF5, 0x5A, 0x56, 0x4A, 0x81, 0x76, 0x4A, 0x81, 0x55, 0x4A, 0x0B, 0x34, 0x42, 0x14,
    0x42, 0xF3, 0x41, 0xF2, 0x39, 0xD2, 0x39, 0xCF, 0x39, 0xF2, 0x39, 0xF3, 0x41, 0x14, 0x42, 0x35,
    0x42, 0x55, 0x4A, 0x56, 0x4A, 0x81, 0x96, 0x52, 0x06, 0x79, 0x6B, 0xCA, 0x18, 0x07, 0x00, 0x18,
    0x84, 0xD7, 0x5A, 0xEC, 0x18, 0x14, 0x42, 0x81, 0x13, 0x42, 0x83, 0x14, 0x42, 0x81, 0x34, 0x42,
    0x81, 0x35, 0x42, 0x01, 0x14, 0x42, 0x15, 0x42, 0x82, 0x14, 0x42, 0x81, 0xF4, 0x41, 0x81, 0x13,
    0x42, 0x82, 0x14, 0x42, 0x83, 0x35, 0x42, 0x84, 0x14, 0x42, 0x81, 0xF3, 0x41, 0x00, 0x13, 0x42,
    0x83, 0x14, 0x42, 0x00, 0x34, 0x42, 0x81, 0x35, 0x42, 0x00, 0x34, 0x42, 0x82, 0x14, 0x42, 0x81,
    0x13, 0x42, 0x01, 0xF3, 0x41, 0xF4, 0x41, 0x83, 0x14, 0x42, 0x00, 0x15, 0x42, 0x81, 0x34, 0x42,
    0x01, 0x35, 0x42, 0x34, 0x42, 0x84, 0x14, 0x42, 0x81, 0xF3, 0x41, 0x84, 0x14, 0x42, 0x00, 0x34,
    0x42, 0x81, 0x35, 0x42, 0x00, 0x34, 0x42, 0x83, 0x14, 0x42, 0x00, 0x13, 0x42, 0x81, 0xF4, 0x41,
    0x83, 0x14, 0x42, 0x00, 0x15, 0x42, 0x81, 0x34, 0x42, 0x01, 0x35, 0x42, 0x34, 0x42, 0x84, 0x14,
    0x42, 0x81, 0xF3, 0x41, 0x84, 0x14, 0x42, 0x00, 0x34, 0x42, 0x81, 0x35, 0x42, 0x00, 0x34, 0x42,
    0x83, 0x14, 0x42, 0x00, 0x13, 0x42, 0x81, 0xF4, 0x41, 0x81, 0x13, 0x42, 0x81, 0x14, 0x42, 0x01,
    0x15, 0x42, 0x35, 0x42, 0x81, 0x55, 0x4A, 0x05, 0x18, 0x63, 0xEC, 0x18, 0x08, 0x00, 0x38, 0x8C,
    0xF8, 0x5A, 0xCB, 0x18, 0x81, 0x35, 0x4A, 0x00, 0x34, 0x42, 0x82, 0x14, 0x42, 0x81, 0xF4, 0x41,
    0x81, 0xF3, 0x39, 0x81, 0xF3, 0x41, 0x00, 0x13, 0x42, 0x82, 0x14, 0x42, 0x81, 0x35, 0x42, 0x83,
    0x14, 0x42, 0x81, 0xF3, 0x41, 0x81, 0xF3, 0x39, 0x81, 0xF4, 0x41, 0x82, 0x14, 0x42, 0x02, 0x15,
    0x42, 0x35, 0x42, 0x34, 0x42, 0x83, 0x14, 0x42, 0x81, 0xF3, 0x41, 0x81, 0xF3, 0x39, 0x01, 0xF3,
    0x41, 0xF4, 0x41, 0x83, 0x14, 0x42, 0x81, 0x34, 0x42, 0x83, 0x14, 0x42, 0x01, 0xF4, 0x41, 0xF3,
    0x41, 0x81, 0xF3, 0x39, 0x81, 0xF3, 0x41, 0x83, 0x14, 0x42, 0x81, 0x35, 0x42, 0x83, 0x14, 0x42,
    0x81, 0xF3, 0x41, 0x81, 0xF3, 0x39, 0x81, 0xF3, 0x41, 0x00, 0x13, 0x42, 0x82, 0x14, 0x42, 0x81,
    0x35, 0x42, 0x83, 0x14, 0x42, 0x01, 0xF4, 0x41, 0xF3, 0x41, 0x81, 0xF3, 0x39, 0x81, 0xF3, 0x41,
    0x83, 0x14, 0x42, 0x81, 0x35, 0x42, 0x83, 0x14, 0x42, 0x81, 0xF3, 0x41, 0x81, 0xF3, 0x39, 0x81,
    0xF3, 0x41, 0x00, 0x13, 0x42, 0x82, 0x14, 0x42, 0x81, 0x35, 0x42, 0x00, 0x15, 0x42, 0x81, 0x14,
    0x42, 0x00, 0x13, 0x42, 0x83, 0xF3, 0x41, 0x05, 0xB7, 0x5A, 0x0E, 0x21, 0x09, 0x00, 0x58, 0x8C,
    0xF9, 0x62, 0x8A, 0x10, 0x81, 0x76, 0x4A, 0x15, 0x35, 0x4A, 0x34, 0x42, 0x14, 0x42, 0xF3, 0x41,
    0xD3, 0x39, 0xB2, 0x39, 0x92, 0x31, 0x91, 0x31, 0xB2, 0x39, 0xD2, 0x39, 0xF3, 0x41, 0x14, 0x42,
    0x34, 0x42, 0x35, 0x4A, 0x55, 0x4A, 0x56, 0x4A, 0x35, 0x4A, 0x34, 0x42, 0x14, 0x42, 0xF3, 0x41,
    0xD2, 0x39, 0xB2, 0x39, 0x81, 0x91, 0x31, 0x05, 0xB2, 0x39, 0xD2, 0x39, 0xF3, 0x41, 0x14, 0x42,
    0x34, 0x42, 0x35, 0x4A, 0x81, 0x55, 0x4A, 0x05, 0x35, 0x4A, 0x35, 0x42, 0x14, 0x42, 0xF3, 0x41,
    0xD3, 0x39, 0xB2, 0x39, 0x81, 0x91, 0x31, 0x05, 0xB2, 0x39, 0xD3, 0x39, 0xF4, 0x39, 0x14, 0x42,
    0x34, 0x42, 0x35, 0x4A, 0x81, 0x55, 0x4A, 0x05, 0x35, 0x4A, 0x34, 0x42, 0x13, 0x42, 0xF3, 0x41,
    0xD3, 0x39, 0xB3, 0x39, 0x81, 0x91, 0x31, 0x05, 0xB2, 0x39, 0xD2, 0x39, 0xF3, 0x41, 0x13, 0x42,
    0x34, 0x42, 0x35, 0x4A, 0x81, 0x55, 0x4A, 0x0D, 0x35, 0x4A, 0x34, 0x42, 0x13, 0x42, 0xF3, 0x41,
    0xD3, 0x39, 0xB2, 0x39, 0x91, 0x31, 0x92, 0x31, 0xB2, 0x39, 0xD3, 0x39, 0xF3, 0x41, 0x14, 0x42,
    0x34, 0x42, 0x35, 0x4A, 0x81, 0x56, 0x4A, 0x05, 0x35, 0x4A, 0x34, 0x42, 0x13, 0x42, 0xF3, 0x41,
    0xD3, 0x39, 0xB3, 0x39, 0x81, 0x91, 0x31, 0x05, 0xB2, 0x39, 0xD2, 0x39, 0xF3, 0x41, 0x13, 0x42,
    0x34, 0x42, 0x35, 0x4A, 0x81, 0x55, 0x4A, 0x0D, 0x35, 0x4A, 0x34, 0x42, 0x13, 0x42, 0xF3, 0x41,
    0xD3, 0x39, 0xB2, 0x39, 0x91, 0x31, 0x92, 0x31, 0xB2, 0x39, 0xD3, 0x39, 0xF3, 0x41, 0x14, 0x42,
    0x34, 0x42, 0x35, 0x4A, 0x81, 0x56, 0x4A, 0x05, 0x35, 0x4A, 0x34, 0x42, 0x14, 0x42, 0xF3, 0x41,
    0xD2, 0x39, 0xB2, 0x39, 0x81, 0xB1, 0x31, 0x05, 0x54, 0x4A, 0x0E, 0x21, 0x0A, 0x00, 0x79, 0x94,
    0x1A, 0x63, 0x68, 0x08, 0x81, 0x97, 0x52, 0x0D, 0x56, 0x4A, 0x35, 0x42, 0x14, 0x42, 0xD3, 0x39,
    0xB2, 0x39, 0x91, 0x31, 0x51, 0x29, 0x50, 0x29, 0x91, 0x31, 0xB2, 0x39, 0xD3, 0x39, 0x14, 0x42,
    0x34, 0x42, 0x55, 0x4A, 0x81, 0x76, 0x4A, 0x05, 0x56, 0x4A, 0x35, 0x42, 0x14, 0x42, 0xD3, 0x39,
    0xB1, 0x39, 0x90, 0x31, 0x81, 0x4F, 0x29, 0x05, 0x90, 0x31, 0xB1, 0x39, 0xD2, 0x39, 0x14, 0x42,
    0x34, 0x42, 0x55, 0x4A, 0x81, 0x76, 0x4A, 0x05, 0x55, 0x4A, 0x35, 0x42, 0x14, 0x42, 0xD3, 0x39,
    0xB2, 0x39, 0x92, 0x31, 0x81, 0x50, 0x29, 0x05, 0x91, 0x31, 0xB2, 0x39, 0xD3, 0x39, 0x14, 0x42,
    0x35, 0x42, 0x56, 0x4A, 0x81, 0x76, 0x4A, 0x05, 0x56, 0x4A, 0x35, 0x42, 0x13, 0x42, 0xD2, 0x39,
    0xB1, 0x39, 0x92, 0x31, 0x81, 0x50, 0x29, 0x05, 0x91, 0x31, 0xB1, 0x39, 0xD2, 0x39, 0x13, 0x42,
    0x34, 0x42, 0x55, 0x4A, 0x81, 0x76, 0x4A, 0x05, 0x55, 0x4A, 0x34, 0x42, 0x13, 0x42, 0xD3, 0x39,
    0xB2, 0x39, 0x91, 0x31, 0x81, 0x50, 0x29, 0x05, 0x91, 0x31, 0xB2, 0x39, 0xD3, 0x39, 0x14, 0x42,
    0x35, 0x42, 0x55, 0x4A, 0x81, 0x76, 0x4A, 0x05, 0x56, 0x4A, 0x35, 0x42, 0x13, 0x42, 0xD2, 0x39,
    0xB1, 0x39, 0x92, 0x31, 0x81, 0x50, 0x29, 0x05, 0x91, 0x31, 0xB1, 0x39, 0xD2, 0x39, 0x13, 0x42,
    0x34, 0x42, 0x55, 0x4A, 0x81, 0x76, 0x4A, 0x05, 0x55, 0x4A, 0x34, 0x42, 0x13, 0x42, 0xD3, 0x39,
    0xB2, 0x39, 0x91, 0x31, 0x81, 0x50, 0x29, 0x05, 0x91, 0x31, 0xB2, 0x39, 0xD3, 0x39, 0x14, 0x42,
    0x35, 0x42, 0x55, 0x4A, 0x81, 0x76, 0x4A, 0x0D, 0x56, 0x4A, 0x35, 0x42, 0x14, 0x42, 0xD3, 0x39,
    0xB2, 0x39, 0x91, 0x31, 0x50, 0x29, 0x4F, 0x29, 0xF2, 0x41, 0x2D, 0x29, 0x0A, 0x00, 0x99, 0x94,
    0x3A, 0x6B, 0x26, 0x00, 0x81, 0x98, 0x52, 0x0D, 0x56, 0x4A, 0x35, 0x4A, 0x13, 0x42, 0xD2, 0x39,
    0x91, 0x31, 0x4F, 0x29, 0xEE, 0x18, 0xEF, 0x18, 0x51, 0x29, 0x91, 0x31, 0xD3, 0x39, 0x15, 0x42,
    0x35, 0x42, 0x56, 0x4A, 0x81, 0x97, 0x52, 0x0D, 0x56, 0x4A, 0x35, 0x4A, 0x14, 0x42, 0xD3, 0x39,
    0x91, 0x31, 0x4F, 0x29, 0xEC, 0x18, 0xED, 0x18, 0x4F, 0x29, 0x91, 0x31, 0xD2, 0x39, 0x13, 0x42,
    0x35, 0x4A, 0x56, 0x4A, 0x81, 0x97, 0x52, 0x05, 0x56, 0x4A, 0x35, 0x4A, 0x13, 0x42, 0xD3, 0x39,
    0x91, 0x31, 0x50, 0x29, 0x81, 0xED, 0x18, 0x05, 0x4F, 0x29, 0x91, 0x31, 0xD2, 0x39, 0x14, 0x42,
    0x35, 0x42, 0x56, 0x4A, 0x81, 0x97, 0x52, 0x05, 0x56, 0x4A, 0x36, 0x42, 0x14, 0x42, 0xD3, 0x39,
    0x91, 0x31, 0x4F, 0x29, 0x81, 0xEE, 0x18, 0x05, 0x51, 0x29, 0x91, 0x31, 0xD2, 0x39, 0x13, 0x42,
    0x35, 0x4A, 0x56, 0x4A, 0x81, 0x97, 0x52, 0x05, 0x56, 0x4A, 0x35, 0x4A, 0x13, 0x42, 0xD3, 0x39,
    0x91, 0x31, 0x4F, 0x29, 0x81, 0xED, 0x18, 0x05, 0x50, 0x29, 0x91, 0x31, 0xD3, 0x39, 0x13, 0x42,
    0x35, 0x4A, 0x56, 0x4A, 0x81, 0x97, 0x52, 0x05, 0x56, 0x4A, 0x36, 0x42, 0x14, 0x42, 0xD3, 0x39,
    0x91, 0x31, 0x4F, 0x29, 0x81, 0xEE, 0x18, 0x05, 0x51, 0x29, 0x91, 0x31, 0xD2, 0x39, 0x13, 0x42,
    0x35, 0x4A, 0x56, 0x4A, 0x81, 0x97, 0x52, 0x05, 0x56, 0x4A, 0x35, 0x4A, 0x13, 0x42, 0xD3, 0x39,
    0x91, 0x31, 0x4F, 0x29, 0x81, 0xED, 0x18, 0x05, 0x50, 0x29, 0x91, 0x31, 0xD3, 0x39, 0x13, 0x42,
    0x35, 0x4A, 0x56, 0x4A, 0x81, 0x97, 0x52, 0x0D, 0x56, 0x4A, 0x35, 0x4A, 0x14, 0x42, 0xD3, 0x39,
    0x91, 0x31, 0x51, 0x29, 0xF1, 0x18, 0xF0, 0x18, 0x71, 0x31, 0x4E, 0x29, 0x08, 0x00, 0x79, 0x94,
    0x1A, 0x63, 0x26, 0x00, 0x81, 0x97, 0x52, 0x05, 0x56, 0x4A, 0x34, 0x42, 0xF3, 0x41, 0xD2, 0x39,
    0x90, 0x31, 0x30, 0x29, 0x81, 0xED, 0x18, 0x05, 0x2F, 0x29, 0x91, 0x31, 0xD2, 0x39, 0xF3, 0x41,
    0x35, 0x42, 0x56, 0x4A, 0x81, 0x77, 0x52, 0x05, 0x56, 0x4A, 0x34, 0x42, 0xF3, 0x41, 0xD3, 0x39,
    0x92, 0x31, 0x30, 0x29, 0x81, 0xCF, 0x18, 0x05, 0x2E, 0x29, 0x91, 0x31, 0xD2, 0x39, 0xF3, 0x41,
    0x34, 0x42, 0x55, 0x4A, 0x81, 0x77, 0x52, 0x0D, 0x55, 0x4A, 0x34, 0x42, 0xF3, 0x41, 0xD2, 0x39,
    0x91, 0x31, 0x30, 0x29, 0xEE, 0x18, 0xED, 0x18, 0x2E, 0x29, 0x90, 0x31, 0xD2, 0x39, 0xF3, 0x41,
    0x34, 0x42, 0x56, 0x4A, 0x81, 0x77, 0x52, 0x0D, 0x56, 0x4A, 0x35, 0x42, 0xF4, 0x41, 0xD3, 0x39,
    0x91, 0x31, 0x2F, 0x29, 0xCE, 0x18, 0xED, 0x18, 0x30, 0x29, 0x92, 0x31, 0xD3, 0x39, 0xF4, 0x41,
    0x35, 0x42, 0x55, 0x4A, 0x81, 0x77, 0x52, 0x05, 0x56, 0x4A, 0x34, 0x42, 0xF3, 0x41, 0xD2, 0x39,
    0x91, 0x31, 0x2F, 0x29, 0x81, 0xED, 0x18, 0x05, 0x2F, 0x29, 0x91, 0x31, 0xD2, 0x39, 0xF3, 0x41,
    0x34, 0x42, 0x55, 0x4A, 0x81, 0x77, 0x52, 0x0D, 0x56, 0x4A, 0x35, 0x42, 0xF4, 0x41, 0xD3, 0x39,
    0x91, 0x31, 0x2F, 0x29, 0xCE, 0x18, 0xED, 0x18, 0x30, 0x29, 0x92, 0x31, 0xD3, 0x39, 0xF4, 0x41,
    0x35, 0x42, 0x55, 0x4A, 0x81, 0x77, 0x52, 0x05, 0x56, 0x4A, 0x34, 0x42, 0xF3, 0x41, 0xD2, 0x39,
    0x91, 0x31, 0x2F, 0x29, 0x81, 0xED, 0x18, 0x05, 0x2F, 0x29, 0x91, 0x31, 0xD2, 0x39, 0xF3, 0x41,
    0x34, 0x42, 0x55, 0x4A, 0x81, 0x77, 0x52, 0x0D, 0x56, 0x4A, 0x34, 0x42, 0xF3, 0x41, 0xD2, 0x39,
    0x91, 0x31, 0x2F, 0x29, 0xEE, 0x18, 0xEF, 0x18, 0x71, 0x31, 0x2F, 0x29, 0x08, 0x00, 0x38, 0x84,
    0xFA, 0x5A, 0x67, 0x08, 0x81, 0x56, 0x4A, 0x05, 0x35, 0x42, 0x14, 0x42, 0xF4, 0x39, 0xB2, 0x39,
    0x91, 0x31, 0x70, 0x29, 0x81, 0x30, 0x29, 0x05, 0x70, 0x29, 0x91, 0x31, 0xB2, 0x39, 0xF3, 0x39,
    0x13, 0x42, 0x34, 0x42, 0x81, 0x55, 0x4A, 0x0D, 0x34, 0x42, 0x14, 0x42, 0xF3, 0x39, 0xB2, 0x39,
    0x91, 0x31, 0x70, 0x29, 0x30, 0x29, 0x31, 0x29, 0x70, 0x29, 0x91, 0x31, 0xB3, 0x39, 0xF3, 0x39,
    0x14, 0x42, 0x34, 0x42, 0x81, 0x55, 0x4A, 0x0D, 0x34, 0x42, 0x14, 0x42, 0xF3, 0x39, 0xB2, 0x39,
    0x91, 0x31, 0x71, 0x29, 0x30, 0x29, 0x31, 0x29, 0x70, 0x29, 0x91, 0x31, 0xB2, 0x39, 0xF3, 0x39,
    0x14, 0x42, 0x34, 0x42, 0x81, 0x55, 0x4A, 0x05, 0x34, 0x42, 0x13, 0x42, 0xF3, 0x39, 0xB2, 0x39,
    0x91, 0x31, 0x70, 0x29, 0x81, 0x30, 0x29, 0x0D, 0x70, 0x29, 0x91, 0x31, 0xB2, 0x39, 0xF4, 0x39,
    0x15, 0x42, 0x35, 0x42, 0x55, 0x4A, 0x35, 0x4A, 0x35, 0x42, 0x14, 0x42, 0xF3, 0x39, 0xB2, 0x39,
    0x91, 0x31, 0x70, 0x29, 0x81, 0x2F, 0x29, 0x05, 0x70, 0x29, 0x91, 0x31, 0xB2, 0x39, 0xF3, 0x39,
    0x14, 0x42, 0x35, 0x42, 0x81, 0x55, 0x4A, 0x05, 0x34, 0x42, 0x13, 0x42, 0xF3, 0x39, 0xB2, 0x39,
    0x91, 0x31, 0x70, 0x29, 0x81, 0x30, 0x29, 0x0D, 0x70, 0x29, 0x91, 0x31, 0xB2, 0x39, 0xF4, 0x39,
    0x15, 0x42, 0x35, 0x42, 0x55, 0x4A, 0x35, 0x4A, 0x35, 0x42, 0x14, 0x42, 0xF3, 0x39, 0xB2, 0x39,
    0x91, 0x31, 0x70, 0x29, 0x81, 0x2F, 0x29, 0x05, 0x70, 0x29, 0x91, 0x31, 0xB2, 0x39, 0xF3, 0x39,
    0x14, 0x42, 0x35, 0x42, 0x81, 0x55, 0x4A, 0x0D, 0x34, 0x42, 0x14, 0x42, 0xF3, 0x39, 0xB2, 0x39,
    0x91, 0x31, 0x70, 0x29, 0x4F, 0x29, 0x4E, 0x29, 0xF2, 0x39, 0x0D, 0x21, 0x08, 0x00, 0xD8, 0x7B,
    0xB9, 0x5A, 0x8A, 0x10, 0x81, 0x14, 0x42, 0x05, 0xF4, 0x41, 0xF3, 0x39, 0xD3, 0x39, 0xB2, 0x39,
    0xB1, 0x31, 0x91, 0x31, 0x81, 0x70, 0x31, 0x05, 0x91, 0x31, 0xB2, 0x31, 0xB2, 0x39, 0xD3, 0x39,
    0xF3, 0x39, 0xF3, 0x41, 0x81, 0x14, 0x42, 0x05, 0xF3, 0x41, 0xF4, 0x39, 0xD3, 0x39, 0xB3, 0x39,
    0xB2, 0x31, 0x91, 0x31, 0x81, 0x70, 0x31, 0x05, 0x91, 0x31, 0xB1, 0x31, 0xB2, 0x39, 0xD4, 0x39,
    0xF3, 0x39, 0xF4, 0x41, 0x81, 0x14, 0x42, 0x0D, 0xF4, 0x41, 0xF3, 0x39, 0xD3, 0x39, 0xB2, 0x39,
    0xB2, 0x31, 0x91, 0x31, 0x70, 0x31, 0x72, 0x31, 0x92, 0x31, 0xB1, 0x31, 0xB2, 0x39, 0xD3, 0x39,
    0xF3, 0x39, 0xF4, 0x41, 0x81, 0x14, 0x42, 0x0D, 0xF4, 0x41, 0xF3, 0x39, 0xD2, 0x39, 0xB2, 0x39,
    0xB2, 0x31, 0x91, 0x31, 0x71, 0x31, 0x72, 0x31, 0x92, 0x31, 0xB2, 0x31, 0xB2, 0x39, 0xD2, 0x39,
    0xF3, 0x39, 0xF4, 0x41, 0x81, 0x14, 0x42, 0x05, 0xF4, 0x41, 0xF3, 0x39, 0xD3, 0x39, 0xB2, 0x39,
    0xB2, 0x31, 0x91, 0x31, 0x81, 0x71, 0x31, 0x05, 0x92, 0x31, 0xB2, 0x31, 0xB2, 0x39, 0xD3, 0x39,
    0xF4, 0x39, 0xF4, 0x41, 0x81, 0x14, 0x42, 0x0D, 0xF4, 0x41, 0xF3, 0x39, 0xD2, 0x39, 0xB2, 0x39,
    0xB2, 0x31, 0x91, 0x31, 0x71, 0x31, 0x72, 0x31, 0x92, 0x31, 0xB2, 0x31, 0xB2, 0x39, 0xD2, 0x39,
    0xF3, 0x39, 0xF4, 0x41, 0x81, 0x14, 0x42, 0x05, 0xF4, 0x41, 0xF3, 0x39, 0xD3, 0x39, 0xB2, 0x39,
    0xB2, 0x31, 0x91, 0x31, 0x81, 0x71, 0x31, 0x05, 0x92, 0x31, 0xB2, 0x31, 0xB2, 0x39, 0xD3, 0x39,
    0xF4, 0x39, 0xF4, 0x41, 0x81, 0x14, 0x42, 0x04, 0xF3, 0x41, 0xF3, 0x39, 0xD3, 0x39, 0xB2, 0x39,
    0xB2, 0x31, 0x82, 0x91, 0x31, 0x05, 0x34, 0x42, 0xED, 0x20, 0x08, 0x00, 0x98, 0x73, 0x77, 0x52,
    0xAB, 0x10, 0x81, 0xF3, 0x39, 0x81, 0xD2, 0x39, 0x82, 0xB2, 0x39, 0x00, 0xB2, 0x31, 0x81, 0xB1,
    0x31, 0x00, 0xB1, 0x39, 0x81, 0xB2, 0x39, 0x02, 0xD2, 0x39, 0xD3, 0x39, 0xD2, 0x39, 0x81, 0xD3,
    0x39, 0x82, 0xD2, 0x39, 0x00, 0xB3, 0x39, 0x82, 0xB2, 0x31, 0x01, 0xB1, 0x31, 0xB2, 0x31, 0x81,
    0xB2, 0x39, 0x00, 0xB3, 0x39, 0x82, 0xD2, 0x39, 0x81, 0xD3, 0x39, 0x81, 0xD2, 0x39, 0x81, 0xB2,
    0x39, 0x00, 0xB1, 0x39, 0x81, 0xB1, 0x31, 0x00, 0xB2, 0x31, 0x82, 0xB2, 0x39, 0x82, 0xD2, 0x39,
    0x82, 0xD3, 0x39, 0x82, 0xB2, 0x39, 0x00, 0xB1, 0x39, 0x81, 0xB1, 0x31, 0x01, 0xB2, 0x31, 0xB3,
    0x31, 0x81, 0xB2, 0x39, 0x83, 0xD2, 0x39, 0x81, 0xD3, 0x39, 0x00, 0xD2, 0x39, 0x81, 0xB2, 0x39,
    0x81, 0xB2, 0x31, 0x01, 0xB1, 0x31, 0xB2, 0x31, 0x81, 0xB2, 0x39, 0x81, 0xD2, 0x39, 0x84, 0xD3,
    0x39, 0x82, 0xB2, 0x39, 0x00, 0xB1, 0x39, 0x81, 0xB1, 0x31, 0x01, 0xB2, 0x31, 0xB3, 0x31, 0x81,
    0xB2, 0x39, 0x83, 0xD2, 0x39, 0x81, 0xD3, 0x39, 0x00, 0xD2, 0x39, 0x81, 0xB2, 0x39, 0x81, 0xB2,
    0x31, 0x01, 0xB1, 0x31, 0xB2, 0x31, 0x81, 0xB2, 0x39, 0x81, 0xD2, 0x39, 0x82, 0xD3, 0x39, 0x82,
    0xD2, 0x39, 0x81, 0xB2, 0x39, 0x00, 0xB1, 0x39, 0x81, 0xB2, 0x39, 0x07, 0x76, 0x4A, 0xCB, 0x18,
    0x08, 0x00, 0x58, 0x6B, 0x56, 0x4A, 0xCB, 0x18, 0xB1, 0x31, 0xB2, 0x31, 0x81, 0xB1, 0x31, 0x81,
    0xB2, 0x39, 0x81, 0xD2, 0x39, 0x82, 0xD3, 0x39, 0x00, 0xD2, 0x39, 0x81, 0xB1, 0x39, 0x81, 0xB1,
    0x31, 0x81, 0x91, 0x31, 0x81, 0xB1, 0x31, 0x02, 0xB1, 0x39, 0xB2, 0x39, 0xD2, 0x39, 0x81, 0xD3,
    0x39, 0x82, 0xD2, 0x39, 0x03, 0xB2, 0x39, 0xB3, 0x31, 0xB2, 0x31, 0xB1, 0x31, 0x81, 0x91, 0x31,
    0x81, 0xB1, 0x31, 0x03, 0xB1, 0x39, 0xB2, 0x39, 0xD2, 0x39, 0xD3, 0x39, 0x83, 0xD2, 0x39, 0x81,
    0xB2, 0x39, 0x81, 0xB2, 0x31, 0x81, 0x91, 0x31, 0x81, 0xB1, 0x31, 0x81, 0xB2, 0x39, 0x85, 0xD2,
    0x39, 0x01, 0xB3, 0x39, 0xB2, 0x39, 0x81, 0xB2, 0x31, 0x81, 0x91, 0x31, 0x01, 0x93, 0x31, 0xB2,
    0x31, 0x81, 0xB2, 0x39, 0x85, 0xD2, 0x39, 0x03, 0xB2, 0x39, 0xB1, 0x39, 0xB1, 0x31, 0xB2, 0x31,
    0x81, 0x91, 0x31, 0x81, 0xB1, 0x31, 0x81, 0xB2, 0x39, 0x85, 0xD2, 0x39, 0x01, 0xB3, 0x39, 0xB2,
    0x39, 0x81, 0xB2, 0x31, 0x81, 0x91, 0x31, 0x01, 0x93, 0x31, 0xB2, 0x31, 0x81, 0xB2, 0x39, 0x85,
    0xD2, 0x39, 0x03, 0xB2, 0x39, 0xB1, 0x39, 0xB1, 0x31, 0xB2, 0x31, 0x81, 0x91, 0x31, 0x01, 0xB1,
    0x31, 0xB2, 0x31, 0x81, 0xB2, 0x39, 0x81, 0xD2, 0x39, 0x81, 0xD3, 0x39, 0x0D, 0x98, 0x52, 0xAA,
    0x18, 0x07, 0x00, 0x17, 0x63, 0x15, 0x42, 0xCC, 0x18, 0x70, 0x29, 0x71, 0x29, 0x71, 0x31, 0x90,
    0x31, 0xB1, 0x31, 0xB2, 0x39, 0xD2, 0x39, 0xD3, 0x39, 0x81, 0xF4, 0x39, 0x05, 0xD4, 0x39, 0xD3,
    0x39, 0xB2, 0x39, 0xB1, 0x31, 0x91, 0x31, 0x70, 0x31, 0x81, 0x50, 0x29, 0x05, 0x70, 0x31, 0x91,
    0x31, 0xB1, 0x31, 0xB2, 0x39, 0xD2, 0x39, 0xD3, 0x39, 0x81, 0xF3, 0x39, 0x0B, 0xD3, 0x39, 0xD2,
    0x39, 0xB2, 0x39, 0x93, 0x31, 0x92, 0x31, 0x71, 0x31, 0x50, 0x29, 0x4F, 0x29, 0x70, 0x31, 0x91,
    0x31, 0x92, 0x31, 0xB2, 0x39, 0x81, 0xD3, 0x39, 0x81, 0xF3, 0x39, 0x02, 0xD3, 0x39, 0xD2, 0x39,
    0xB2, 0x39, 0x81, 0x92, 0x31, 0x06, 0x72, 0x29, 0x50, 0x29, 0x4F, 0x29, 0x70, 0x31, 0x90, 0x31,
    0xB1, 0x31, 0xB2, 0x39, 0x81, 0xD3, 0x39, 0x81, 0xF3, 0x39, 0x05, 0xD3, 0x39, 0xD2, 0x39, 0xB2,
    0x39, 0x92, 0x31, 0x91, 0x31, 0x70, 0x31, 0x81, 0x50, 0x29, 0x00, 0x72, 0x29, 0x81, 0x92, 0x31,
    0x02, 0xB2, 0x39, 0xD2, 0x39, 0xD3, 0x39, 0x81, 0xF3, 0x39, 0x05, 0xD3, 0x39, 0xD2, 0x39, 0xB2,
    0x39, 0x92, 0x31, 0x90, 0x31, 0x70, 0x31, 0x81, 0x50, 0x29, 0x03, 0x70, 0x31, 0x90, 0x31, 0xB1,
    0x31, 0xB2, 0x39, 0x81, 0xD3, 0x39, 0x81, 0xF3, 0x39, 0x05, 0xD3, 0x39, 0xD2, 0x39, 0xB2, 0x39,
    0x92, 0x31, 0x91, 0x31, 0x70, 0x31, 0x81, 0x50, 0x29, 0x00, 0x72, 0x29, 0x81, 0x92, 0x31, 0x02,
    0xB2, 0x39, 0xD2, 0x39, 0xD3, 0x39, 0x81, 0xF3, 0x39, 0x05, 0xD3, 0x39, 0xD2, 0x39, 0xB2, 0x39,
    0x92, 0x31, 0x90, 0x31, 0x70, 0x31, 0x81, 0x50, 0x29, 0x03, 0x71, 0x31, 0x92, 0x31, 0x93, 0x31,
    0xB2, 0x39, 0x81, 0xD2, 0x39, 0x81, 0x14, 0x42, 0x05, 0xB9, 0x5A, 0x8A, 0x10, 0x08, 0x00, 0xB7,
    0x5A, 0xD4, 0x39, 0xEE, 0x18, 0x81, 0x0F, 0x21, 0x05, 0x4F, 0x29, 0x70, 0x29, 0x91, 0x31, 0xB2,
    0x31, 0xD3, 0x39, 0xF3, 0x39, 0x81, 0x14, 0x42, 0x0D, 0xF3, 0x39, 0xD3, 0x39, 0xB2, 0x31, 0x91,
    0x31, 0x71, 0x29, 0x4F, 0x29, 0x0F, 0x21, 0x10, 0x21, 0x31, 0x29, 0x71, 0x29, 0x91, 0x31, 0xB2,
    0x31, 0xD2, 0x39, 0xF3, 0x39, 0x81, 0x14, 0x42, 0x05, 0xF3, 0x39, 0xD2, 0x39, 0xB2, 0x31, 0x91,
    0x31, 0x71, 0x29, 0x31, 0x29, 0x81, 0x0F, 0x21, 0x05, 0x2F, 0x29, 0x70, 0x29, 0x91, 0x31, 0xB2,
    0x31, 0xD3, 0x39, 0xF3, 0x39, 0x81, 0x14, 0x42, 0x0D, 0xF3, 0x39, 0xD2, 0x39, 0xB2, 0x31, 0x92,
    0x31, 0x71, 0x29, 0x30, 0x29, 0x0F, 0x21, 0x0E, 0x21, 0x4F, 0x29, 0x71, 0x29, 0x91, 0x31, 0xB2,
    0x31, 0xD3, 0x39, 0xF4, 0x39, 0x81, 0x14, 0x42, 0x05, 0xF3, 0x39, 0xD3, 0x39, 0xB1, 0x39, 0x91,
    0x31, 0x70, 0x29, 0x4F, 0x29, 0x81, 0x0E, 0x21, 0x05, 0x30, 0x29, 0x71, 0x29, 0x92, 0x31, 0xB2,
    0x31, 0xD3, 0x39, 0xF3, 0x39, 0x81, 0x14, 0x42, 0x0D, 0xF3, 0x39, 0xD3, 0x39, 0xB2, 0x31, 0x91,
    0x31, 0x70, 0x29, 0x30, 0x29, 0x0E, 0x21, 0x0F, 0x21, 0x4F, 0x29, 0x71, 0x29, 0x91, 0x31, 0xB2,
    0x31, 0xD3, 0x39, 0xF4, 0x39, 0x81, 0x14, 0x42, 0x05, 0xF3, 0x39, 0xD3, 0x39, 0xB1, 0x39, 0x91,
    0x31, 0x70, 0x29, 0x4F, 0x29, 0x81, 0x0E, 0x21, 0x05, 0x30, 0x29, 0x71, 0x29, 0x92, 0x31, 0xB2,
    0x31, 0xD3, 0x39, 0xF3, 0x39, 0x81, 0x14, 0x42, 0x1D, 0xF3, 0x39, 0xD3, 0x39, 0xB2, 0x31, 0x91,
    0x31, 0x70, 0x29, 0x30, 0x29, 0x0E, 0x21, 0x0F, 0x21, 0x30, 0x29, 0x71, 0x29, 0x92, 0x31, 0xB2,
    0x31, 0xD2, 0x39, 0xF3, 0x39, 0x14, 0x42, 0x15, 0x42, 0xDB, 0x5A, 0x48, 0x08, 0x09, 0x00, 0x77,
    0x52, 0x91, 0x31, 0xED, 0x20, 0xAF, 0x18, 0xAE, 0x18, 0x0E, 0x21, 0x4F, 0x29, 0x70, 0x31, 0xB2,
    0x31, 0xD3, 0x39, 0xF4, 0x41, 0x81, 0x14, 0x42, 0x0D, 0xF3, 0x41, 0xD3, 0x39, 0xB1, 0x31, 0x70,
    0x31, 0x51, 0x29, 0x10, 0x21, 0xAD, 0x18, 0xAC, 0x18, 0x10, 0x21, 0x51, 0x29, 0x71, 0x31, 0xB2,
    0x31, 0xD3, 0x39, 0xF3, 0x41, 0x81, 0x14, 0x42, 0x0D, 0xF3, 0x41, 0xD2, 0x39, 0xB2, 0x31, 0x70,
    0x31, 0x50, 0x29, 0x10, 0x21, 0xAF, 0x18, 0xAD, 0x18, 0x0E, 0x21, 0x4F, 0x29, 0x70, 0x31, 0xB2,
    0x31, 0xD3, 0x39, 0xF3, 0x41, 0x81, 0x14, 0x42, 0x0D, 0xF3, 0x41, 0xD3, 0x39, 0xB2, 0x31, 0x71,
    0x31, 0x50, 0x29, 0x0E, 0x21, 0xAD, 0x18, 0xAC, 0x18, 0x0D, 0x21, 0x51, 0x29, 0x72, 0x31, 0xB2,
    0x31, 0xD2, 0x39, 0xF4, 0x41, 0x81, 0x15, 0x42, 0x0D, 0xF3, 0x41, 0xD3, 0x39, 0xB2, 0x31, 0x70,
    0x31, 0x4F, 0x29, 0x0E, 0x21, 0xAC, 0x18, 0xAD, 0x18, 0x0E, 0x21, 0x50, 0x29, 0x72, 0x31, 0xB2,
    0x31, 0xD3, 0x39, 0xF3, 0x41, 0x81, 0x14, 0x42, 0x05, 0xF4, 0x41, 0xD3, 0x39, 0xB2, 0x31, 0x70,
    0x31, 0x4F, 0x29, 0x0E, 0x21, 0x81, 0xAD, 0x18, 0x05, 0x0D, 0x21, 0x51, 0x29, 0x72, 0x31, 0xB2,
    0x31, 0xD2, 0x39, 0xF4, 0x41, 0x81, 0x15, 0x42, 0x0D, 0xF3, 0x41, 0xD3, 0x39, 0xB2, 0x31, 0x70,
    0x31, 0x4F, 0x29, 0x0E, 0x21, 0xAC, 0x18, 0xAD, 0x18, 0x0E, 0x21, 0x50, 0x29, 0x72, 0x31, 0xB2,
    0x31, 0xD3, 0x39, 0xF3, 0x41, 0x81, 0x14, 0x42, 0x05, 0xF4, 0x41, 0xD3, 0x39, 0xB2, 0x31, 0x70,
    0x31, 0x4F, 0x29, 0x0E, 0x21, 0x81, 0xAD, 0x18, 0x05, 0x0F, 0x21, 0x50, 0x29, 0x71, 0x31, 0xB2,
    0x31, 0xD2, 0x39, 0xF3, 0x41, 0x81, 0x35, 0x4A, 0x0D, 0xFC, 0x5A, 0x27, 0x00, 0x07, 0x00, 0x77,
    0x4A, 0x91, 0x31, 0xED, 0x18, 0xAE, 0x18, 0xB1, 0x18, 0x0F, 0x21, 0x4F, 0x29, 0x70, 0x31, 0x91,
    0x31, 0xD3, 0x39, 0xF3, 0x39, 0x81, 0x14, 0x42, 0x05, 0xF3, 0x39, 0xD3, 0x39, 0x92, 0x31, 0x70,
    0x31, 0x4F, 0x29, 0x0F, 0x21, 0x81, 0xAE, 0x18, 0x05, 0x0E, 0x21, 0x31, 0x29, 0x72, 0x29, 0x92,
    0x31, 0xD3, 0x39, 0xF3, 0x39, 0x81, 0x14, 0x42, 0x0D, 0xF3, 0x39, 0xD2, 0x39, 0x91, 0x31, 0x70,
    0x31, 0x4F, 0x29, 0x0E, 0x21, 0xAE, 0x18, 0xAD, 0x18, 0x0E, 0x21, 0x4F, 0x29, 0x70, 0x31, 0x92,
    0x31, 0xD3, 0x39, 0xF3, 0x39, 0x81, 0x14, 0x42, 0x05, 0xF3, 0x39, 0xD2, 0x39, 0x92, 0x31, 0x71,
    0x31, 0x30, 0x29, 0x0E, 0x21, 0x81, 0xAE, 0x18, 0x05, 0x0E, 0x21, 0x4F, 0x29, 0x71, 0x31, 0x92,
    0x31, 0xD3, 0x39, 0xF3, 0x39, 0x81, 0x14, 0x42, 0x05, 0xF4, 0x39, 0xD3, 0x39, 0x92, 0x31, 0x70,
    0x31, 0x4F, 0x29, 0x0E, 0x21, 0x81, 0xAC, 0x18, 0x05, 0x0E, 0x21, 0x4F, 0x29, 0x71, 0x31, 0x92,
    0x31, 0xD2, 0x39, 0xF3, 0x39, 0x81, 0x14, 0x42, 0x0D, 0xF3, 0x39, 0xD3, 0x39, 0x93, 0x31, 0x71,
    0x31, 0x4F, 0x29, 0x0E, 0x21, 0xAD, 0x18, 0xAE, 0x18, 0x0E, 0x21, 0x4F, 0x29, 0x71, 0x31, 0x92,
    0x31, 0xD3, 0x39, 0xF3, 0x39, 0x81, 0x14, 0x42, 0x05, 0xF4, 0x39, 0xD3, 0x39, 0x92, 0x31, 0x70,
    0x31, 0x4F, 0x29, 0x0E, 0x21, 0x81, 0xAC, 0x18, 0x05, 0x0E, 0x21, 0x4F, 0x29, 0x71, 0x31, 0x92,
    0x31, 0xD2, 0x39, 0xF3, 0x39, 0x81, 0x14, 0x42, 0x0D, 0xF3, 0x39, 0xD3, 0x39, 0x93, 0x31, 0x71,
    0x31, 0x4F, 0x29, 0x0E, 0x21, 0xAD, 0x18, 0xAE, 0x18, 0x0F, 0x21, 0x30, 0x29, 0x70, 0x31, 0x92,
    0x31, 0xD3, 0x39, 0xF3, 0x39, 0x81, 0x35, 0x42, 0x0D, 0xDC, 0x5A, 0x28, 0x00, 0x08, 0x00, 0x98,
    0x52, 0xB3, 0x31, 0xCC, 0x18, 0x0E, 0x21, 0x0F, 0x21, 0x30, 0x21, 0x50, 0x29, 0x70, 0x29, 0x92,
    0x31, 0xB2, 0x31, 0xD2, 0x39, 0x81, 0xD3, 0x39, 0x05, 0xD2, 0x39, 0xB2, 0x31, 0x91, 0x31, 0x70,
    0x29, 0x4F, 0x29, 0x2E, 0x21, 0x81, 0xEE, 0x20, 0x04, 0x2F, 0x21, 0x50, 0x29, 0x71, 0x29, 0x92,
    0x31, 0xB2, 0x31, 0x82, 0xD3, 0x39, 0x05, 0xD2, 0x39, 0xB2, 0x31, 0x91, 0x31, 0x70, 0x29, 0x50,
    0x29, 0x30, 0x21, 0x81, 0xEF, 0x20, 0x04, 0x30, 0x21, 0x51, 0x29, 0x70, 0x29, 0x91, 0x31, 0xB2,
    0x31, 0x82, 0xD3, 0x39, 0x05, 0xD2, 0x39, 0xB2, 0x31, 0x92, 0x31, 0x70, 0x29, 0x51, 0x29, 0x2F,
    0x21, 0x81, 0xEE, 0x20, 0x05, 0x2E, 0x21, 0x4F, 0x29, 0x70, 0x29, 0x91, 0x31, 0xB2, 0x31, 0xD2,
    0x39, 0x82, 0xD3, 0x39, 0x0B, 0xB2, 0x31, 0x92, 0x31, 0x71, 0x29, 0x4F, 0x29, 0x2F, 0x21, 0xEE,
    0x20, 0xED, 0x20, 0x2F, 0x21, 0x50, 0x29, 0x71, 0x29, 0x91, 0x31, 0xB2, 0x31, 0x82, 0xD3, 0x39,
    0x05, 0xD2, 0x39, 0xB2, 0x31, 0x92, 0x31, 0x71, 0x29, 0x50, 0x29, 0x2E, 0x21, 0x81, 0xEF, 0x20,
    0x05, 0x2E, 0x21, 0x4F, 0x29, 0x70, 0x29, 0x91, 0x31, 0xB2, 0x31, 0xD2, 0x39, 0x82, 0xD3, 0x39,
    0x0B, 0xB2, 0x31, 0x92, 0x31, 0x71, 0x29, 0x4F, 0x29, 0x2F, 0x21, 0xEE, 0x20, 0xED, 0x20, 0x2F,
    0x21, 0x50, 0x29, 0x71, 0x29, 0x91, 0x31, 0xB2, 0x31, 0x82, 0xD3, 0x39, 0x05, 0xD2, 0x39, 0xB2,
    0x31, 0x92, 0x31, 0x71, 0x29, 0x50, 0x29, 0x2E, 0x21, 0x81, 0xEF, 0x20, 0x05, 0x2F, 0x21, 0x51,
    0x29, 0x71, 0x29, 0x91, 0x31, 0xB2, 0x31, 0xD2, 0x39, 0x81, 0xF3, 0x41, 0x05, 0x9A, 0x52, 0x48,
    0x08, 0x08, 0x00, 0xB8, 0x5A, 0xD4, 0x39, 0xAD, 0x18, 0x81, 0x2F, 0x29, 0x03, 0x50, 0x29, 0x51,
    0x29, 0x70, 0x29, 0x70, 0x31, 0x81, 0x91, 0x31, 0x81, 0xB2, 0x31, 0x03, 0x92, 0x31, 0x91, 0x31,
    0x70, 0x31, 0x70, 0x29, 0x81, 0x50, 0x29, 0x81, 0x2F, 0x29, 0x81, 0x50, 0x29, 0x03, 0x70, 0x29,
    0x71, 0x31, 0x91, 0x31, 0x92, 0x31, 0x81, 0xB2, 0x31, 0x05, 0x92, 0x31, 0x91, 0x31, 0x71, 0x31,
    0x70, 0x29, 0x50, 0x29, 0x51, 0x29, 0x81, 0x30, 0x21, 0x03, 0x50, 0x29, 0x51, 0x29, 0x71, 0x29,
    0x71, 0x31, 0x81, 0x91, 0x31, 0x81, 0xB2, 0x31, 0x81, 0x91, 0x31, 0x09, 0x71, 0x31, 0x70, 0x29,
    0x51, 0x29, 0x50, 0x29, 0x2F, 0x29, 0x2E, 0x29, 0x4F, 0x29, 0x50, 0x29, 0x71, 0x29, 0x71, 0x31,
    0x81, 0x91, 0x31, 0x81, 0xB2, 0x31, 0x81, 0x91, 0x31, 0x01, 0x71, 0x31, 0x71, 0x29, 0x81, 0x50,
    0x29, 0x05, 0x30, 0x21, 0x2F, 0x29, 0x4F, 0x29, 0x50, 0x29, 0x71, 0x29, 0x72, 0x31, 0x81, 0x92,
    0x31, 0x81, 0xB2, 0x31, 0x05, 0x92, 0x31, 0x91, 0x31, 0x70, 0x31, 0x71, 0x29, 0x51, 0x29, 0x4F,
    0x29, 0x81, 0x2F, 0x29, 0x03, 0x4F, 0x29, 0x50, 0x29, 0x71, 0x29, 0x71, 0x31, 0x81, 0x91, 0x31,
    0x81, 0xB2, 0x31, 0x81, 0x91, 0x31, 0x01, 0x71, 0x31, 0x71, 0x29, 0x81, 0x50, 0x29, 0x05, 0x30,
    0x21, 0x2F, 0x29, 0x4F, 0x29, 0x50, 0x29, 0x71, 0x29, 0x72, 0x31, 0x81, 0x92, 0x31, 0x81, 0xB2,
    0x31, 0x05, 0x92, 0x31, 0x91, 0x31, 0x70, 0x31, 0x71, 0x29, 0x51, 0x29, 0x4F, 0x29, 0x81, 0x2F,
    0x29, 0x03, 0x4F, 0x29, 0x51, 0x29, 0x71, 0x29, 0x71, 0x31, 0x81, 0x91, 0x31, 0x81, 0xB2, 0x39,
    0x07, 0x58, 0x4A, 0x69, 0x10, 0x07, 0x00, 0xD8, 0x5A, 0xF5, 0x39, 0x8B, 0x10, 0x71, 0x29, 0x70,
    0x29, 0x82, 0x50, 0x29, 0x00, 0x70, 0x29, 0x81, 0x70, 0x31, 0x82, 0x71, 0x31, 0x00, 0x71, 0x29,
    0x81, 0x70, 0x29, 0x00, 0x50, 0x29, 0x81, 0x51, 0x29, 0x82, 0x50, 0x29, 0x81, 0x70, 0x29, 0x00,
    0x71, 0x29, 0x82, 0x71, 0x31, 0x01, 0x72, 0x31, 0x72, 0x29, 0x81, 0x70, 0x29, 0x85, 0x50, 0x29,
    0x00, 0x51, 0x29, 0x81, 0x71, 0x29, 0x00, 0x70, 0x31, 0x81, 0x71, 0x31, 0x81, 0x70, 0x31, 0x81,
    0x70, 0x29, 0x00, 0x50, 0x29, 0x81, 0x51, 0x29, 0x82, 0x50, 0x29, 0x03, 0x51, 0x29, 0x72, 0x29,
    0x70, 0x29, 0x70, 0x31, 0x81, 0x71, 0x31, 0x00, 0x70, 0x31, 0x81, 0x70, 0x29, 0x81, 0x50, 0x29,
    0x81, 0x51, 0x29, 0x82, 0x50, 0x29, 0x82, 0x70, 0x29, 0x83, 0x71, 0x31, 0x00, 0x71, 0x29, 0x81,
    0x70, 0x29, 0x82, 0x50, 0x29, 0x00, 0x4F, 0x29, 0x81, 0x50, 0x29, 0x03, 0x51, 0x29, 0x72, 0x29,
    0x70, 0x29, 0x70, 0x31, 0x81, 0x71, 0x31, 0x00, 0x70, 0x31, 0x81, 0x70, 0x29, 0x81, 0x50, 0x29,
    0x81, 0x51, 0x29, 0x82, 0x50, 0x29, 0x82, 0x70, 0x29, 0x83, 0x71, 0x31, 0x00, 0x71, 0x29, 0x81,
    0x70, 0x29, 0x82, 0x50, 0x29, 0x00, 0x4F, 0x29, 0x81, 0x50, 0x29, 0x00, 0x51, 0x29, 0x81, 0x71,
    0x29, 0x0A, 0x70, 0x31, 0x91, 0x31, 0x92, 0x31, 0x17, 0x42, 0x8B, 0x10, 0x07, 0x00, 0xD8, 0x5A,
    0xF5, 0x41, 0x6A, 0x10, 0x91, 0x31, 0x92, 0x31, 0x81, 0x70, 0x29, 0x81, 0x50, 0x29, 0x81, 0x4F,
    0x29, 0x00, 0x30, 0x29, 0x84, 0x50, 0x29, 0x81, 0x70, 0x29, 0x81, 0x71, 0x31, 0x81, 0x70, 0x29,
    0x00, 0x51, 0x29, 0x81, 0x50, 0x29, 0x82, 0x4F, 0x29, 0x83, 0x50, 0x29, 0x81, 0x70, 0x29, 0x02,
    0x71, 0x31, 0x70, 0x31, 0x70, 0x29, 0x82, 0x50, 0x29, 0x01, 0x51, 0x29, 0x50, 0x29, 0x81, 0x4F,
    0x29, 0x01, 0x50, 0x29, 0x4F, 0x29, 0x81, 0x50, 0x29, 0x81, 0x70, 0x29, 0x81, 0x71, 0x31, 0x07,
    0x71, 0x29, 0x70, 0x29, 0x50, 0x29, 0x51, 0x29, 0x50, 0x29, 0x4F, 0x29, 0x50, 0x29, 0x30, 0x29,
    0x83, 0x50, 0x29, 0x81, 0x70, 0x29, 0x81, 0x70, 0x31, 0x81, 0x70, 0x29, 0x81, 0x50, 0x29, 0x81,
    0x4F, 0x29, 0x00, 0x30, 0x29, 0x81, 0x50, 0x29, 0x00, 0x51, 0x29, 0x81, 0x50, 0x29, 0x81, 0x70,
    0x29, 0x81, 0x70, 0x31, 0x07, 0x71, 0x29, 0x70, 0x29, 0x50, 0x29, 0x51, 0x29, 0x50, 0x29, 0x4F,
    0x29, 0x50, 0x29, 0x30, 0x29, 0x83, 0x50, 0x29, 0x81, 0x70, 0x29, 0x81, 0x70, 0x31, 0x81, 0x70,
    0x29, 0x81, 0x50, 0x29, 0x81, 0x4F, 0x29, 0x00, 0x30, 0x29, 0x81, 0x50, 0x29, 0x00, 0x51, 0x29,
    0x81, 0x50, 0x29, 0x81, 0x70, 0x29, 0x81, 0x70, 0x31, 0x81, 0x70, 0x29, 0x81, 0x50, 0x29, 0x09,
    0x51, 0x29, 0x50, 0x29, 0x4F, 0x29, 0x50, 0x29, 0xD5, 0x39, 0xAB, 0x10, 0x07, 0x00, 0xD8, 0x5A,
    0xF6, 0x41, 0x48, 0x08, 0x81, 0x92, 0x31, 0x01, 0x71, 0x31, 0x70, 0x29, 0x81, 0x50, 0x29, 0x00,
    0x2F, 0x29, 0x83, 0x0E, 0x21, 0x00, 0x2F, 0x29, 0x81, 0x50, 0x29, 0x05, 0x70, 0x29, 0x71, 0x31,
    0x91, 0x31, 0x92, 0x31, 0x71, 0x31, 0x70, 0x29, 0x81, 0x50, 0x29, 0x00, 0x2F, 0x29, 0x83, 0x0E,
    0x21, 0x04, 0x2F, 0x29, 0x4F, 0x29, 0x50, 0x29, 0x70, 0x29, 0x71, 0x31, 0x81, 0x91, 0x31, 0x01,
    0x71, 0x31, 0x70, 0x29, 0x81, 0x50, 0x29, 0x01, 0x30, 0x29, 0x0F, 0x21, 0x81, 0x0E, 0x21, 0x05,
    0x0F, 0x21, 0x2F, 0x29, 0x4F, 0x29, 0x50, 0x29, 0x70, 0x29, 0x70, 0x31, 0x81, 0x91, 0x31, 0x05,
    0x71, 0x31, 0x70, 0x29, 0x50, 0x29, 0x4F, 0x29, 0x30, 0x29, 0x0F, 0x21, 0x81, 0x0E, 0x21, 0x05,
    0x10, 0x21, 0x2F, 0x29, 0x4F, 0x29, 0x50, 0x29, 0x70, 0x29, 0x71, 0x31, 0x81, 0x91, 0x31, 0x01,
    0x71, 0x31, 0x70, 0x29, 0x81, 0x50, 0x29, 0x00, 0x2F, 0x29, 0x83, 0x0F, 0x21, 0x00, 0x30, 0x29,
    0x81, 0x50, 0x29, 0x01, 0x70, 0x29, 0x71, 0x31, 0x81, 0x91, 0x31, 0x05, 0x71, 0x31, 0x70, 0x29,
    0x50, 0x29, 0x4F, 0x29, 0x30, 0x29, 0x0F, 0x21, 0x81, 0x0E, 0x21, 0x05, 0x10, 0x21, 0x2F, 0x29,
    0x4F, 0x29, 0x50, 0x29, 0x70, 0x29, 0x71, 0x31, 0x81, 0x91, 0x31, 0x01, 0x71, 0x31, 0x70, 0x29,
    0x81, 0x50, 0x29, 0x00, 0x2F, 0x29, 0x83, 0x0F, 0x21, 0x00, 0x30, 0x29, 0x81, 0x50, 0x29, 0x01,
    0x70, 0x29, 0x71, 0x31, 0x81, 0x91, 0x31, 0x05, 0x70, 0x31, 0x70, 0x29, 0x50, 0x29, 0x4F, 0x29,
    0x30, 0x29, 0x10, 0x21, 0x81, 0x0F, 0x21, 0x05, 0x92, 0x31, 0xAD, 0x10, 0x09, 0x00, 0xF8, 0x5A,
    0x16, 0x42, 0x27, 0x08, 0x81, 0xB2, 0x31, 0x05, 0x71, 0x31, 0x70, 0x29, 0x50, 0x29, 0x31, 0x29,
    0x10, 0x21, 0xEE, 0x20, 0x81, 0xCE, 0x18, 0x0D, 0xEE, 0x20, 0x0E, 0x21, 0x2F, 0x29, 0x50, 0x29,
    0x70, 0x29, 0x71, 0x31, 0x91, 0x31, 0x92, 0x31, 0x71, 0x31, 0x70, 0x29, 0x50, 0x29, 0x31, 0x29,
    0x10, 0x21, 0xEF, 0x20, 0x81, 0xCD, 0x18, 0x05, 0xEF, 0x20, 0x0F, 0x21, 0x30, 0x29, 0x50, 0x29,
    0x70, 0x29, 0x71, 0x31, 0x81, 0x92, 0x31, 0x0D, 0x71, 0x31, 0x70, 0x29, 0x50, 0x29, 0x2F, 0x29,
    0x0F, 0x21, 0xEF, 0x20, 0xCD, 0x18, 0xCE, 0x18, 0xF0, 0x20, 0x10, 0x21, 0x30, 0x29, 0x50, 0x29,
    0x71, 0x29, 0x71, 0x31, 0x81, 0x91, 0x31, 0x05, 0x71, 0x31, 0x70, 0x29, 0x50, 0x29, 0x2F, 0x29,
    0x0F, 0x21, 0xEF, 0x20, 0x81, 0xCD, 0x18, 0x05, 0xF0, 0x20, 0x10, 0x21, 0x30, 0x29, 0x50, 0x29,
    0x70, 0x29, 0x71, 0x31, 0x81, 0x92, 0x31, 0x05, 0x71, 0x31, 0x70, 0x29, 0x4F, 0x29, 0x2F, 0x29,
    0x0F, 0x21, 0xEE, 0x20, 0x81, 0xCD, 0x18, 0x05, 0xEE, 0x20, 0x0F, 0x21, 0x30, 0x29, 0x50, 0x29,
    0x71, 0x29, 0x72, 0x31, 0x81, 0x92, 0x31, 0x05, 0x71, 0x31, 0x70, 0x29, 0x50, 0x29, 0x2F, 0x29,
    0x0F, 0x21, 0xEF, 0x20, 0x81, 0xCD, 0x18, 0x05, 0xF0, 0x20, 0x10, 0x21, 0x30, 0x29, 0x50, 0x29,
    0x70, 0x29, 0x71, 0x31, 0x81, 0x92, 0x31, 0x05, 0x71, 0x31, 0x70, 0x29, 0x4F, 0x29, 0x2F, 0x29,
    0x0F, 0x21, 0xEE, 0x20, 0x81, 0xCD, 0x18, 0x05, 0xEE, 0x20, 0x0F, 0x21, 0x30, 0x29, 0x50, 0x29,
    0x71, 0x29, 0x72, 0x31, 0x81, 0x92, 0x31, 0x05, 0x71, 0x31, 0x71, 0x29, 0x51, 0x29, 0x2F, 0x29,
    0x0E, 0x21, 0xEE, 0x20, 0x81, 0xCD, 0x18, 0x05, 0x50, 0x29, 0xAD, 0x18, 0x09, 0x00, 0xF9, 0x62,
    0x17, 0x42, 0x05, 0x00, 0x81, 0xB2, 0x39, 0x0D, 0x92, 0x31, 0x70, 0x29, 0x4F, 0x29, 0x2F, 0x21,
    0xF0, 0x20, 0xD0, 0x18, 0x8F, 0x10, 0x70, 0x10, 0xCF, 0x18, 0xEE, 0x20, 0x2F, 0x21, 0x50, 0x29,
    0x70, 0x29, 0x91, 0x31, 0x81, 0xB2, 0x31, 0x05, 0x91, 0x31, 0x71, 0x29, 0x50, 0x29, 0x2F, 0x21,
    0xEF, 0x20, 0xD1, 0x18, 0x81, 0x8E, 0x10, 0x05, 0xCE, 0x18, 0xEE, 0x20, 0x30, 0x21, 0x50, 0x29,
    0x70, 0x29, 0x91, 0x31, 0x81, 0xB2, 0x31, 0x0D, 0x91, 0x31, 0x71, 0x29, 0x50, 0x29, 0x2F, 0x21,
    0xEE, 0x20, 0xCF, 0x18, 0x8C, 0x10, 0x8B, 0x10, 0xCE, 0x18, 0xF0, 0x20, 0x31, 0x21, 0x51, 0x29,
    0x72, 0x29, 0x92, 0x31, 0x81, 0xB2, 0x31, 0x0D, 0x91, 0x31, 0x70, 0x29, 0x4F, 0x29, 0x2F, 0x21,
    0xEE, 0x20, 0xCD, 0x18, 0x8D, 0x10, 0x8C, 0x10, 0xCD, 0x18, 0xEF, 0x20, 0x31, 0x21, 0x51, 0x29,
    0x71, 0x29, 0x91, 0x31, 0x81, 0xB2, 0x31, 0x0D, 0x92, 0x31, 0x71, 0x29, 0x4F, 0x29, 0x2F, 0x21,
    0xEE, 0x20, 0xCD, 0x18, 0x8D, 0x10, 0x8C, 0x10, 0xCD, 0x18, 0xEE, 0x20, 0x30, 0x21, 0x50, 0x29,
    0x70, 0x29, 0x91, 0x31, 0x81, 0xB2, 0x31, 0x0D, 0x91, 0x31, 0x70, 0x29, 0x4F, 0x29, 0x2F, 0x21,
    0xEE, 0x20, 0xCD, 0x18, 0x8D, 0x10, 0x8C, 0x10, 0xCD, 0x18, 0xEF, 0x20, 0x31, 0x21, 0x51, 0x29,
    0x71, 0x29, 0x91, 0x31, 0x81, 0xB2, 0x31, 0x0D, 0x92, 0x31, 0x71, 0x29, 0x4F, 0x29, 0x2F, 0x21,
    0xEE, 0x20, 0xCD, 0x18, 0x8D, 0x10, 0x8C, 0x10, 0xCD, 0x18, 0xEE, 0x20, 0x30, 0x21, 0x50, 0x29,
    0x70, 0x29, 0x91, 0x31, 0x81, 0xB2, 0x31, 0x0D, 0x92, 0x31, 0x71, 0x29, 0x52, 0x29, 0x30, 0x21,
    0xEE, 0x20, 0xCE, 0x18, 0x8C, 0x10, 0x8B, 0x10, 0xEE, 0x20, 0xCC, 0x18, 0x08, 0x00, 0xD9, 0x5A,
    0xF7, 0x41, 0x05, 0x00, 0x81, 0xB2, 0x31, 0x05, 0x71, 0x31, 0x50, 0x29, 0x30, 0x29, 0x0E, 0x21,
    0xEE, 0x20, 0xAE, 0x18, 0x81, 0x8D, 0x10, 0x05, 0xAE, 0x18, 0xEF, 0x20, 0x0F, 0x21, 0x30, 0x29,
    0x50, 0x29, 0x71, 0x31, 0x81, 0x92, 0x31, 0x05, 0x71, 0x31, 0x50, 0x29, 0x30, 0x29, 0x0F, 0x21,
    0xED, 0x20, 0xAE, 0x18, 0x81, 0x8E, 0x10, 0x05, 0xAE, 0x18, 0xED, 0x20, 0x0F, 0x21, 0x31, 0x29,
    0x51, 0x29, 0x71, 0x31, 0x81, 0x92, 0x31, 0x0D, 0x71, 0x31, 0x50, 0x29, 0x30, 0x29, 0x0F, 0x21,
    0xEE, 0x20, 0xCD, 0x18, 0x8D, 0x10, 0x8C, 0x10, 0xCC, 0x18, 0xEE, 0x20, 0x0F, 0x21, 0x30, 0x29,
    0x51, 0x29, 0x71, 0x31, 0x81, 0x92, 0x31, 0x0D, 0x71, 0x31, 0x51, 0x29, 0x30, 0x29, 0x10, 0x21,
    0xEF, 0x20, 0xCD, 0x18, 0x8B, 0x10, 0x8D, 0x10, 0xCD, 0x18, 0xED, 0x20, 0x0F, 0x21, 0x30, 0x29,
    0x51, 0x29, 0x71, 0x31, 0x81, 0x92, 0x31, 0x0D, 0x71, 0x31, 0x51, 0x29, 0x30, 0x29, 0x0F, 0x21,
    0xEE, 0x20, 0xCD, 0x18, 0x8C, 0x10, 0x8D, 0x10, 0xCD, 0x18, 0xEE, 0x20, 0x0F, 0x21, 0x30, 0x29,
    0x50, 0x29, 0x71, 0x31, 0x81, 0x92, 0x31, 0x0D, 0x71, 0x31, 0x51, 0x29, 0x30, 0x29, 0x10, 0x21,
    0xEF, 0x20, 0xCD, 0x18, 0x8B, 0x10, 0x8D, 0x10, 0xCD, 0x18, 0xED, 0x20, 0x0F, 0x21, 0x30, 0x29,
    0x51, 0x29, 0x71, 0x31, 0x81, 0x92, 0x31, 0x0D, 0x71, 0x31, 0x51, 0x29, 0x30, 0x29, 0x0F, 0x21,
    0xEE, 0x20, 0xCD, 0x18, 0x8C, 0x10, 0x8D, 0x10, 0xCD, 0x18, 0xEE, 0x20, 0x0F, 0x21, 0x30, 0x29,
    0x50, 0x29, 0x71, 0x31, 0x81, 0x92, 0x31, 0x0D, 0x71, 0x31, 0x51, 0x29, 0x30, 0x29, 0x10, 0x21,
    0xEF, 0x20, 0xAE, 0x18, 0x8E, 0x10, 0x8D, 0x10, 0xF0, 0x18, 0xCE, 0x18, 0x08, 0x00, 0x98, 0x52,
    0xD5, 0x39, 0x27, 0x00, 0x81, 0x71, 0x31, 0x81, 0x50, 0x29, 0x03, 0x30, 0x29, 0x0E, 0x21, 0xEE,
    0x20, 0xCD, 0x18, 0x81, 0xAC, 0x18, 0x05, 0xCD, 0x18, 0xEF, 0x20, 0x0F, 0x21, 0x2F, 0x29, 0x50,
    0x29, 0x51, 0x29, 0x81, 0x71, 0x29, 0x81, 0x50, 0x29, 0x09, 0x2F, 0x29, 0x0F, 0x21, 0xEE, 0x20,
    0xCD, 0x18, 0xAC, 0x18, 0xAD, 0x18, 0xCE, 0x18, 0xEE, 0x20, 0x0E, 0x21, 0x2F, 0x29, 0x81, 0x50,
    0x29, 0x81, 0x71, 0x31, 0x05, 0x50, 0x29, 0x4F, 0x29, 0x2F, 0x29, 0x0F, 0x21, 0xEE, 0x20, 0xCD,
    0x18, 0x81, 0xAE, 0x18, 0x03, 0xCD, 0x18, 0xEE, 0x20, 0x0E, 0x21, 0x2F, 0x29, 0x81, 0x50, 0x29,
    0x81, 0x71, 0x29, 0x81, 0x50, 0x29, 0x03, 0x2F, 0x29, 0x0F, 0x21, 0xF0, 0x20, 0xCF, 0x18, 0x81,
    0xAD, 0x18, 0x05, 0xCE, 0x18, 0xEE, 0x20, 0x0E, 0x21, 0x2F, 0x29, 0x50, 0x29, 0x51, 0x29, 0x81,
    0x71, 0x31, 0x81, 0x50, 0x29, 0x09, 0x2F, 0x29, 0x0F, 0x21, 0xEE, 0x20, 0xCD, 0x18, 0xAC, 0x18,
    0xAD, 0x18, 0xCE, 0x18, 0xEE, 0x20, 0x0E, 0x21, 0x2F, 0x29, 0x81, 0x50, 0x29, 0x81, 0x71, 0x31,
    0x81, 0x50, 0x29, 0x03, 0x2F, 0x29, 0x0F, 0x21, 0xF0, 0x20, 0xCF, 0x18, 0x81, 0xAD, 0x18, 0x05,
    0xCE, 0x18, 0xEE, 0x20, 0x0E, 0x21, 0x2F, 0x29, 0x50, 0x29, 0x51, 0x29, 0x81, 0x71, 0x31, 0x81,
    0x50, 0x29, 0x09, 0x2F, 0x29, 0x0F, 0x21, 0xEE, 0x20, 0xCD, 0x18, 0xAC, 0x18, 0xAD, 0x18, 0xCE,
    0x18, 0xEE, 0x20, 0x0E, 0x21, 0x2F, 0x29, 0x81, 0x50, 0x29, 0x81, 0x71, 0x31, 0x81, 0x50, 0x29,
    0x02, 0x2F, 0x29, 0x0F, 0x21, 0xEF, 0x20, 0x81, 0xCE, 0x18, 0x06, 0xCD, 0x18, 0x31, 0x21, 0xAD,
    0x10, 0x0A, 0x00, 0x78, 0x52, 0xB4, 0x39, 0x49, 0x08, 0x81, 0x50, 0x29, 0x03, 0x2F, 0x29, 0x30,
    0x21, 0x0F, 0x21, 0x0E, 0x21, 0x81, 0xEF, 0x20, 0x03, 0xCE, 0x18, 0xED, 0x18, 0xED, 0x20, 0x0E,
    0x21, 0x81, 0x0F, 0x21, 0x81, 0x2F, 0x29, 0x00, 0x50, 0x29, 0x81, 0x30, 0x29, 0x07, 0x2F, 0x21,
    0x0F, 0x21, 0x10, 0x21, 0xEF, 0x20, 0xEE, 0x20, 0xED, 0x18, 0xCE, 0x18, 0xED, 0x20, 0x82, 0x0E,
    0x21, 0x02, 0x2F, 0x29, 0x30, 0x29, 0x50, 0x29, 0x81, 0x30, 0x29, 0x00, 0x2F, 0x21, 0x81, 0x0F,
    0x21, 0x01, 0xEF, 0x20, 0xEE, 0x20, 0x81, 0xCE, 0x18, 0x03, 0xEE, 0x20, 0xEF, 0x20, 0x10, 0x21,
    0x0F, 0x21, 0x81, 0x2F, 0x29, 0x81, 0x50, 0x29, 0x01, 0x2F, 0x29, 0x2F, 0x21, 0x82, 0x0E, 0x21,
    0x08, 0xEF, 0x20, 0xCF, 0x18, 0xED, 0x18, 0xEF, 0x20, 0xF0, 0x20, 0x0E, 0x21, 0x0F, 0x21, 0x2F,
    0x21, 0x2F, 0x29, 0x81, 0x50, 0x29, 0x81, 0x2F, 0x29, 0x81, 0x0F, 0x21, 0x03, 0x0E, 0x21, 0xEF,
    0x20, 0xCE, 0x18, 0xEE, 0x18, 0x81, 0xEF, 0x20, 0x81, 0x0F, 0x21, 0x05, 0x30, 0x21, 0x2F, 0x29,
    0x50, 0x29, 0x30, 0x29, 0x2F, 0x29, 0x2F, 0x21, 0x82, 0x0E, 0x21, 0x08, 0xEF, 0x20, 0xCF, 0x18,
    0xED, 0x18, 0xEF, 0x20, 0xF0, 0x20, 0x0E, 0x21, 0x0F, 0x21, 0x2F, 0x21, 0x2F, 0x29, 0x81, 0x50,
    0x29, 0x81, 0x2F, 0x29, 0x81, 0x0F, 0x21, 0x03, 0x0E, 0x21, 0xEF, 0x20, 0xCE, 0x18, 0xEE, 0x18,
    0x81, 0xEF, 0x20, 0x81, 0x0F, 0x21, 0x02, 0x30, 0x21, 0x2F, 0x29, 0x50, 0x29, 0x81, 0x30, 0x29,
    0x01, 0x2F, 0x21, 0x0F, 0x21, 0x81, 0x0E, 0x21, 0x81, 0xEE, 0x20, 0x06, 0xED, 0x20, 0x51, 0x29,
    0x8B, 0x10, 0x0A, 0x00, 0x37, 0x4A, 0x93, 0x31, 0x49, 0x08, 0x81, 0x30, 0x21, 0x81, 0x0F, 0x21,
    0x08, 0x91, 0x52, 0x36, 0x84, 0xD5, 0x73, 0xF0, 0x20, 0x10, 0x21, 0x16, 0x84, 0x57, 0x84, 0x30,
    0x42, 0x0E, 0x21, 0x81, 0x0F, 0x21, 0x81, 0x0E, 0x21, 0x83, 0x0F, 0x21, 0x81, 0x10, 0x21, 0x03,
    0xEF, 0x20, 0xEE, 0x20, 0xF0, 0x20, 0x0E, 0x21, 0x81, 0x0F, 0x21, 0x00, 0x0E, 0x21, 0x88, 0x0F,
    0x21, 0x04, 0x0E, 0x21, 0xEE, 0x20, 0xEF, 0x20, 0x0E, 0x21, 0x0F, 0x21, 0x82, 0x10, 0x21, 0x00,
    0x0F, 0x21, 0x81, 0x0E, 0x21, 0x02, 0xD2, 0x5A, 0x36, 0x84, 0xF0, 0x39, 0x81, 0x0E, 0x21, 0x81,
    0xEF, 0x20, 0x02, 0xEE, 0x20, 0xEF, 0x20, 0x11, 0x21, 0x81, 0x0F, 0x21, 0x02, 0x10, 0x21, 0x74,
    0x6B, 0x35, 0x84, 0x81, 0x36, 0x84, 0x01, 0x16, 0x84, 0x0F, 0x21, 0x81, 0x0E, 0x21, 0x81, 0xEF,
    0x20, 0x01, 0xEE, 0x20, 0x0E, 0x21, 0x82, 0x0F, 0x21, 0x05, 0x36, 0x84, 0x94, 0x73, 0x0F, 0x21,
    0x10, 0x21, 0x0F, 0x21, 0xB2, 0x52, 0x82, 0x36, 0x84, 0x04, 0x74, 0x6B, 0xEF, 0x20, 0xEE, 0x20,
    0xEF, 0x20, 0x11, 0x21, 0x81, 0x0F, 0x21, 0x00, 0x10, 0x21, 0x84, 0x0F, 0x21, 0x08, 0xF2, 0x5A,
    0x36, 0x84, 0xF0, 0x41, 0x74, 0x6B, 0x37, 0x84, 0x2F, 0x21, 0x0E, 0x21, 0x16, 0x84, 0x53, 0x6B,
    0x83, 0x0F, 0x21, 0x82, 0x10, 0x21, 0x00, 0x0F, 0x21, 0x82, 0x0E, 0x21, 0x81, 0x0F, 0x21, 0x07,
    0x72, 0x31, 0x69, 0x10, 0x08, 0x00, 0xF6, 0x41, 0x52, 0x29, 0x6A, 0x08, 0xEE, 0x20, 0xEF, 0x20,
    0x81, 0xEE, 0x20, 0x08, 0x33, 0x63, 0x7A, 0xAD, 0x3A, 0xA5, 0x70, 0x31, 0x90, 0x31, 0x5A, 0xAD,
    0x7A, 0xAD, 0xD2, 0x5A, 0x0E, 0x21, 0x81, 0xEF, 0x20, 0x85, 0xEE, 0x20, 0x01, 0x0E, 0x21, 0x0F,
    0x21, 0x81, 0x0E, 0x21, 0x82, 0x0F, 0x21, 0x00, 0xF0, 0x20, 0x81, 0xEE, 0x20, 0x00, 0xEF, 0x20,
    0x82, 0xEE, 0x20, 0x81, 0xEF, 0x20, 0x01, 0x0E, 0x21, 0x0F, 0x21, 0x81, 0x0E, 0x21, 0x81, 0x0F,
    0x21, 0x01, 0x0E, 0x21, 0x0F, 0x21, 0x81, 0xEF, 0x20, 0x82, 0xEE, 0x20, 0x02, 0xB4, 0x73, 0x7A,
    0xAD, 0x51, 0x4A, 0x81, 0x0E, 0x21, 0x81, 0x0F, 0x21, 0x81, 0x0E, 0x21, 0x81, 0x0F, 0x21, 0x81,
    0xEE, 0x20, 0x01, 0x77, 0x8C, 0x7A, 0xAD, 0x81, 0x98, 0x94, 0x01, 0x77, 0x8C, 0xEF, 0x20, 0x84,
    0x0F, 0x21, 0x0E, 0x0E, 0x21, 0x0F, 0x21, 0x0E, 0x21, 0xEE, 0x20, 0x5A, 0xAD, 0xB8, 0x94, 0xEE,
    0x20, 0xEF, 0x20, 0xEE, 0x20, 0x74, 0x6B, 0x7A, 0xAD, 0xD8, 0x94, 0xB8, 0x94, 0x7A, 0xAD, 0x36,
    0x84, 0x81, 0x0E, 0x21, 0x81, 0x0F, 0x21, 0x81, 0xEE, 0x20, 0x02, 0xEF, 0x20, 0xEE, 0x20, 0xF0,
    0x18, 0x81, 0xEE, 0x20, 0x08, 0x13, 0x63, 0x77, 0x8C, 0x10, 0x42, 0x57, 0x8C, 0x5A, 0xAD, 0x4F,
    0x29, 0x0E, 0x21, 0x36, 0x84, 0x74, 0x6B, 0x83, 0xEE, 0x20, 0x83, 0xEF, 0x20, 0x82, 0x0E, 0x21,
    0x81, 0x30, 0x21, 0x3C, 0x93, 0x31, 0x49, 0x08, 0x08, 0x00, 0xD6, 0x39, 0x31, 0x29, 0x6B, 0x10,
    0xCD, 0x18, 0xCF, 0x18, 0xCE, 0x18, 0xED, 0x18, 0x33, 0x63, 0x7A, 0xAD, 0x5A, 0xA5, 0x16, 0x84,
    0x16, 0x7C, 0x5A, 0xA5, 0x7A, 0xAD, 0xD3, 0x5A, 0xAF, 0x31, 0x56, 0x8C, 0x5A, 0xA5, 0x3A, 0xA5,
    0xB4, 0x73, 0xCE, 0x18, 0x3A, 0xA5, 0x77, 0x8C, 0xEE, 0x20, 0xD5, 0x7B, 0x5A, 0xA5, 0x70, 0x31,
    0xD5, 0x7B, 0x39, 0xA5, 0x5A, 0xA5, 0x57, 0x8C, 0x6F, 0x29, 0x33, 0x63, 0x7A, 0xAD, 0x56, 0x84,
    0x5A, 0xAD, 0xD8, 0x94, 0xB4, 0x73, 0x3A, 0xA5, 0xD8, 0x94, 0xAF, 0x31, 0x50, 0x29, 0xF6, 0x7B,
    0x3A, 0xA5, 0x5A, 0xA5, 0x37, 0x84, 0x4F, 0x29, 0x94, 0x6B, 0x7A, 0xAD, 0x56, 0x8C, 0x5A, 0xAD,
    0xD8, 0x94, 0x0D, 0x21, 0x3A, 0xA5, 0x7A, 0xAD, 0x5A, 0xAD, 0x15, 0x84, 0x0E, 0x21, 0x82, 0x0F,
    0x21, 0x16, 0x0E, 0x21, 0x0F, 0x21, 0xEF, 0x20, 0xEE, 0x20, 0xED, 0x18, 0x56, 0x8C, 0x5A, 0xAD,
    0xEF, 0x41, 0xCF, 0x39, 0x8F, 0x31, 0xEE, 0x20, 0xF9, 0x9C, 0x19, 0x9D, 0xF9, 0x9C, 0x5A, 0xA5,
    0x74, 0x6B, 0x0F, 0x21, 0x94, 0x73, 0x3A, 0xA5, 0x19, 0xA5, 0x7A, 0xAD, 0xB8, 0x94, 0xCC, 0x18,
    0x81, 0xCD, 0x18, 0x0D, 0x74, 0x6B, 0x7A, 0xAD, 0x12, 0x63, 0x6F, 0x29, 0x7A, 0xAD, 0x5A, 0xA5,
    0x2F, 0x21, 0xB5, 0x73, 0x39, 0xA5, 0x5A, 0xAD, 0x77, 0x8C, 0xAE, 0x31, 0x6E, 0x31, 0x56, 0x8C,
    0x81, 0x3A, 0xA5, 0x03, 0xF5, 0x7B, 0x94, 0x73, 0x7A, 0xAD, 0x34, 0x63, 0x81, 0x7A, 0xAD, 0x0E,
    0x5A, 0xAD, 0x92, 0x52, 0x39, 0xA5, 0x16, 0x84, 0x8F, 0x31, 0x35, 0x84, 0x5A, 0xA5, 0x3A, 0xA5,
    0xD4, 0x7B, 0x2E, 0x21, 0xF5, 0x7B, 0x7A, 0xAD, 0x77, 0x8C, 0x5A, 0xAD, 0xB8, 0x94, 0x81, 0x2F,
    0x29, 0x33, 0xB4, 0x31, 0x48, 0x08, 0x08, 0x00, 0x94, 0x31, 0x10, 0x21, 0x6C, 0x10, 0x8C, 0x10,
    0x8F, 0x10, 0xAF, 0x18, 0xCE, 0x18, 0x33, 0x63, 0x7A, 0xAD, 0x36, 0x84, 0x5A, 0xA5, 0x7A, 0xAD,
    0xB5, 0x73, 0x7A, 0xAD, 0xD3, 0x5A, 0x36, 0x84, 0x5A, 0xAD, 0x70, 0x4A, 0x73, 0x6B, 0x7A, 0xAD,
    0xEE, 0x39, 0x77, 0x8C, 0x7A, 0xAD, 0x8E, 0x31, 0xF9, 0x9C, 0xB8, 0x94, 0xD3, 0x5A, 0x7A, 0xAD,
    0xD3, 0x5A, 0xB2, 0x52, 0x7A, 0xAD, 0x74, 0x6B, 0x33, 0x63, 0x7A, 0xAD, 0x74, 0x6B, 0x73, 0x6B,
    0x7A, 0xAD, 0xB4, 0x73, 0x94, 0x73, 0x7A, 0xAD, 0x53, 0x6B, 0x54, 0x6B, 0x5A, 0xAD, 0x92, 0x52,
    0xD3, 0x5A, 0x7A, 0xAD, 0xF3, 0x5A, 0x94, 0x6B, 0x7A, 0xAD, 0x81, 0x73, 0x6B, 0x07, 0x7A, 0xAD,
    0x10, 0x42, 0xB4, 0x73, 0x7A, 0xAD, 0x50, 0x4A, 0xEE, 0x20, 0x0E, 0x21, 0x0F, 0x21, 0x81, 0x2F,
    0x29, 0x05, 0x0F, 0x21, 0x0E, 0x21, 0xEF, 0x20, 0xD0, 0x18, 0xCF, 0x18, 0x56, 0x8C, 0x82, 0x7A,
    0xAD, 0x01, 0x97, 0x94, 0xCE, 0x18, 0x81, 0xF9, 0x9C, 0x51, 0x51, 0x4A, 0x3A, 0xA5, 0x7A, 0xAD,
    0x90, 0x31, 0x5A, 0xAD, 0x97, 0x8C, 0x11, 0x42, 0x7A, 0xAD, 0xB8, 0x94, 0x8D, 0x10, 0x8C, 0x10,
    0xAC, 0x18, 0x73, 0x6B, 0x7A, 0xAD, 0xB4, 0x73, 0xB5, 0x73, 0x7A, 0xAD, 0x56, 0x8C, 0xD0, 0x39,
    0x7A, 0xAD, 0xD5, 0x7B, 0x51, 0x4A, 0x5A, 0xAD, 0x77, 0x8C, 0x32, 0x63, 0x7A, 0xAD, 0x90, 0x52,
    0xEF, 0x39, 0x73, 0x6B, 0x94, 0x73, 0x7A, 0xAD, 0x10, 0x42, 0x57, 0x8C, 0x5A, 0xAD, 0x70, 0x29,
    0x0F, 0x21, 0x39, 0xA5, 0x16, 0x84, 0xB5, 0x73, 0x7A, 0xAD, 0x92, 0x52, 0x12, 0x5B, 0x7A, 0xAD,
    0xB1, 0x52, 0xF5, 0x7B, 0x7A, 0xAD, 0x33, 0x63, 0xD5, 0x7B, 0x7A, 0xAD, 0xD1, 0x39, 0x30, 0x29,
    0xB5, 0x39, 0x27, 0x00, 0x06, 0x00, 0x54, 0x29, 0xD0, 0x18, 0x8C, 0x10, 0x6B, 0x10, 0x6C, 0x08,
    0x8E, 0x10, 0xAE, 0x18, 0x33, 0x63, 0x7A, 0xAD, 0x33, 0x63, 0x7A, 0xAD, 0x5A, 0xA5, 0x53, 0x63,
    0x7A, 0xAD, 0xD3, 0x5A, 0x98, 0x94, 0x19, 0x9D, 0xAD, 0x18, 0x10, 0x42, 0x7A, 0xAD, 0x32, 0x63,
    0xAD, 0x31, 0x7A, 0xAD, 0xB4, 0x73, 0x7A, 0xAD, 0x53, 0x63, 0xD5, 0x7B, 0x7A, 0xAD, 0x82, 0x5A,
    0xA5, 0x0B, 0xB5, 0x73, 0x32, 0x63, 0x7A, 0xAD, 0x0E, 0x42, 0x6D, 0x29, 0x7A, 0xAD, 0x70, 0x4A,
    0x10, 0x42, 0x7A, 0xAD, 0x93, 0x6B, 0x16, 0x84, 0x7A, 0xAD, 0x82, 0x5A, 0xA5, 0x24, 0x34, 0x63,
    0x94, 0x6B, 0x7A, 0xAD, 0xEF, 0x39, 0x2F, 0x42, 0x7A, 0xAD, 0x92, 0x52, 0xB4, 0x73, 0x7A, 0xAD,
    0x31, 0x4A, 0xEE, 0x20, 0x0E, 0x21, 0x0F, 0x21, 0x2F, 0x29, 0x30, 0x29, 0x0F, 0x21, 0x0E, 0x21,
    0xEE, 0x20, 0xCE, 0x18, 0xAF, 0x18, 0x56, 0x8C, 0x5A, 0xAD, 0x0C, 0x21, 0x8C, 0x10, 0xAD, 0x18,
    0xCD, 0x18, 0xF9, 0x9C, 0xB8, 0x94, 0x0F, 0x21, 0xB8, 0x94, 0x7A, 0xAD, 0xF2, 0x5A, 0x7A, 0xAD,
    0x33, 0x63, 0xCE, 0x18, 0x5A, 0xAD, 0xB8, 0x94, 0x81, 0x4E, 0x08, 0x28, 0x8E, 0x10, 0x73, 0x6B,
    0x7A, 0xAD, 0x5A, 0xAD, 0x5A, 0xA5, 0x77, 0x8C, 0x2F, 0x29, 0x33, 0x63, 0x7A, 0xAD, 0xD2, 0x5A,
    0xEE, 0x20, 0xF8, 0x9C, 0xD9, 0x9C, 0xCF, 0x39, 0x5A, 0xA5, 0x5A, 0xAD, 0x7A, 0xAD, 0x15, 0x84,
    0x94, 0x73, 0x7A, 0xAD, 0x10, 0x42, 0x57, 0x8C, 0x5A, 0xAD, 0x70, 0x31, 0x0F, 0x21, 0x39, 0xA5,
    0x16, 0x84, 0x56, 0x8C, 0x3A, 0xA5, 0x8F, 0x10, 0x2F, 0x21, 0x5A, 0xAD, 0x94, 0x73, 0xF5, 0x7B,
    0x7A, 0xAD, 0xD0, 0x39, 0xD3, 0x5A, 0x7A, 0xAD, 0x52, 0x4A, 0x30, 0x29, 0xB6, 0x39, 0x81, 0x07,
    0x00, 0x1D, 0x53, 0x29, 0xCF, 0x18, 0x6D, 0x10, 0x6C, 0x08, 0x6B, 0x10, 0x8C, 0x10, 0xAD, 0x18,
    0x33, 0x63, 0x7A, 0xAD, 0xD2, 0x5A, 0x92, 0x52, 0x72, 0x4A, 0x33, 0x63, 0x7A, 0xAD, 0xD2, 0x5A,
    0x15, 0x84, 0x7A, 0xAD, 0x70, 0x4A, 0x74, 0x6B, 0x7A, 0xAD, 0xB1, 0x31, 0x8D, 0x10, 0xF9, 0x9C,
    0x5A, 0xAD, 0x39, 0xA5, 0x0E, 0x21, 0xD2, 0x5A, 0x7A, 0xAD, 0xD5, 0x7B, 0x2F, 0x29, 0x81, 0x33,
    0x63, 0x1B, 0x32, 0x63, 0x7A, 0xAD, 0x0E, 0x42, 0x6E, 0x29, 0x7A, 0xAD, 0x70, 0x4A, 0x10, 0x42,
    0x7A, 0xAD, 0x93, 0x6B, 0x53, 0x6B, 0x7A, 0xAD, 0xB4, 0x73, 0x2F, 0x29, 0x74, 0x6B, 0xB2, 0x5A,
    0x94, 0x6B, 0x7A, 0xAD, 0xEF, 0x39, 0x0F, 0x42, 0x7A, 0xAD, 0x90, 0x52, 0x74, 0x6B, 0x7A, 0xAD,
    0xD2, 0x5A, 0x70, 0x31, 0xF0, 0x20, 0x0F, 0x21, 0x2F, 0x21, 0x81, 0x0F, 0x21, 0x14, 0xEE, 0x20,
    0xED, 0x18, 0xCD, 0x18, 0xAE, 0x10, 0x57, 0x8C, 0x5A, 0xAD, 0xD1, 0x5A, 0xD1, 0x52, 0xB0, 0x52,
    0xCD, 0x18, 0xF9, 0x9C, 0xB8, 0x94, 0x0F, 0x21, 0xB8, 0x94, 0x7A, 0xAD, 0xD0, 0x39, 0x7A, 0xAD,
    0x16, 0x84, 0x8E, 0x31, 0x7A, 0xAD, 0xB8, 0x94, 0x81, 0x4C, 0x08, 0x2E, 0x8D, 0x10, 0x73, 0x6B,
    0x7A, 0xAD, 0x14, 0x63, 0x10, 0x21, 0x0F, 0x21, 0x2F, 0x21, 0x90, 0x31, 0x7A, 0xAD, 0xF5, 0x7B,
    0x50, 0x4A, 0x7A, 0xAD, 0x77, 0x8C, 0x13, 0x63, 0x90, 0x52, 0x2D, 0x21, 0xF9, 0x9C, 0x3A, 0xA5,
    0x94, 0x73, 0x7A, 0xAD, 0x10, 0x42, 0x36, 0x84, 0x5A, 0xAD, 0x90, 0x31, 0x4F, 0x29, 0x39, 0xA5,
    0x16, 0x84, 0xB3, 0x73, 0x7A, 0xAD, 0x91, 0x52, 0x11, 0x63, 0x7A, 0xAD, 0x91, 0x4A, 0xF5, 0x7B,
    0x7A, 0xAD, 0xCF, 0x39, 0xD2, 0x5A, 0x7A, 0xAD, 0x51, 0x4A, 0x30, 0x29, 0x96, 0x31, 0x09, 0x00,
    0x0A, 0x00, 0x53, 0x31, 0xEF, 0x18, 0x6C, 0x08, 0x8E, 0x10, 0x81, 0x8C, 0x10, 0x03, 0xAC, 0x18,
    0x33, 0x63, 0x7A, 0xAD, 0xD1, 0x5A, 0x81, 0xEE, 0x20, 0x07, 0x33, 0x63, 0x7A, 0xAD, 0xD2, 0x5A,
    0x4E, 0x29, 0x15, 0x84, 0x5A, 0xA5, 0x39, 0xA5, 0x52, 0x6B, 0x81, 0x8D, 0x10, 0x23, 0xD5, 0x7B,
    0x7A, 0xAD, 0x36, 0x84, 0xEE, 0x18, 0x0E, 0x21, 0x74, 0x6B, 0x19, 0xA5, 0x5A, 0xAD, 0xF9, 0x9C,
    0x91, 0x52, 0x32, 0x63, 0x7A, 0xAD, 0x0F, 0x42, 0x6D, 0x29, 0x7A, 0xAD, 0x6F, 0x4A, 0x0F, 0x42,
    0x7A, 0xAD, 0x94, 0x6B, 0x2E, 0x21, 0x94, 0x73, 0x39, 0xA5, 0x5A, 0xAD, 0xD8, 0x9C, 0x50, 0x4A,
    0x93, 0x6B, 0x7A, 0xAD, 0xEF, 0x39, 0x2F, 0x42, 0x7A, 0xAD, 0x8F, 0x52, 0x2C, 0x21, 0xD8, 0x9C,
    0x5A, 0xAD, 0xD5, 0x7B, 0xCF, 0x18, 0x82, 0xEF, 0x20, 0x05, 0xEE, 0x20, 0xEE, 0x18, 0xCE, 0x18,
    0xCD, 0x18, 0xAD, 0x18, 0x57, 0x8C, 0x82, 0x7A, 0xAD, 0x0D, 0x5A, 0xA5, 0xCD, 0x18, 0xF9, 0x9C,
    0xB8, 0x94, 0xEE, 0x20, 0xB8, 0x94, 0x7A, 0xAD, 0x4F, 0x29, 0xD5, 0x7B, 0x5A, 0xA5, 0x97, 0x94,
    0x5A, 0xAD, 0xB7, 0x94, 0x6D, 0x10, 0x81, 0x8C, 0x10, 0x03, 0x73, 0x6B, 0x7A, 0xAD, 0x12, 0x63,
    0xCF, 0x18, 0x82, 0xEF, 0x20, 0x25, 0x33, 0x6B, 0x19, 0xA5, 0x5A, 0xAD, 0x56, 0x84, 0x4E, 0x29,
    0xB2, 0x52, 0x19, 0x9D, 0x5A, 0xAD, 0xD8, 0x9C, 0x90, 0x52, 0x94, 0x6B, 0x7A, 0xAD, 0xEF, 0x41,
    0x50, 0x4A, 0x19, 0xA5, 0x5A, 0xAD, 0x71, 0x4A, 0x39, 0xA5, 0x16, 0x84, 0x2D, 0x29, 0xF4, 0x7B,
    0x5A, 0xA5, 0x3A, 0xA5, 0x93, 0x6B, 0xCD, 0x18, 0xD5, 0x7B, 0x7A, 0xAD, 0xCF, 0x39, 0xD2, 0x5A,
    0x7A, 0xAD, 0x51, 0x4A, 0x0F, 0x21, 0x74, 0x31, 0x28, 0x00, 0x09, 0x00, 0x74, 0x31, 0xF0, 0x20,
    0x4A, 0x08, 0x81, 0xAE, 0x10, 0x02, 0xAD, 0x18, 0xAC, 0x18, 0xAD, 0x18, 0x81, 0xCE, 0x18, 0x00,
    0xCD, 0x18, 0x82, 0xCE, 0x18, 0x81, 0xCD, 0x18, 0x02, 0xAD, 0x18, 0xAC, 0x18, 0xAC, 0x10, 0x81,
    0x8C, 0x10, 0x00, 0xAD, 0x10, 0x81, 0xAE, 0x18, 0x82, 0xCE, 0x18, 0x00, 0xCD, 0x18, 0x81, 0xCE,
    0x18, 0x81, 0xCD, 0x18, 0x81, 0xAD, 0x18, 0x03, 0xAE, 0x10, 0x8F, 0x10, 0x8D, 0x10, 0xAC, 0x10,
    0x81, 0xAD, 0x18, 0x82, 0xCE, 0x18, 0x00, 0xCD, 0x18, 0x83, 0xCE, 0x18, 0x81, 0xAD, 0x18, 0x00,
    0xAE, 0x10, 0x81, 0x8D, 0x10, 0x00, 0xAD, 0x10, 0x81, 0xAC, 0x18, 0x81, 0xCD, 0x18, 0x85, 0xCE,
    0x18, 0x02, 0xAD, 0x18, 0xAC, 0x18, 0xAD, 0x10, 0x81, 0x8C, 0x10, 0x03, 0xAD, 0x10, 0xAD, 0x18,
    0xAE, 0x18, 0xCF, 0x18, 0x81, 0xCD, 0x18, 0x84, 0xCE, 0x18, 0x81, 0xAD, 0x18, 0x03, 0xAC, 0x10,
    0x8D, 0x10, 0x8E, 0x10, 0xAD, 0x10, 0x81, 0xAC, 0x18, 0x81, 0xCD, 0x18, 0x85, 0xCE, 0x18, 0x02,
    0xAD, 0x18, 0xAC, 0x18, 0xAD, 0x10, 0x81, 0x8C, 0x10, 0x03, 0xAD, 0x10, 0xAD, 0x18, 0xAE, 0x18,
    0xCF, 0x18, 0x81, 0xCD, 0x18, 0x84, 0xCE, 0x18, 0x81, 0xAD, 0x18, 0x06, 0xAC, 0x10, 0x8D, 0x10,
    0x8E, 0x10, 0xAC, 0x10, 0xAD, 0x18, 0xAE, 0x18, 0xCE, 0x18, 0x81, 0xCD, 0x18, 0x81, 0xEE, 0x20,
    0x09, 0x32, 0x29, 0x28, 0x08, 0x08, 0x00, 0x75, 0x31, 0xF0, 0x20, 0x49, 0x08, 0xAD, 0x18, 0xAE,
    0x18, 0xAF, 0x18, 0xAE, 0x18, 0x81, 0xAD, 0x18, 0x81, 0xAE, 0x18, 0x81, 0xAD, 0x18, 0x83, 0xAE,
    0x18, 0x81, 0xAD, 0x18, 0x81, 0xAC, 0x18, 0x00, 0xAD, 0x18, 0x83, 0xAE, 0x18, 0x82, 0xAD, 0x18,
    0x00, 0xAE, 0x18, 0x8A, 0xAD, 0x18, 0x82, 0xAE, 0x18, 0x81, 0xAD, 0x18, 0x81, 0xAE, 0x18, 0x81,
    0xAD, 0x18, 0x02, 0xAE, 0x18, 0xAE, 0x10, 0xAD, 0x10, 0x81, 0xAE, 0x18, 0x81, 0xAD, 0x18, 0x01,
    0xAC, 0x18, 0xAD, 0x18, 0x84, 0xAE, 0x18, 0x01, 0xAD, 0x18, 0xAC, 0x18, 0x81, 0xAE, 0x18, 0x00,
    0xAC, 0x18, 0x82, 0xAD, 0x18, 0x81, 0xAE, 0x18, 0x84, 0xAD, 0x18, 0x82, 0xAE, 0x18, 0x81, 0xAD,
    0x18, 0x00, 0xAE, 0x10, 0x81, 0xAE, 0x18, 0x81, 0xAD, 0x18, 0x01, 0xAC, 0x18, 0xAD, 0x18, 0x84,
    0xAE, 0x18, 0x01, 0xAD, 0x18, 0xAC, 0x18, 0x81, 0xAE, 0x18, 0x00, 0xAC, 0x18, 0x82, 0xAD, 0x18,
    0x81, 0xAE, 0x18, 0x84, 0xAD, 0x18, 0x82, 0xAE, 0x18, 0x81, 0xAD, 0x18, 0x02, 0xAE, 0x10, 0xAD,
    0x18, 0xAC, 0x18, 0x83, 0xAE, 0x18, 0x07, 0xCE, 0x18, 0xCD, 0x18, 0x11, 0x21, 0x28, 0x08, 0x07,
    0x00, 0x76, 0x31, 0xF1, 0x20, 0x29, 0x08, 0x81, 0xCD, 0x18, 0x81, 0xAD, 0x18, 0x05, 0xAE, 0x18,
    0xAC, 0x18, 0x8C, 0x10, 0x8E, 0x10, 0x8D, 0x10, 0x8C, 0x10, 0x81, 0x8D, 0x10, 0x00, 0xAD, 0x10,
    0x85, 0xAD, 0x18, 0x02, 0xAE, 0x18, 0xAD, 0x18, 0xAD, 0x10, 0x81, 0x8D, 0x10, 0x04, 0x8C, 0x10,
    0x8D, 0x10, 0x8F, 0x10, 0x8E, 0x10, 0xAD, 0x10, 0x87, 0xAD, 0x18, 0x00, 0xAC, 0x18, 0x81, 0x8C,
    0x10, 0x01, 0x8D, 0x10, 0x8E, 0x10, 0x81, 0x8C, 0x10, 0x00, 0x8D, 0x10, 0x82, 0xAD, 0x18, 0x00,
    0xAE, 0x18, 0x83, 0xAD, 0x18, 0x00, 0xAD, 0x10, 0x81, 0x8C, 0x10, 0x84, 0x8D, 0x10, 0x81, 0xAD,
    0x18, 0x06, 0xAE, 0x18, 0xAF, 0x18, 0xAE, 0x18, 0xAD, 0x18, 0xAE, 0x18, 0xAD, 0x18, 0xAC, 0x18,
    0x81, 0x8C, 0x10, 0x81, 0x8D, 0x10, 0x81, 0x8C, 0x10, 0x02, 0xAC, 0x10, 0xAD, 0x18, 0xAE, 0x18,
    0x85, 0xAD, 0x18, 0x00, 0xAD, 0x10, 0x81, 0x8C, 0x10, 0x84, 0x8D, 0x10, 0x81, 0xAD, 0x18, 0x06,
    0xAE, 0x18, 0xAF, 0x18, 0xAE, 0x18, 0xAD, 0x18, 0xAE, 0x18, 0xAD, 0x18, 0xAC, 0x18, 0x81, 0x8C,
    0x10, 0x81, 0x8D, 0x10, 0x81, 0x8C, 0x10, 0x02, 0xAC, 0x10, 0xAD, 0x18, 0xAE, 0x18, 0x82, 0xAD,
    0x18, 0x02, 0xAE, 0x18, 0xAD, 0x18, 0xAC, 0x18, 0x82, 0x8D, 0x10, 0x81, 0xAD, 0x10, 0x05, 0xF0,
    0x20, 0x49, 0x08, 0x07, 0x00, 0x77, 0x31, 0xF1, 0x20, 0x28, 0x00, 0x81, 0xCE, 0x18, 0x01, 0xAD,
    0x18, 0xAC, 0x18, 0x82, 0x8D, 0x10, 0x81, 0x6C, 0x10, 0x04, 0x6B, 0x10, 0x8D, 0x10, 0x8E, 0x10,
    0x8D, 0x10, 0xAD, 0x10, 0x82, 0xAD, 0x18, 0x00, 0xAE, 0x18, 0x81, 0xAD, 0x18, 0x81, 0x8D, 0x10,
    0x0A, 0x8C, 0x10, 0x8D, 0x10, 0x6C, 0x10, 0x6D, 0x10, 0x8D, 0x10, 0x8E, 0x10, 0x8D, 0x10, 0x8E,
    0x10, 0xAE, 0x18, 0xAD, 0x18, 0xAE, 0x18, 0x82, 0xAD, 0x18, 0x82, 0x8D, 0x10, 0x03, 0x8C, 0x10,
    0x6B, 0x10, 0x6C, 0x10, 0x6D, 0x10, 0x82, 0x8D, 0x10, 0x81, 0xAD, 0x18, 0x81, 0xAE, 0x18, 0x81,
    0xAD, 0x18, 0x02, 0xAC, 0x10, 0x8C, 0x10, 0x8D, 0x10, 0x82, 0x6C, 0x10, 0x81, 0x8C, 0x10, 0x01,
    0x8D, 0x10, 0xAD, 0x10, 0x82, 0xAD, 0x18, 0x04, 0xAE, 0x18, 0xAD, 0x18, 0xAE, 0x18, 0x8E, 0x10,
    0x8D, 0x10, 0x81, 0x8C, 0x10, 0x00, 0x6C, 0x10, 0x81, 0x6D, 0x10, 0x04, 0x8D, 0x10, 0x8C, 0x10,
    0xAC, 0x10, 0xAC, 0x18, 0xAD, 0x18, 0x81, 0xAE, 0x18, 0x81, 0xAD, 0x18, 0x02, 0xAC, 0x10, 0x8C,
    0x10, 0x8D, 0x10, 0x82, 0x6C, 0x10, 0x81, 0x8C, 0x10, 0x01, 0x8D, 0x10, 0xAD, 0x10, 0x82, 0xAD,
    0x18, 0x04, 0xAE, 0x18, 0xAD, 0x18, 0xAE, 0x18, 0x8E, 0x10, 0x8D, 0x10, 0x81, 0x8C, 0x10, 0x00,
    0x6C, 0x10, 0x81, 0x6D, 0x10, 0x04, 0x8D, 0x10, 0x8C, 0x10, 0xAC, 0x10, 0xAC, 0x18, 0xAD, 0x18,
    0x81, 0xAE, 0x18, 0x81, 0xAD, 0x18, 0x02, 0xAC, 0x10, 0x8D, 0x10, 0x8E, 0x10, 0x82, 0x8C, 0x10,
    0x05, 0xAE, 0x18, 0x4B, 0x08, 0x08, 0x00, 0x77, 0x31, 0xF1, 0x20, 0x06, 0x00, 0x81, 0xCE, 0x18,
    0x81, 0xAD, 0x18, 0x01, 0x8D, 0x10, 0x8E, 0x10, 0x81, 0x6E, 0x10, 0x06, 0x4D, 0x08, 0x4B, 0x08,
    0x6B, 0x10, 0x6D, 0x10, 0x8D, 0x10, 0x0F, 0x42, 0x6E, 0x29, 0x84, 0xAD, 0x18, 0x81, 0x8C, 0x10,
    0x01, 0x6C, 0x10, 0x6B, 0x10, 0x81, 0x4D, 0x08, 0x81, 0x6C, 0x10, 0x02, 0x8C, 0x10, 0x0F, 0x42,
    0x6E, 0x29, 0x84, 0xAD, 0x18, 0x81, 0x8C, 0x10, 0x03, 0x6E, 0x10, 0x6D, 0x10, 0x4B, 0x08, 0x4C,
    0x08, 0x81, 0x6E, 0x10, 0x02, 0x8E, 0x10, 0x0F, 0x42, 0x6E, 0x29, 0x83, 0xAD, 0x18, 0x02, 0xAD,
    0x10, 0x0E, 0x21, 0x2F, 0x42, 0x81, 0x6C, 0x10, 0x06, 0x4C, 0x08, 0x4B, 0x08, 0x6B, 0x10, 0x6C,
    0x10, 0x8C, 0x10, 0x8D, 0x10, 0xAD, 0x10, 0x84, 0xAD, 0x18, 0x01, 0x8D, 0x10, 0x8C, 0x10, 0x81,
    0x6C, 0x10, 0x81, 0x4B, 0x08, 0x01, 0x6C, 0x10, 0x6E, 0x10, 0x81, 0x8D, 0x10, 0x82, 0xAD, 0x18,
    0x03, 0x4E, 0x29, 0x91, 0x52, 0xCD, 0x18, 0x50, 0x4A, 0x81, 0xAE, 0x31, 0x0A, 0xD8, 0x94, 0x4C,
    0x08, 0x4B, 0x08, 0xEC, 0x20, 0x97, 0x94, 0x8C, 0x10, 0x8D, 0x10, 0x53, 0x6B, 0xD4, 0x7B, 0x32,
    0x63, 0x74, 0x6B, 0x81, 0xAD, 0x18, 0x01, 0x8D, 0x10, 0x8C, 0x10, 0x81, 0x6C, 0x10, 0x81, 0x4B,
    0x08, 0x01, 0x6C, 0x10, 0x6E, 0x10, 0x81, 0x8D, 0x10, 0x83, 0xAD, 0x18, 0x01, 0xAE, 0x18, 0xAD,
    0x18, 0x81, 0x8C, 0x10, 0x81, 0x6D, 0x10, 0x81, 0x4D, 0x08, 0x13, 0x8D, 0x10, 0x4B, 0x08, 0x08,
    0x00, 0x58, 0x29, 0xF1, 0x20, 0x05, 0x00, 0xCD, 0x18, 0xCE, 0x18, 0xAD, 0x18, 0x8D, 0x10, 0xB8,
    0x94, 0x8C, 0x10, 0x39, 0xA5, 0x4C, 0x08, 0x0E, 0x21, 0x6E, 0x29, 0xAC, 0x10, 0x4D, 0x29, 0x6E,
    0x29, 0x4F, 0x4A, 0x82, 0xAE, 0x31, 0x03, 0xCD, 0x18, 0x8E, 0x31, 0x6E, 0x29, 0xCD, 0x18, 0x81,
    0x6E, 0x29, 0x07, 0x4C, 0x29, 0x5A, 0xAD, 0xAE, 0x31, 0x4C, 0x29, 0x6D, 0x31, 0xEC, 0x18, 0x36,
    0x84, 0xD1, 0x5A, 0x82, 0xAD, 0x18, 0x06, 0x3A, 0xA5, 0x2E, 0x29, 0x76, 0x8C, 0x32, 0x63, 0x2D,
    0x29, 0x6E, 0x29, 0x4D, 0x08, 0x81, 0x6D, 0x29, 0x0C, 0xD8, 0x94, 0xD1, 0x5A, 0x50, 0x42, 0x8E,
    0x31, 0x4E, 0x29, 0x8E, 0x31, 0xED, 0x20, 0x8E, 0x31, 0x6E, 0x29, 0x2F, 0x4A, 0xB8, 0x94, 0x6C,
    0x10, 0x4B, 0x08, 0x81, 0x2C, 0x08, 0x04, 0x4C, 0x08, 0x6D, 0x10, 0x6C, 0x10, 0x8C, 0x10, 0xAD,
    0x10, 0x83, 0xAD, 0x18, 0x00, 0x8D, 0x10, 0x81, 0x8C, 0x10, 0x08, 0x6B, 0x10, 0x4C, 0x08, 0x2D,
    0x08, 0x2B, 0x08, 0x4B, 0x08, 0x6C, 0x10, 0x6D, 0x10, 0x8D, 0x10, 0x8D, 0x18, 0x81, 0xAD, 0x18,
    0x1D, 0x70, 0x4A, 0x7A, 0xAD, 0xD1, 0x5A, 0x5A, 0xAD, 0x93, 0x73, 0xAD, 0x31, 0x19, 0xA5, 0x4C,
    0x08, 0x56, 0x8C, 0xF9, 0x9C, 0x97, 0x94, 0xEC, 0x20, 0xD8, 0x9C, 0x19, 0xA5, 0xD4, 0x7B, 0x32,
    0x63, 0x93, 0x6B, 0x2D, 0x21, 0xD8, 0x94, 0xF8, 0x9C, 0x2D, 0x29, 0x6B, 0x10, 0x4C, 0x08, 0x2D,
    0x08, 0x2B, 0x08, 0x4B, 0x08, 0x6C, 0x10, 0x6D, 0x10, 0x8D, 0x10, 0x8D, 0x18, 0x83, 0xAD, 0x18,
    0x81, 0x8D, 0x10, 0x81, 0x6C, 0x10, 0x00, 0x4C, 0x08, 0x81, 0x4B, 0x08, 0x05, 0x6C, 0x10, 0x4B,
    0x08, 0x07, 0x00, 0x37, 0x29, 0xF1, 0x20, 0x05, 0x00, 0x81, 0xCD, 0x18, 0x19, 0xAD, 0x18, 0x8D,
    0x10, 0x7A, 0xAD, 0x5A, 0xA5, 0x3A, 0xA5, 0x8D, 0x31, 0x5A, 0xA5, 0x12, 0x63, 0x56, 0x8C, 0xD8,
    0x9C, 0x56, 0x8C, 0x77, 0x8C, 0xF1, 0x5A, 0xF2, 0x5A, 0x5A, 0xAD, 0x93, 0x6B, 0x15, 0x84, 0xB8,
    0x94, 0x73, 0x6B, 0xF9, 0x9C, 0xF5, 0x7B, 0x36, 0x84, 0x5A, 0xAD, 0x0F, 0x42, 0xD1, 0x5A, 0xF5,
    0x7B, 0x81, 0x36, 0x84, 0x00, 0xD1, 0x52, 0x82, 0xAD, 0x18, 0x1C, 0xB8, 0x94, 0xF2, 0x5A, 0xF9,
    0x9C, 0x4F, 0x4A, 0xD8, 0x94, 0x52, 0x6B, 0x93, 0x73, 0x5A, 0xA5, 0x35, 0x84, 0xF8, 0x9C, 0xF1,
    0x5A, 0x36, 0x84, 0x53, 0x6B, 0x19, 0xA5, 0xD1, 0x52, 0x0F, 0x42, 0xF2, 0x5A, 0x19, 0xA5, 0xD1,
    0x5A, 0xB7, 0x94, 0x6D, 0x08, 0x4B, 0x08, 0x2A, 0x08, 0x2C, 0x08, 0x4C, 0x08, 0x4C, 0x10, 0x6D,
    0x10, 0x8C, 0x10, 0x8D, 0x10, 0x83, 0xAD, 0x18, 0x81, 0x8D, 0x10, 0x05, 0x6C, 0x10, 0x6B, 0x10,
    0x4C, 0x08, 0x2D, 0x08, 0x2C, 0x08, 0x4B, 0x08, 0x81, 0x6C, 0x10, 0x81, 0x8C, 0x10, 0x81, 0xAD,
    0x18, 0x11, 0x70, 0x4A, 0x36, 0x84, 0x5A, 0xA5, 0x97, 0x94, 0x93, 0x73, 0xAE, 0x31, 0x19, 0xA5,
    0x0B, 0x21, 0x5A, 0xAD, 0x4D, 0x29, 0x97, 0x94, 0x32, 0x63, 0x56, 0x8C, 0x53, 0x6B, 0xD4, 0x73,
    0x32, 0x63, 0x93, 0x6B, 0xD4, 0x7B, 0x81, 0x3A, 0xA5, 0x05, 0x32, 0x63, 0x6B, 0x10, 0x4C, 0x08,
    0x2D, 0x08, 0x2C, 0x08, 0x4B, 0x08, 0x81, 0x6C, 0x10, 0x81, 0x8C, 0x10, 0x83, 0xAD, 0x18, 0x81,
    0x8C, 0x10, 0x0A, 0x6D, 0x10, 0x4D, 0x08, 0x4E, 0x08, 0x2D, 0x08, 0x4B, 0x08, 0x4D, 0x10, 0x4C,
    0x08, 0x08, 0x00, 0x16, 0x29, 0xB0, 0x18, 0x07, 0x00, 0x81, 0xAD, 0x18, 0x81, 0x8C, 0x10, 0x1B,
    0xD8, 0x94, 0x4D, 0x29, 0x39, 0xA5, 0xAF, 0x31, 0x5A, 0xAD, 0x90, 0x52, 0x97, 0x8C, 0xD8, 0x9C,
    0x2F, 0x42, 0x36, 0x84, 0x12, 0x63, 0xF9, 0x9C, 0xD1, 0x5A, 0x94, 0x73, 0xD4, 0x73, 0xB7, 0x94,
    0x94, 0x73, 0xB7, 0x94, 0x11, 0x63, 0x56, 0x8C, 0x5A, 0xAD, 0xAE, 0x31, 0x39, 0xA5, 0x94, 0x73,
    0x56, 0x8C, 0x36, 0x84, 0xD1, 0x5A, 0xB1, 0x52, 0x81, 0x8C, 0x10, 0x16, 0x4F, 0x4A, 0x3A, 0xA5,
    0xD5, 0x7B, 0x90, 0x4A, 0x19, 0x9D, 0x11, 0x63, 0x32, 0x63, 0x5A, 0xA5, 0x6D, 0x29, 0xB8, 0x94,
    0xF2, 0x5A, 0x36, 0x84, 0x73, 0x6B, 0x39, 0xA5, 0x2F, 0x42, 0xF5, 0x7B, 0x94, 0x73, 0xF9, 0x9C,
    0x11, 0x5B, 0xB7, 0x94, 0x4E, 0x08, 0x4C, 0x08, 0x4A, 0x08, 0x81, 0x4C, 0x08, 0x82, 0x6C, 0x10,
    0x01, 0x8C, 0x10, 0x8D, 0x10, 0x83, 0x8C, 0x10, 0x81, 0x6D, 0x10, 0x00, 0x6C, 0x10, 0x82, 0x4B,
    0x08, 0x03, 0x4C, 0x08, 0x6C, 0x10, 0x6B, 0x10, 0x6C, 0x10, 0x81, 0x8C, 0x10, 0x16, 0x8D, 0x10,
    0x70, 0x4A, 0x15, 0x84, 0xCE, 0x39, 0x35, 0x84, 0x93, 0x73, 0xAF, 0x31, 0x19, 0xA5, 0x8B, 0x10,
    0xB8, 0x94, 0x97, 0x8C, 0x97, 0x94, 0x8E, 0x31, 0xF8, 0x9C, 0xD8, 0x94, 0xD4, 0x73, 0x12, 0x63,
    0x73, 0x6B, 0x8E, 0x31, 0xB8, 0x94, 0xD8, 0x9C, 0x91, 0x52, 0x6C, 0x10, 0x82, 0x4B, 0x08, 0x03,
    0x4C, 0x08, 0x6C, 0x10, 0x6B, 0x10, 0x6C, 0x10, 0x81, 0x8C, 0x10, 0x81, 0x8D, 0x10, 0x81, 0x8C,
    0x10, 0x82, 0x6C, 0x10, 0x81, 0x4C, 0x08, 0x08, 0x4B, 0x08, 0x6D, 0x10, 0x2C, 0x08, 0x09, 0x00,
    0xF4, 0x20, 0xAF, 0x18, 0x08, 0x00, 0x8D, 0x10, 0x8C, 0x10, 0x81, 0x6C, 0x10, 0x0A, 0xD0, 0x5A,
    0x6C, 0x10, 0x12, 0x63, 0x4D, 0x08, 0x90, 0x4A, 0x11, 0x63, 0x6D, 0x29, 0xD0, 0x5A, 0x4D, 0x29,
    0x6F, 0x4A, 0x2F, 0x42, 0x81, 0x32, 0x63, 0x08, 0xED, 0x20, 0xF2, 0x5A, 0xD1, 0x5A, 0x6D, 0x29,
    0xB0, 0x52, 0xCD, 0x39, 0x6F, 0x4A, 0xB0, 0x52, 0xF1, 0x5A, 0x81, 0xD1, 0x5A, 0x03, 0x90, 0x52,
    0x70, 0x4A, 0x90, 0x52, 0xD8, 0x94, 0x82, 0x6C, 0x10, 0x0E, 0x12, 0x63, 0xAE, 0x31, 0x6C, 0x10,
    0x91, 0x52, 0x32, 0x63, 0xEE, 0x39, 0x11, 0x63, 0xEC, 0x18, 0x30, 0x42, 0x12, 0x63, 0x70, 0x4A,
    0xAE, 0x31, 0x90, 0x52, 0x32, 0x63, 0xAE, 0x31, 0x81, 0x12, 0x63, 0x01, 0xAE, 0x39, 0xB0, 0x52,
    0x81, 0x4D, 0x08, 0x82, 0x4B, 0x08, 0x02, 0x6B, 0x10, 0x6C, 0x10, 0x6B, 0x10, 0x87, 0x6C, 0x10,
    0x00, 0x4C, 0x10, 0x83, 0x4C, 0x08, 0x02, 0x4D, 0x08, 0x6C, 0x10, 0x6B, 0x10, 0x82, 0x6C, 0x10,
    0x01, 0x6D, 0x10, 0x6C, 0x10, 0x81, 0x6B, 0x10, 0x00, 0x6C, 0x10, 0x81, 0x4D, 0x08, 0x82, 0x4B,
    0x08, 0x02, 0x6B, 0x10, 0x6C, 0x10, 0x6B, 0x10, 0x87, 0x6C, 0x10, 0x00, 0x4C, 0x10, 0x83, 0x4C,
    0x08, 0x02, 0x4D, 0x08, 0x6C, 0x10, 0x6B, 0x10, 0x82, 0x6C, 0x10, 0x81, 0x6D, 0x10, 0x00, 0x6C,
    0x10, 0x82, 0x6B, 0x10, 0x00, 0x4B, 0x08, 0x81, 0x4B, 0x10, 0x09, 0x8D, 0x10, 0x2B, 0x08, 0x0A,
    0x00, 0xD3, 0x18, 0x8F, 0x10, 0x09, 0x00, 0x6C, 0x10, 0x6D, 0x10, 0x6C, 0x10, 0x4C, 0x10, 0x82,
    0x4C, 0x08, 0x81, 0x4D, 0x08, 0x81, 0x4C, 0x08, 0x02, 0x4B, 0x08, 0x4C, 0x08, 0x6B, 0x08, 0x82,
    0x6B, 0x10, 0x02, 0x6C, 0x10, 0x4D, 0x08, 0x6C, 0x10, 0x81, 0x4C, 0x08, 0x00, 0x4B, 0x10, 0x83,
    0x4B, 0x08, 0x81, 0x4B, 0x10, 0x02, 0x6B, 0x08, 0xCE, 0x39, 0x2F, 0x42, 0x81, 0x6C, 0x10, 0x00,
    0x4C, 0x10, 0x83, 0x4C, 0x08, 0x00, 0x4D, 0x08, 0x83, 0x4C, 0x08, 0x81, 0x4D, 0x08, 0x00, 0x4C,
    0x10, 0x82, 0x6B, 0x10, 0x00, 0x6C, 0x10, 0x81, 0x6B, 0x10, 0x02, 0x4B, 0x10, 0x4C, 0x08, 0x4D,
    0x08, 0x82, 0x4C, 0x08, 0x81, 0x4B, 0x10, 0x87, 0x6B, 0x10, 0x83, 0x4C, 0x08, 0x00, 0x4D, 0x08,
    0x81, 0x4C, 0x08, 0x02, 0x4D, 0x08, 0x4C, 0x08, 0x4C, 0x10, 0x83, 0x6C, 0x10, 0x81, 0x6B, 0x10,
    0x02, 0x4B, 0x10, 0x4C, 0x08, 0x4D, 0x08, 0x82, 0x4C, 0x08, 0x81, 0x4B, 0x10, 0x87, 0x6B, 0x10,
    0x83, 0x4C, 0x08, 0x00, 0x4D, 0x08, 0x81, 0x4C, 0x08, 0x02, 0x4D, 0x08, 0x4C, 0x08, 0x4C, 0x10,
    0x82, 0x6C, 0x10, 0x02, 0x4D, 0x08, 0x4C, 0x08, 0x4B, 0x10, 0x81, 0x4B, 0x08, 0x08, 0x4C, 0x08,
    0x6C, 0x10, 0x6B, 0x10, 0x8E, 0x10, 0x29, 0x08, 0x0A, 0x00, 0xB2, 0x18, 0x6E, 0x10, 0x2A, 0x00,
    0x82, 0x4C, 0x08, 0x82, 0x4B, 0x08, 0x83, 0x4C, 0x08, 0x00, 0x4D, 0x08, 0x81, 0x4C, 0x08, 0x00,
    0x4D, 0x08, 0x81, 0x4C, 0x08, 0x81, 0x4B, 0x08, 0x83, 0x4C, 0x08, 0x84, 0x4B, 0x08, 0x00, 0x4C,
    0x08, 0x83, 0x4B, 0x08, 0x00, 0x4C, 0x08, 0x81, 0x4B, 0x08, 0x84, 0x4C, 0x08, 0x81, 0x4B, 0x08,
    0x81, 0x4C, 0x08, 0x01, 0x4B, 0x08, 0x4C, 0x08, 0x81, 0x4D, 0x08, 0x81, 0x4C, 0x08, 0x00, 0x4D,
    0x08, 0x82, 0x4C, 0x08, 0x81, 0x4B, 0x08, 0x81, 0x4C, 0x08, 0x00, 0x4D, 0x08, 0x89, 0x4B, 0x08,
    0x81, 0x4C, 0x08, 0x82, 0x4B, 0x08, 0x83, 0x4C, 0x08, 0x01, 0x4B, 0x08, 0x4C, 0x08, 0x81, 0x4B,
    0x08, 0x00, 0x4D, 0x08, 0x82, 0x4C, 0x08, 0x81, 0x4B, 0x08, 0x81, 0x4C, 0x08, 0x00, 0x4D, 0x08,
    0x89, 0x4B, 0x08, 0x81, 0x4C, 0x08, 0x82, 0x4B, 0x08, 0x83, 0x4C, 0x08, 0x01, 0x4B, 0x08, 0x4C,
    0x08, 0x81, 0x4B, 0x08, 0x84, 0x4C, 0x08, 0x00, 0x4D, 0x08, 0x81, 0x6D, 0x10, 0x05, 0x8F, 0x10,
    0x28, 0x00, 0x07, 0x00, 0x90, 0x10, 0x4C, 0x10, 0x29, 0x00, 0x81, 0x2C, 0x08, 0x84, 0x4B, 0x08,
    0x00, 0x4C, 0x08, 0x82, 0x4B, 0x08, 0x06, 0x4C, 0x08, 0x4B, 0x08, 0x4C, 0x08, 0x2D, 0x08, 0x2E,
    0x08, 0x2C, 0x08, 0x2B, 0x08, 0x81, 0x4B, 0x08, 0x85, 0x4C, 0x08, 0x81, 0x4B, 0x08, 0x03, 0x4C,
    0x08, 0x4B, 0x08, 0x4A, 0x08, 0x4B, 0x08, 0x81, 0x2B, 0x08, 0x82, 0x4B, 0x08, 0x82, 0x4C, 0x08,
    0x83, 0x4B, 0x08, 0x00, 0x4C, 0x08, 0x81, 0x4B, 0x08, 0x82, 0x2C, 0x08, 0x81, 0x2D, 0x08, 0x01,
    0x4D, 0x08, 0x4C, 0x08, 0x83, 0x4B, 0x08, 0x82, 0x4C, 0x08, 0x82, 0x4B, 0x08, 0x03, 0x2B, 0x08,
    0x2C, 0x08, 0x4B, 0x08, 0x4A, 0x08, 0x86, 0x4B, 0x08, 0x81, 0x4C, 0x08, 0x82, 0x4B, 0x08, 0x01,
    0x2B, 0x08, 0x2C, 0x08, 0x81, 0x2D, 0x08, 0x01, 0x4D, 0x08, 0x4C, 0x08, 0x83, 0x4B, 0x08, 0x82,
    0x4C, 0x08, 0x82, 0x4B, 0x08, 0x03, 0x2B, 0x08, 0x2C, 0x08, 0x4B, 0x08, 0x4A, 0x08, 0x86, 0x4B,
    0x08, 0x81, 0x4C, 0x08, 0x82, 0x4B, 0x08, 0x01, 0x2B, 0x08, 0x2C, 0x08, 0x81, 0x4B, 0x08, 0x81,
    0x4C, 0x08, 0x81, 0x4B, 0x08, 0x81, 0x6C, 0x10, 0x06, 0x90, 0x10, 0x08, 0x00, 0x07, 0x00, 0x6F,
    0x10, 0x4C, 0x08, 0x2A, 0x08, 0x2B, 0x08, 0x83, 0x2C, 0x08, 0x86, 0x4B, 0x08, 0x81, 0x4A, 0x08,
    0x00, 0x2A, 0x08, 0x84, 0x2B, 0x08, 0x82, 0x4B, 0x08, 0x82, 0x4C, 0x08, 0x81, 0x4B, 0x08, 0x01,
    0x4C, 0x08, 0x2C, 0x08, 0x85, 0x2B, 0x08, 0x84, 0x4B, 0x08, 0x03, 0x4C, 0x08, 0x4B, 0x08, 0x4A,
    0x08, 0x4B, 0x08, 0x83, 0x2B, 0x08, 0x82, 0x2A, 0x08, 0x87, 0x4B, 0x08, 0x07, 0x4C, 0x08, 0x2D,
    0x08, 0x2E, 0x08, 0x2C, 0x08, 0x2A, 0x08, 0x2D, 0x08, 0x2C, 0x08, 0x2B, 0x08, 0x87, 0x4B, 0x08,
    0x00, 0x4C, 0x08, 0x81, 0x2C, 0x08, 0x02, 0x2B, 0x08, 0x2A, 0x08, 0x2B, 0x08, 0x81, 0x2A, 0x08,
    0x87, 0x4B, 0x08, 0x07, 0x4C, 0x08, 0x2D, 0x08, 0x2E, 0x08, 0x2C, 0x08, 0x2A, 0x08, 0x2D, 0x08,
    0x2C, 0x08, 0x2B, 0x08, 0x87, 0x4B, 0x08, 0x00, 0x4C, 0x08, 0x81, 0x2C, 0x08, 0x04, 0x2B, 0x08,
    0x2A, 0x08, 0x2B, 0x08, 0x2C, 0x08, 0x2B, 0x08, 0x83, 0x4B, 0x08, 0x81, 0x6B, 0x10, 0x00, 0x8F,
    0x10, 0x81, 0x07, 0x00, 0x00, 0x4E, 0x10, 0x81, 0x2C, 0x08, 0x82, 0x2B, 0x08, 0x03, 0x2C, 0x08,
    0x2D, 0x08, 0x2B, 0x08, 0x4A, 0x08, 0x84, 0x4B, 0x08, 0x82, 0x2B, 0x08, 0x81, 0x2A, 0x08, 0x81,
    0x2B, 0x08, 0x02, 0x2D, 0x08, 0x2C, 0x08, 0x2B, 0x08, 0x81, 0x4A, 0x08, 0x83, 0x4B, 0x08, 0x01,
    0x2B, 0x08, 0x2D, 0x08, 0x82, 0x2C, 0x08, 0x81, 0x2B, 0x08, 0x81, 0x2C, 0x08, 0x00, 0x2B, 0x08,
    0x85, 0x4B, 0x08, 0x01, 0x2A, 0x08, 0x2B, 0x08, 0x82, 0x2C, 0x08, 0x02, 0x2B, 0x08, 0x2C, 0x08,
    0x2B, 0x08, 0x81, 0x2A, 0x08, 0x85, 0x4B, 0x08, 0x81, 0x2A, 0x08, 0x04, 0x2B, 0x08, 0x2C, 0x08,
    0x2B, 0x08, 0x2C, 0x08, 0x2E, 0x00, 0x81, 0x2C, 0x08, 0x00, 0x2B, 0x08, 0x85, 0x4B, 0x08, 0x81,
    0x2B, 0x08, 0x05, 0x2C, 0x08, 0x2E, 0x00, 0x2B, 0x08, 0x2A, 0x08, 0x2C, 0x08, 0x2B, 0x08, 0x81,
    0x2A, 0x08, 0x85, 0x4B, 0x08, 0x81, 0x2A, 0x08, 0x04, 0x2B, 0x08, 0x2C, 0x08, 0x2B, 0x08, 0x2C,
    0x08, 0x2E, 0x00, 0x81, 0x2C, 0x08, 0x00, 0x2B, 0x08, 0x85, 0x4B, 0x08, 0x81, 0x2B, 0x08, 0x05,
    0x2C, 0x08, 0x2E, 0x00, 0x2B, 0x08, 0x2A, 0x08, 0x2B, 0x08, 0x2C, 0x08, 0x81, 0x2B, 0x08, 0x83,
    0x4B, 0x08, 0x03, 0x6F, 0x10, 0x06, 0x00, 0x07, 0x00, 0x4E, 0x08, 0x82, 0x2C, 0x08, 0x03, 0x2B,
    0x08, 0x2A, 0x08, 0x2B, 0x08, 0x2C, 0x08, 0x81, 0x2B, 0x08, 0x00, 0x2A, 0x08, 0x81, 0x4A, 0x08,
    0x81, 0x2A, 0x08, 0x81, 0x2B, 0x08, 0x00, 0x2C, 0x08, 0x84, 0x2B, 0x08, 0x81, 0x2C, 0x08, 0x01,
    0x2B, 0x08, 0x2A, 0x08, 0x81, 0x4A, 0x08, 0x82, 0x2A, 0x08, 0x04, 0x2C, 0x08, 0x2B, 0x08, 0x2A,
    0x08, 0x2B, 0x08, 0x2C, 0x08, 0x83, 0x2B, 0x08, 0x83, 0x2A, 0x08, 0x83, 0x2B, 0x08, 0x82, 0x2A,
    0x08, 0x02, 0x2C, 0x08, 0x2B, 0x08, 0x2C, 0x08, 0x82, 0x2B, 0x08, 0x81, 0x2A, 0x08, 0x81, 0x2B,
    0x08, 0x00, 0x2C, 0x08, 0x83, 0x2B, 0x08, 0x81, 0x2A, 0x08, 0x02, 0x2C, 0x00, 0x2C, 0x08, 0x2A,
    0x08, 0x82, 0x2B, 0x08, 0x81, 0x2A, 0x08, 0x81, 0x2B, 0x08, 0x81, 0x2A, 0x08, 0x01, 0x2B, 0x08,
    0x2D, 0x00, 0x82, 0x2B, 0x08, 0x00, 0x2C, 0x08, 0x82, 0x2B, 0x08, 0x81, 0x2A, 0x08, 0x81, 0x2B,
    0x08, 0x00, 0x2C, 0x08, 0x83, 0x2B, 0x08, 0x81, 0x2A, 0x08, 0x02, 0x2C, 0x00, 0x2C, 0x08, 0x2A,
    0x08, 0x82, 0x2B, 0x08, 0x81, 0x2A, 0x08, 0x81, 0x2B, 0x08, 0x81, 0x2A, 0x08, 0x01, 0x2B, 0x08,
    0x2D, 0x00, 0x82, 0x2B, 0x08, 0x82, 0x2A, 0x08, 0x81, 0x2B, 0x08, 0x81, 0x4B, 0x08, 0x07, 0x6E,
    0x10, 0x06, 0x00, 0x08, 0x00, 0x4E, 0x08, 0x2B, 0x08, 0x29, 0x00, 0x2A, 0x08, 0x2B, 0x08, 0x81,
    0x2A, 0x08, 0x00, 0x2B, 0x08, 0x88, 0x2A, 0x08, 0x82, 0x2B, 0x08, 0x83, 0x2A, 0x08, 0x82, 0x2B,
    0x08, 0x83, 0x2A, 0x08, 0x02, 0x2B, 0x08, 0x2C, 0x00, 0x2B, 0x08, 0x81, 0x2A, 0x08, 0x00, 0x2B,
    0x08, 0x87, 0x2A, 0x08, 0x00, 0x2B, 0x08, 0x81, 0x2A, 0x08, 0x82, 0x2B, 0x08, 0x82, 0x2A, 0x08,
    0x81, 0x2B, 0x08, 0x85, 0x2A, 0x08, 0x81, 0x2B, 0x08, 0x00, 0x2C, 0x08, 0x83, 0x2B, 0x08, 0x01,
    0x2D, 0x00, 0x2B, 0x08, 0x8A, 0x2A, 0x08, 0x82, 0x2B, 0x08, 0x00, 0x2A, 0x08, 0x81, 0x2B, 0x08,
    0x85, 0x2A, 0x08, 0x81, 0x2B, 0x08, 0x00, 0x2C, 0x08, 0x83, 0x2B, 0x08, 0x01, 0x2D, 0x00, 0x2B,
    0x08, 0x8A, 0x2A, 0x08, 0x85, 0x2B, 0x08, 0x83, 0x2A, 0x08, 0x01, 0x2B, 0x08, 0x4E, 0x08, 0x81,
    0x07, 0x00, 0x05, 0x2F, 0x08, 0x2C, 0x08, 0x0A, 0x00, 0x2A, 0x08, 0x2C, 0x08, 0x2C, 0x00, 0x84,
    0x2A, 0x08, 0x02, 0x2B, 0x08, 0x2C, 0x08, 0x2B, 0x08, 0x84, 0x2A, 0x08, 0x81, 0x2B, 0x08, 0x01,
    0x2A, 0x08, 0x2B, 0x08, 0x82, 0x2A, 0x08, 0x81, 0x2B, 0x08, 0x00, 0x2A, 0x08, 0x82, 0x2B, 0x08,
    0x00, 0x2D, 0x00, 0x81, 0x2C, 0x00, 0x00, 0x2B, 0x08, 0x81, 0x2A, 0x08, 0x81, 0x2B, 0x08, 0x00,
    0x2A, 0x08, 0x81, 0x2B, 0x08, 0x84, 0x2A, 0x08, 0x03, 0x2B, 0x08, 0x2C, 0x00, 0x0D, 0x00, 0x2B,
    0x00, 0x8A, 0x2A, 0x08, 0x81, 0x2B, 0x08, 0x81, 0x2A, 0x08, 0x81, 0x2B, 0x08, 0x81, 0x2D, 0x00,
    0x01, 0x2C, 0x08, 0x2B, 0x08, 0x85, 0x2A, 0x08, 0x03, 0x2C, 0x08, 0x2B, 0x08, 0x2A, 0x08, 0x2B,
    0x08, 0x8B, 0x2A, 0x08, 0x81, 0x2B, 0x08, 0x81, 0x2A, 0x08, 0x81, 0x2B, 0x08, 0x81, 0x2D, 0x00,
    0x01, 0x2C, 0x08, 0x2B, 0x08, 0x85, 0x2A, 0x08, 0x03, 0x2C, 0x08, 0x2B, 0x08, 0x2A, 0x08, 0x2B,
    0x08, 0x81, 0x2A, 0x08, 0x03, 0x2B, 0x08, 0x2C, 0x00, 0x2D, 0x00, 0x2B, 0x08, 0x83, 0x2A, 0x08,
    0x07, 0x2C, 0x08, 0x08, 0x00, 0x07, 0x00, 0x2F, 0x08, 0x2C, 0x08, 0x0A, 0x00, 0x2B, 0x00, 0x2B,
    0x08, 0x81, 0x2A, 0x08, 0x00, 0x2B, 0x08, 0x81, 0x2A, 0x08, 0x81, 0x2B, 0x00, 0x81, 0x2C, 0x00,
    0x00, 0x2B, 0x00, 0x81, 0x2A, 0x08, 0x02, 0x2B, 0x00, 0x2A, 0x08, 0x2B, 0x08, 0x81, 0x2C, 0x00,
    0x02, 0x2B, 0x00, 0x2B, 0x08, 0x2B, 0x00, 0x81, 0x2A, 0x08, 0x00, 0x2B, 0x08, 0x82, 0x2A, 0x08,
    0x00, 0x2B, 0x00, 0x82, 0x2C, 0x00, 0x00, 0x2B, 0x00, 0x82, 0x2B, 0x08, 0x81, 0x2B, 0x00, 0x01,
    0x2A, 0x08, 0x2B, 0x00, 0x83, 0x2A, 0x08, 0x81, 0x2B, 0x00, 0x81, 0x2C, 0x00, 0x00, 0x2B, 0x00,
    0x81, 0x2A, 0x08, 0x00, 0x2B, 0x00, 0x81, 0x2A, 0x08, 0x81, 0x2B, 0x00, 0x00, 0x2B, 0x08, 0x84,
    0x2A, 0x08, 0x00, 0x2B, 0x08, 0x81, 0x2A, 0x08, 0x01, 0x2B, 0x08, 0x2B, 0x00, 0x81, 0x2C, 0x00,
    0x05, 0x2B, 0x00, 0x2B, 0x08, 0x2A, 0x08, 0x2B, 0x08, 0x2B, 0x00, 0x2B, 0x08, 0x81, 0x2B, 0x00,
    0x81, 0x2A, 0x08, 0x82, 0x2B, 0x08, 0x01, 0x2A, 0x08, 0x2B, 0x00, 0x81, 0x2A, 0x08, 0x81, 0x2B,
    0x00, 0x00, 0x2B, 0x08, 0x84, 0x2A, 0x08, 0x00, 0x2B, 0x08, 0x81, 0x2A, 0x08, 0x01, 0x2B, 0x08,
    0x2B, 0x00, 0x81, 0x2C, 0x00, 0x05, 0x2B, 0x00, 0x2B, 0x08, 0x2A, 0x08, 0x2B, 0x08, 0x2B, 0x00,
    0x2B, 0x08, 0x81, 0x2B, 0x00, 0x81, 0x2A, 0x08, 0x82, 0x2B, 0x08, 0x00, 0x2B, 0x00, 0x82, 0x2C,
    0x00, 0x00, 0x2B, 0x08, 0x82, 0x2A, 0x08, 0x00, 0x2C, 0x08, 0x81, 0x09, 0x00, 0x04, 0x30, 0x08,
    0x2C, 0x08, 0x08, 0x00, 0x2C, 0x08, 0x2B, 0x08, 0x82, 0x2A, 0x08, 0x85, 0x2B, 0x08, 0x82, 0x2A,
    0x08, 0x03, 0x2C, 0x08, 0x2C, 0x00, 0x2B, 0x08, 0x2A, 0x08, 0x81, 0x2C, 0x08, 0x82, 0x2B, 0x08,
    0x81, 0x2A, 0x08, 0x00, 0x2B, 0x08, 0x81, 0x2A, 0x08, 0x82, 0x2B, 0x08, 0x00, 0x2C, 0x08, 0x81,
    0x2B, 0x08, 0x82, 0x2A, 0x08, 0x01, 0x2C, 0x08, 0x2B, 0x08, 0x81, 0x2A, 0x08, 0x86, 0x2B, 0x08,
    0x82, 0x2A, 0x08, 0x05, 0x2C, 0x08, 0x2C, 0x00, 0x2B, 0x08, 0x2A, 0x08, 0x2C, 0x00, 0x2C, 0x08,
    0x82, 0x2B, 0x08, 0x81, 0x2A, 0x08, 0x00, 0x2B, 0x08, 0x83, 0x2A, 0x08, 0x00, 0x2B, 0x08, 0x81,
    0x2C, 0x08, 0x84, 0x2B, 0x08, 0x01, 0x2C, 0x08, 0x2B, 0x08, 0x83, 0x2A, 0x08, 0x07, 0x2B, 0x08,
    0x2A, 0x08, 0x2C, 0x08, 0x2C, 0x00, 0x2B, 0x08, 0x2A, 0x08, 0x2C, 0x00, 0x2C, 0x08, 0x82, 0x2B,
    0x08, 0x81, 0x2A, 0x08, 0x00, 0x2B, 0x08, 0x83, 0x2A, 0x08, 0x00, 0x2B, 0x08, 0x81, 0x2C, 0x08,
    0x84, 0x2B, 0x08, 0x01, 0x2C, 0x08, 0x2B, 0x08, 0x83, 0x2A, 0x08, 0x84, 0x2B, 0x08, 0x81, 0x2A,
    0x08, 0x0A, 0x2B, 0x08, 0x2D, 0x00, 0x2C, 0x08, 0x08, 0x00, 0x09, 0x00, 0x51, 0x10, 0x2C, 0x08,
    0x07, 0x00, 0x2B, 0x08, 0x2C, 0x08, 0x2B, 0x08, 0x82, 0x2A, 0x08, 0x86, 0x2B, 0x08, 0x00, 0x2A,
    0x08, 0x83, 0x2B, 0x08, 0x04, 0x2A, 0x08, 0x0C, 0x21, 0x6B, 0x31, 0x6A, 0x31, 0x6B, 0x31, 0x81,
    0x6A, 0x31, 0x00, 0x6B, 0x31, 0x84, 0x6A, 0x31, 0x00, 0x8B, 0x31, 0x82, 0x8A, 0x31, 0x81, 0x6A,
    0x31, 0x02, 0x6B, 0x31, 0x6D, 0x31, 0x6C, 0x29, 0x82, 0x2A, 0x08, 0x86, 0x2B, 0x08, 0x81, 0x2A,
    0x08, 0x82, 0x2C, 0x08, 0x00, 0x2A, 0x08, 0x81, 0x2D, 0x08, 0x02, 0x2B, 0x08, 0x2C, 0x08, 0x2B,
    0x08, 0x81, 0x2A, 0x08, 0x00, 0x2B, 0x08, 0x83, 0x2A, 0x08, 0x00, 0x2B, 0x08, 0x81, 0x2C, 0x08,
    0x00, 0x2B, 0x08, 0x81, 0x2A, 0x08, 0x03, 0x2B, 0x08, 0x2D, 0x08, 0x2C, 0x08, 0x2B, 0x08, 0x81,
    0x2A, 0x08, 0x04, 0x2B, 0x08, 0x4B, 0x21, 0x8A, 0x31, 0x6A, 0x31, 0x6C, 0x31, 0x81, 0x6B, 0x31,
    0x00, 0x6A, 0x31, 0x81, 0x6D, 0x31, 0x01, 0x6A, 0x31, 0x6B, 0x31, 0x82, 0x6A, 0x31, 0x83, 0x8A,
    0x31, 0x04, 0x6A, 0x31, 0x6B, 0x31, 0x6C, 0x29, 0x2C, 0x08, 0x2B, 0x08, 0x81, 0x2A, 0x08, 0x03,
    0x2B, 0x08, 0x2D, 0x08, 0x2C, 0x08, 0x2B, 0x08, 0x81, 0x2A, 0x08, 0x86, 0x2B, 0x08, 0x08, 0x2A,
    0x08, 0x2B, 0x08, 0x2D, 0x00, 0x2D, 0x08, 0x0A, 0x00, 0x08, 0x00, 0x72, 0x10, 0x4E, 0x08, 0x06,
    0x00, 0x81, 0x4B, 0x08, 0x05, 0x2C, 0x08, 0x2B, 0x08, 0x2A, 0x08, 0x2B, 0x08, 0x2C, 0x08, 0x2B,
    0x08, 0x81, 0x2C, 0x08, 0x02, 0x2B, 0x08, 0x2C, 0x08, 0x2B, 0x08, 0x81, 0x2A, 0x08, 0x00, 0x4A,
    0x08, 0x81, 0x4B, 0x08, 0x19, 0x2B, 0x08, 0x4B, 0x4A, 0x49, 0x4A, 0xA6, 0x31, 0x08, 0x42, 0x49,
    0x4A, 0x8A, 0x52, 0xAA, 0x52, 0x24, 0x21, 0xA6, 0x31, 0xE7, 0x39, 0x28, 0x42, 0x69, 0x4A, 0xAA,
    0x52, 0x8A, 0x52, 0xA6, 0x31, 0xC7, 0x39, 0x08, 0x42, 0x69, 0x4A, 0x8A, 0x52, 0xAA, 0x52, 0xEB,
    0x5A, 0x2C, 0x08, 0x2A, 0x08, 0x2B, 0x08, 0x2C, 0x08, 0x81, 0x2B, 0x08, 0x01, 0x2C, 0x08, 0x2B,
    0x08, 0x81, 0x4B, 0x08, 0x00, 0x2B, 0x08, 0x81, 0x2A, 0x08, 0x00, 0x2B, 0x08, 0x82, 0x2C, 0x08,
    0x81, 0x2D, 0x08, 0x81, 0x2C, 0x08, 0x01, 0x2B, 0x08, 0x2A, 0x08, 0x81, 0x4B, 0x08, 0x81, 0x4A,
    0x08, 0x00, 0x2A, 0x08, 0x82, 0x2B, 0x08, 0x81, 0x2C, 0x08, 0x01, 0x2B, 0x08, 0x2A, 0x08, 0x81,
    0x2D, 0x08, 0x11, 0x2B, 0x08, 0x2A, 0x08, 0x2B, 0x08, 0x4B, 0x08, 0x8A, 0x52, 0x08, 0x42, 0xA6,
    0x31, 0x08, 0x42, 0x49, 0x4A, 0x8A, 0x52, 0xAA, 0x52, 0x41, 0x08, 0xA6, 0x31, 0xE7, 0x39, 0x49,
    0x4A, 0x8A, 0x52, 0xAA, 0x52, 0x28, 0x42, 0x81, 0xC7, 0x39, 0x05, 0x28, 0x42, 0x69, 0x4A, 0x8A,
    0x52, 0xAA, 0x52, 0xCB, 0x5A, 0x2B, 0x08, 0x81, 0x2C, 0x08, 0x01, 0x2B, 0x08, 0x2A, 0x08, 0x81,
    0x2D, 0x08, 0x02, 0x2B, 0x08, 0x2A, 0x08, 0x2B, 0x08, 0x82, 0x4B, 0x08, 0x81, 0x2C, 0x08, 0x02,
    0x2B, 0x08, 0x2C, 0x08, 0x2B, 0x08, 0x81, 0x2A, 0x08, 0x05, 0x2C, 0x08, 0x2B, 0x00, 0x09, 0x00,
    0x94, 0x10, 0x4F, 0x10, 0x05, 0x00, 0x82, 0x4B, 0x08, 0x02, 0x4C, 0x08, 0x4B, 0x08, 0x2A, 0x08,
    0x81, 0x2C, 0x08, 0x02, 0x2D, 0x00, 0x2E, 0x00, 0x2B, 0x08, 0x81, 0x2A, 0x08, 0x85, 0x4B, 0x08,
    0x08, 0x4B, 0x4A, 0x0C, 0x63, 0x10, 0x84, 0x71, 0x8C, 0x10, 0x84, 0xF3, 0x9C, 0x38, 0xC6, 0xAA,
    0x52, 0xEF, 0x7B, 0x81, 0x51, 0x8C, 0x0E, 0x71, 0x8C, 0xF7, 0xBD, 0xB6, 0xB5, 0xEF, 0x7B, 0x30,
    0x84, 0x71, 0x8C, 0x10, 0x84, 0x55, 0xAD, 0x18, 0xC6, 0x24, 0x21, 0x2E, 0x00, 0x2C, 0x08, 0x2A,
    0x08, 0x2C, 0x08, 0x2B, 0x08, 0x81, 0x4C, 0x08, 0x85, 0x4B, 0x08, 0x86, 0x2B, 0x08, 0x81, 0x2C,
    0x08, 0x85, 0x4B, 0x08, 0x05, 0x2C, 0x08, 0x2D, 0x08, 0x2C, 0x08, 0x2D, 0x08, 0x2D, 0x00, 0x2E,
    0x00, 0x82, 0x2B, 0x08, 0x00, 0x4C, 0x08, 0x82, 0x4B, 0x08, 0x18, 0x8A, 0x52, 0xAE, 0x73, 0x10,
    0x84, 0x71, 0x8C, 0x10, 0x84, 0x34, 0xA5, 0x38, 0xC6, 0xE3, 0x18, 0xEF, 0x7B, 0x71, 0x8C, 0x30,
    0x84, 0x92, 0x94, 0x18, 0xC6, 0xF3, 0x9C, 0xEF, 0x7B, 0x30, 0x84, 0x71, 0x8C, 0x10, 0x84, 0x96,
    0xB5, 0x18, 0xC6, 0xC7, 0x39, 0x2C, 0x08, 0x2D, 0x08, 0x2D, 0x00, 0x2E, 0x00, 0x82, 0x2B, 0x08,
    0x00, 0x4C, 0x08, 0x84, 0x4B, 0x08, 0x02, 0x4C, 0x08, 0x2C, 0x08, 0x2B, 0x08, 0x81, 0x2A, 0x08,
    0x07, 0x2B, 0x08, 0x2A, 0x08, 0x2B, 0x08, 0x2A, 0x08, 0x08, 0x00, 0x93, 0x18, 0x6F, 0x10, 0x06,
    0x00, 0x81, 0x6B, 0x10, 0x81, 0x4B, 0x08, 0x01, 0x4C, 0x08, 0x4B, 0x08, 0x81, 0x2A, 0x08, 0x05,
    0x2B, 0x08, 0x2D, 0x00, 0x2D, 0x08, 0x2C, 0x08, 0x4A, 0x08, 0x4B, 0x08, 0x81, 0x4C, 0x08, 0x81,
    0x6B, 0x10, 0x17, 0x4B, 0x08, 0x4B, 0x4A, 0x8A, 0x52, 0x8E, 0x73, 0x10, 0x84, 0x28, 0x42, 0x65,
    0x29, 0xF3, 0x9C, 0x8A, 0x52, 0x4D, 0x6B, 0x30, 0x84, 0x0C, 0x63, 0x65, 0x29, 0x2C, 0x63, 0x75,
    0xAD, 0x4D, 0x6B, 0xEF, 0x7B, 0xCF, 0x7B, 0xC7, 0x39, 0xE7, 0x39, 0x55, 0xAD, 0x24, 0x21, 0x2B,
    0x08, 0x2C, 0x08, 0x81, 0x2A, 0x08, 0x81, 0x4B, 0x08, 0x81, 0x4C, 0x08, 0x81, 0x6B, 0x10, 0x81,
    0x4B, 0x08, 0x01, 0x4C, 0x08, 0x2E, 0x08, 0x81, 0x2B, 0x08, 0x03, 0x2C, 0x08, 0x2B, 0x08, 0x2A,
    0x08, 0x2B, 0x08, 0x81, 0x4B, 0x08, 0x81, 0x4C, 0x08, 0x01, 0x6C, 0x10, 0x6B, 0x10, 0x82, 0x4B,
    0x08, 0x06, 0x4C, 0x08, 0x2B, 0x08, 0x2C, 0x08, 0x2B, 0x08, 0x2D, 0x00, 0x2D, 0x08, 0x2C, 0x08,
    0x81, 0x4B, 0x08, 0x1D, 0x4C, 0x08, 0x4B, 0x08, 0x6B, 0x10, 0x8A, 0x52, 0x0C, 0x63, 0xCF, 0x7B,
    0xEF, 0x7B, 0xE7, 0x39, 0xC7, 0x39, 0x34, 0xA5, 0xC3, 0x18, 0x2C, 0x63, 0x30, 0x84, 0xAA, 0x52,
    0x65, 0x29, 0xEF, 0x7B, 0xD3, 0x9C, 0x4D, 0x6B, 0x10, 0x84, 0x8E, 0x73, 0xA6, 0x31, 0x49, 0x4A,
    0x75, 0xAD, 0xC7, 0x39, 0x2B, 0x08, 0x2C, 0x08, 0x2B, 0x08, 0x2D, 0x00, 0x2D, 0x08, 0x2C, 0x08,
    0x81, 0x4B, 0x08, 0x01, 0x4C, 0x08, 0x4B, 0x08, 0x81, 0x6B, 0x10, 0x81, 0x4B, 0x08, 0x0B, 0x4C,
    0x08, 0x4D, 0x08, 0x2B, 0x08, 0x2A, 0x08, 0x2B, 0x08, 0x2D, 0x00, 0x2F, 0x08, 0x2B, 0x08, 0x08,
    0x00, 0xB3, 0x18, 0x6E, 0x10, 0x07, 0x00, 0x81, 0x6C, 0x10, 0x00, 0x6B, 0x10, 0x83, 0x4B, 0x08,
    0x05, 0x2B, 0x08, 0x2C, 0x08, 0x2B, 0x08, 0x2C, 0x08, 0x4D, 0x08, 0x4C, 0x08, 0x81, 0x4B, 0x08,
    0x81, 0x6C, 0x10, 0x81, 0x6B, 0x10, 0x14, 0x4B, 0x4A, 0x28, 0x42, 0x10, 0x84, 0xF7, 0xBD, 0xD3,
    0x9C, 0x28, 0x42, 0x10, 0x84, 0x49, 0x4A, 0xCB, 0x5A, 0x96, 0xB5, 0xD7, 0xBD, 0x69, 0x4A, 0xAA,
    0x52, 0x14, 0xA5, 0xCB, 0x5A, 0xF3, 0x9C, 0x18, 0xC6, 0xEF, 0x7B, 0x28, 0x42, 0x71, 0x8C, 0x24,
    0x21, 0x81, 0x2A, 0x08, 0x00, 0x2B, 0x08, 0x83, 0x4B, 0x08, 0x82, 0x6C, 0x10, 0x08, 0x6B, 0x10,
    0x4B, 0x08, 0x4C, 0x08, 0x4D, 0x08, 0x4C, 0x08, 0x2A, 0x08, 0x2B, 0x08, 0x2C, 0x08, 0x2B, 0x08,
    0x83, 0x4B, 0x08, 0x82, 0x6C, 0x10, 0x00, 0x6B, 0x10, 0x82, 0x4B, 0x08, 0x02, 0x4A, 0x08, 0x2B,
    0x08, 0x2C, 0x08, 0x81, 0x2B, 0x08, 0x00, 0x4D, 0x08, 0x82, 0x4B, 0x08, 0x81, 0x6B, 0x10, 0x17,
    0x8A, 0x52, 0xAA, 0x52, 0xB2, 0x94, 0x18, 0xC6, 0x51, 0x8C, 0x28, 0x42, 0x51, 0x8C, 0xA2, 0x10,
    0xCB, 0x5A, 0xB6, 0xB5, 0x96, 0xB5, 0x49, 0x4A, 0x2C, 0x63, 0x51, 0x8C, 0xEB, 0x5A, 0x55, 0xAD,
    0x38, 0xC6, 0x4D, 0x6B, 0x28, 0x42, 0xB2, 0x94, 0xC7, 0x39, 0x4A, 0x08, 0x2B, 0x08, 0x2C, 0x08,
    0x81, 0x2B, 0x08, 0x00, 0x4D, 0x08, 0x82, 0x4B, 0x08, 0x83, 0x6B, 0x10, 0x81, 0x4B, 0x08, 0x81,
    0x4C, 0x08, 0x08, 0x2C, 0x08, 0x2A, 0x08, 0x2B, 0x08, 0x4E, 0x08, 0x2B, 0x08, 0x07, 0x00, 0xB3,
    0x18, 0x8F, 0x10, 0x08, 0x00, 0x82, 0x6C, 0x10, 0x01, 0x6B, 0x10, 0x4B, 0x10, 0x84, 0x4B, 0x08,
    0x00, 0x4A, 0x08, 0x82, 0x4C, 0x08, 0x81, 0x6B, 0x10, 0x81, 0x6C, 0x10, 0x15, 0x6B, 0x10, 0x4A,
    0x4A, 0xC7, 0x39, 0x2C, 0x63, 0x59, 0xCE, 0xF7, 0xBD, 0x10, 0x84, 0x71, 0x8C, 0x08, 0x42, 0x28,
    0x42, 0x55, 0xAD, 0x79, 0xCE, 0xD3, 0x9C, 0xEF, 0x7B, 0x71, 0x8C, 0x49, 0x4A, 0xCF, 0x7B, 0x9A,
    0xD6, 0x96, 0xB5, 0xEF, 0x7B, 0x92, 0x94, 0x24, 0x21, 0x85, 0x4B, 0x08, 0x81, 0x6B, 0x10, 0x82,
    0x6C, 0x10, 0x00, 0x6B, 0x10, 0x81, 0x4B, 0x08, 0x04, 0x4C, 0x08, 0x4B, 0x08, 0x4A, 0x08, 0x4B,
    0x08, 0x4C, 0x08, 0x81, 0x4B, 0x08, 0x00, 0x4B, 0x10, 0x85, 0x6B, 0x10, 0x01, 0x4B, 0x08, 0x4C,
    0x08, 0x81, 0x4B, 0x08, 0x84, 0x4C, 0x08, 0x00, 0x4B, 0x08, 0x82, 0x6B, 0x10, 0x14, 0x8A, 0x52,
    0x28, 0x42, 0x8E, 0x73, 0x79, 0xCE, 0xB6, 0xB5, 0xEF, 0x7B, 0x92, 0x94, 0x61, 0x08, 0x28, 0x42,
    0xD7, 0xBD, 0x59, 0xCE, 0x92, 0x94, 0x10, 0x84, 0xCF, 0x7B, 0x69, 0x4A, 0x30, 0x84, 0xBA, 0xD6,
    0x55, 0xAD, 0xCF, 0x7B, 0x92, 0x94, 0xC7, 0x39, 0x81, 0x4B, 0x08, 0x84, 0x4C, 0x08, 0x00, 0x4B,
    0x08, 0x85, 0x6B, 0x10, 0x01, 0x4B, 0x10, 0x4B, 0x08, 0x81, 0x4C, 0x08, 0x81, 0x4B, 0x08, 0x05,
    0x6C, 0x10, 0x2B, 0x00, 0x08, 0x00, 0xD3, 0x18, 0x8E, 0x10, 0x08, 0x00, 0x82, 0x6C, 0x10, 0x02,
    0x6B, 0x10, 0x6C, 0x10, 0x6D, 0x08, 0x83, 0x4C, 0x08, 0x02, 0x4B, 0x10, 0x6B, 0x10, 0x6C, 0x10,
    0x82, 0x6B, 0x10, 0x0D, 0x6C, 0x10, 0x6D, 0x10, 0x6C, 0x10, 0x4B, 0x4A, 0x86, 0x31, 0xC7, 0x39,
    0x2C, 0x63, 0x10, 0x84, 0x8E, 0x73, 0x10, 0x84, 0xA6, 0x31, 0xC7, 0x39, 0x69, 0x4A, 0xEF, 0x7B,
    0x81, 0xCF, 0x7B, 0x00, 0xAE, 0x73, 0x81, 0xE7, 0x39, 0x0B, 0x8E, 0x73, 0xEF, 0x7B, 0xAE, 0x73,
    0xEF, 0x7B, 0x24, 0x21, 0x4B, 0x08, 0x4C, 0x08, 0x4D, 0x08, 0x4C, 0x08, 0x6C, 0x10, 0x6B, 0x10,
    0x6C, 0x10, 0x81, 0x6B, 0x10, 0x00, 0x6C, 0x10, 0x83, 0x6B, 0x10, 0x01, 0x4C, 0x10, 0x4C, 0x08,
    0x81, 0x4B, 0x08, 0x81, 0x4D, 0x08, 0x00, 0x6C, 0x10, 0x81, 0x6B, 0x10, 0x81, 0x6C, 0x10, 0x01,
    0x6B, 0x10, 0x6C, 0x10, 0x81, 0x6B, 0x10, 0x00, 0x6C, 0x10, 0x81, 0x4C, 0x08, 0x81, 0x4B, 0x08,
    0x01, 0x4B, 0x10, 0x6B, 0x10, 0x82, 0x6C, 0x10, 0x16, 0x6D, 0x10, 0x6C, 0x10, 0x8A, 0x52, 0xC7,
    0x39, 0xE7, 0x39, 0x6D, 0x6B, 0x10, 0x84, 0xAE, 0x73, 0xEF, 0x7B, 0x41, 0x08, 0xC7, 0x39, 0xAA,
    0x52, 0x10, 0x84, 0xAE, 0x73, 0xCF, 0x7B, 0x2C, 0x63, 0xE7, 0x39, 0x08, 0x42, 0xCF, 0x7B, 0xEF,
    0x7B, 0xAE, 0x73, 0xEF, 0x7B, 0xC7, 0x39, 0x81, 0x4C, 0x08, 0x81, 0x4B, 0x08, 0x01, 0x4B, 0x10,
    0x6B, 0x10, 0x82, 0x6C, 0x10, 0x00, 0x6D, 0x10, 0x81, 0x6C, 0x10, 0x00, 0x6B, 0x10, 0x81, 0x6C,
    0x10, 0x81, 0x6B, 0x10, 0x82, 0x4B, 0x08, 0x0A, 0x6D, 0x10, 0x2A, 0x00, 0x09, 0x00, 0xD2, 0x18,
    0x8E, 0x10, 0x29, 0x00, 0x6B, 0x10, 0x6D, 0x10, 0x6C, 0x10, 0x6B, 0x10, 0x6C, 0x10, 0x83, 0x6D,
    0x10, 0x01, 0x6E, 0x10, 0x6D, 0x10, 0x81, 0x6C, 0x10, 0x83, 0x6B, 0x10, 0x81, 0x6C, 0x10, 0x0D,
    0x4B, 0x4A, 0x24, 0x21, 0x86, 0x31, 0xC7, 0x39, 0x28, 0x42, 0x8A, 0x52, 0x0C, 0x63, 0x45, 0x29,
    0x86, 0x31, 0xA6, 0x31, 0x08, 0x42, 0x69, 0x4A, 0xCB, 0x5A, 0xEB, 0x5A, 0x81, 0x86, 0x31, 0x07,
    0xC7, 0x39, 0x28, 0x42, 0xAA, 0x52, 0x0C, 0x63, 0x24, 0x21, 0x6C, 0x10, 0x6B, 0x10, 0x6C, 0x10,
    0x82, 0x6D, 0x10, 0x81, 0x6E, 0x10, 0x81, 0x6C, 0x10, 0x82, 0x6B, 0x10, 0x85, 0x6C, 0x10, 0x04,
    0x6D, 0x10, 0x6E, 0x10, 0x6D, 0x10, 0x6C, 0x10, 0x6D, 0x10, 0x81, 0x6C, 0x10, 0x00, 0x6D, 0x10,
    0x81, 0x6B, 0x10, 0x86, 0x6C, 0x10, 0x12, 0x6D, 0x10, 0x6C, 0x10, 0x6B, 0x10, 0x6D, 0x10, 0x6E,
    0x10, 0x8B, 0x52, 0x65, 0x29, 0x86, 0x31, 0xC7, 0x39, 0x28, 0x42, 0xAA, 0x52, 0x0C, 0x63, 0x20,
    0x00, 0x65, 0x29, 0xC7, 0x39, 0x08, 0x42, 0x69, 0x4A, 0xEB, 0x5A, 0x8A, 0x52, 0x81, 0x86, 0x31,
    0x04, 0xE7, 0x39, 0x49, 0x4A, 0xAA, 0x52, 0x0C, 0x63, 0xC7, 0x39, 0x85, 0x6C, 0x10, 0x04, 0x6D,
    0x10, 0x6C, 0x10, 0x6B, 0x10, 0x6D, 0x10, 0x6E, 0x10, 0x81, 0x6D, 0x10, 0x81, 0x6E, 0x10, 0x00,
    0x6D, 0x10, 0x82, 0x6C, 0x10, 0x08, 0x6B, 0x10, 0x8F, 0x10, 0x28, 0x00, 0x07, 0x00, 0xD2, 0x18,
    0x8E, 0x10, 0x2A, 0x08, 0x6B, 0x10, 0x4C, 0x10, 0x83, 0x6C, 0x10, 0x00, 0x8C, 0x10, 0x84, 0x8D,
    0x10, 0x01, 0x6C, 0x10, 0x6D, 0x10, 0x81, 0x6C, 0x10, 0x17, 0x4D, 0x08, 0x6C, 0x10, 0x6B, 0x10,
    0x4B, 0x4A, 0x0C, 0x63, 0xEF, 0x7B, 0x92, 0x94, 0xD3, 0x9C, 0x75, 0xAD, 0xF7, 0xBD, 0xAA, 0x52,
    0xCF, 0x7B, 0x51, 0x8C, 0xD3, 0x9C, 0x34, 0xA5, 0xD7, 0xBD, 0xB6, 0xB5, 0xEF, 0x7B, 0x10, 0x84,
    0x92, 0x94, 0xF3, 0x9C, 0x96, 0xB5, 0xF7, 0xBD, 0x24, 0x21, 0x83, 0x8C, 0x10, 0x82, 0x6D, 0x10,
    0x03, 0x6E, 0x10, 0x4D, 0x08, 0x4C, 0x10, 0x6D, 0x10, 0x81, 0x6C, 0x10, 0x01, 0x6D, 0x10, 0x8D,
    0x10, 0x84, 0x8C, 0x10, 0x01, 0x6D, 0x10, 0x6E, 0x10, 0x81, 0x6D, 0x10, 0x81, 0x6B, 0x10, 0x81,
    0x6D, 0x10, 0x01, 0x6C, 0x10, 0x6D, 0x10, 0x85, 0x8C, 0x10, 0x82, 0x6C, 0x10, 0x16, 0x6B, 0x10,
    0x6C, 0x10, 0xAA, 0x52, 0xAE, 0x73, 0xEF, 0x7B, 0x92, 0x94, 0xF3, 0x9C, 0x96, 0xB5, 0xF7, 0xBD,
    0xE3, 0x18, 0xCF, 0x7B, 0x51, 0x8C, 0xD3, 0x9C, 0x55, 0xAD, 0xF7, 0xBD, 0xF3, 0x9C, 0xEF, 0x7B,
    0x10, 0x84, 0xB2, 0x94, 0xF3, 0x9C, 0xB6, 0xB5, 0xF7, 0xBD, 0xC7, 0x39, 0x85, 0x8C, 0x10, 0x82,
    0x6C, 0x10, 0x02, 0x6B, 0x10, 0x6C, 0x10, 0x4D, 0x08, 0x83, 0x6D, 0x10, 0x82, 0x8D, 0x10, 0x06,
    0x8C, 0x10, 0xB0, 0x18, 0x09, 0x00, 0x07, 0x00, 0xD1, 0x18, 0x8D, 0x10, 0x2A, 0x08, 0x81, 0x4B,
    0x08, 0x02, 0x6B, 0x10, 0x6D, 0x10, 0x6C, 0x10, 0x82, 0x8C, 0x10, 0x81, 0xAD, 0x18, 0x00, 0x8C,
    0x10, 0x81, 0x8D, 0x10, 0x02, 0x6C, 0x10, 0x6D, 0x10, 0x4D, 0x08, 0x81, 0x4E, 0x08, 0x15, 0x6B,
    0x10, 0x4B, 0x4A, 0xAA, 0x52, 0xAE, 0x73, 0xCF, 0x7B, 0x28, 0x42, 0x69, 0x4A, 0xB6, 0xB5, 0x8A,
    0x52, 0x8E, 0x73, 0xEF, 0x7B, 0xEB, 0x5A, 0xE7, 0x39, 0x71, 0x8C, 0x96, 0xB5, 0x6D, 0x6B, 0xCF,
    0x7B, 0x8E, 0x73, 0x08, 0x42, 0x2C, 0x63, 0xD7, 0xBD, 0x24, 0x21, 0x81, 0xAD, 0x18, 0x82, 0x8C,
    0x10, 0x81, 0x6C, 0x10, 0x00, 0x6B, 0x10, 0x81, 0x4D, 0x08, 0x00, 0x4C, 0x10, 0x81, 0x6D, 0x10,
    0x82, 0x8D, 0x10, 0x81, 0xAD, 0x18, 0x00, 0x8D, 0x10, 0x81, 0x8C, 0x10, 0x81, 0x6C, 0x10, 0x05,
    0x4D, 0x08, 0x4C, 0x08, 0x4B, 0x08, 0x6D, 0x08, 0x6D, 0x10, 0x6C, 0x10, 0x82, 0x8C, 0x10, 0x81,
    0xAD, 0x18, 0x00, 0x8D, 0x10, 0x81, 0x8C, 0x10, 0x18, 0x6C, 0x10, 0x6D, 0x10, 0x6B, 0x10, 0x4B,
    0x08, 0xAA, 0x52, 0x4D, 0x6B, 0xCF, 0x7B, 0x8E, 0x73, 0x08, 0x42, 0xEB, 0x5A, 0xD7, 0xBD, 0xC3,
    0x18, 0x8E, 0x73, 0xEF, 0x7B, 0xAA, 0x52, 0x08, 0x42, 0xF3, 0x9C, 0xD3, 0x9C, 0x8E, 0x73, 0xEF,
    0x7B, 0x4D, 0x6B, 0xE7, 0x39, 0x8E, 0x73, 0xB6, 0xB5, 0xC7, 0x39, 0x81, 0x8C, 0x10, 0x81, 0xAD,
    0x18, 0x00, 0x8D, 0x10, 0x81, 0x8C, 0x10, 0x02, 0x6C, 0x10, 0x6D, 0x10, 0x6B, 0x10, 0x81, 0x4B,
    0x08, 0x82, 0x6C, 0x10, 0x82, 0x8D, 0x10, 0x81, 0xAD, 0x18, 0x00, 0xD1, 0x20, 0x81, 0x09, 0x00,
    0x03, 0xD1, 0x18, 0x8C, 0x10, 0x4C, 0x08, 0x2C, 0x08, 0x81, 0x4B, 0x08, 0x00, 0x6D, 0x10, 0x81,
    0x8C, 0x10, 0x81, 0xAD, 0x18, 0x81, 0xCD, 0x18, 0x01, 0xAD, 0x18, 0xAC, 0x18, 0x81, 0x8C, 0x10,
    0x00, 0x6B, 0x10, 0x81, 0x4B, 0x08, 0x16, 0x2D, 0x08, 0x4E, 0x08, 0x4B, 0x4A, 0x49, 0x4A, 0xEF,
    0x7B, 0x34, 0xA5, 0xCB, 0x5A, 0x86, 0x31, 0x30, 0x84, 0x69, 0x4A, 0xCB, 0x5A, 0x34, 0xA5, 0x51,
    0x8C, 0x24, 0x21, 0x8A, 0x52, 0x14, 0xA5, 0xEB, 0x5A, 0x92, 0x94, 0x14, 0xA5, 0x28, 0x42, 0xA6,
    0x31, 0x92, 0x94, 0x24, 0x21, 0x81, 0xCD, 0x18, 0x81, 0xAD, 0x18, 0x07, 0x8D, 0x10, 0x8C, 0x10,
    0x6B, 0x10, 0x4B, 0x08, 0x4A, 0x08, 0x4B, 0x08, 0x4C, 0x08, 0x6B, 0x10, 0x81, 0x8C, 0x10, 0x81,
    0xAD, 0x18, 0x81, 0xCD, 0x18, 0x81, 0xAD, 0x18, 0x02, 0x8C, 0x10, 0x8B, 0x10, 0x6C, 0x10, 0x81,
    0x4B, 0x08, 0x04, 0x4A, 0x08, 0x4B, 0x08, 0x6B, 0x10, 0x8C, 0x10, 0x8D, 0x10, 0x81, 0xAD, 0x18,
    0x81, 0xCD, 0x18, 0x81, 0xAD, 0x18, 0x81, 0x8C, 0x10, 0x00, 0x6D, 0x10, 0x81, 0x4B, 0x08, 0x0E,
    0xAB, 0x52, 0xAA, 0x52, 0x71, 0x8C, 0x14, 0xA5, 0x69, 0x4A, 0xA6, 0x31, 0x71, 0x8C, 0xA2, 0x10,
    0xCB, 0x5A, 0x34, 0xA5, 0xCF, 0x7B, 0x45, 0x29, 0x2C, 0x63, 0x71, 0x8C, 0xEB, 0x5A, 0x81, 0xF3,
    0x9C, 0x03, 0xA6, 0x31, 0xC7, 0x39, 0xD3, 0x9C, 0xC7, 0x39, 0x81, 0xAD, 0x18, 0x81, 0xCD, 0x18,
    0x81, 0xAD, 0x18, 0x81, 0x8C, 0x10, 0x00, 0x6D, 0x10, 0x81, 0x4B, 0x08, 0x04, 0x2D, 0x08, 0x4B,
    0x08, 0x6B, 0x10, 0x8B, 0x10, 0x8C, 0x10, 0x81, 0xAD, 0x18, 0x81, 0xCD, 0x18, 0x05, 0xF2, 0x20,
    0x06, 0x00, 0x09, 0x00, 0xD1, 0x20, 0x8D, 0x10, 0x4B, 0x08, 0x81, 0x2D, 0x08, 0x03, 0x6C, 0x08,
    0x6D, 0x10, 0x8D, 0x10, 0xAD, 0x18, 0x81, 0xAE, 0x18, 0x81, 0xCE, 0x18, 0x1D, 0xCD, 0x18, 0xAD,
    0x18, 0xAC, 0x18, 0x8D, 0x10, 0x6C, 0x10, 0x6B, 0x10, 0x4A, 0x08, 0x4C, 0x08, 0x4E, 0x08, 0x4C,
    0x4A, 0xE7, 0x39, 0xCF, 0x7B, 0xBA, 0xD6, 0x38, 0xC6, 0x6D, 0x6B, 0x71, 0x8C, 0x28, 0x42, 0x69,
    0x4A, 0xF7, 0xBD, 0xBA, 0xD6, 0x71, 0x8C, 0x6D, 0x6B, 0xB2, 0x94, 0x69, 0x4A, 0xB2, 0x94, 0xDB,
    0xDE, 0x96, 0xB5, 0x4D, 0x6B, 0x92, 0x94, 0x24, 0x21, 0x81, 0xCE, 0x18, 0x01, 0xCD, 0x18, 0xAD,
    0x18, 0x81, 0x8E, 0x10, 0x01, 0x6E, 0x10, 0x6C, 0x08, 0x81, 0x4A, 0x08, 0x04, 0x4D, 0x08, 0x6C,
    0x10, 0x8C, 0x10, 0xAC, 0x18, 0xAD, 0x18, 0x81, 0xCE, 0x18, 0x81, 0xCD, 0x18, 0x0B, 0xAE, 0x18,
    0xAE, 0x10, 0x8C, 0x10, 0x6E, 0x10, 0x4C, 0x08, 0x4B, 0x08, 0x2C, 0x08, 0x6B, 0x10, 0x6C, 0x10,
    0x8C, 0x10, 0xAC, 0x18, 0xAD, 0x18, 0x82, 0xCE, 0x18, 0x04, 0xCD, 0x18, 0xAE, 0x18, 0xAE, 0x10,
    0x8C, 0x10, 0x6D, 0x10, 0x81, 0x4C, 0x08, 0x15, 0xAB, 0x52, 0x49, 0x4A, 0x71, 0x8C, 0xDB, 0xDE,
    0xD7, 0xBD, 0x6D, 0x6B, 0x92, 0x94, 0x82, 0x10, 0x69, 0x4A, 0x59, 0xCE, 0x9A, 0xD6, 0x10, 0x84,
    0xCF, 0x7B, 0x10, 0x84, 0x8A, 0x52, 0x34, 0xA5, 0xFB, 0xDE, 0x14, 0xA5, 0x2C, 0x63, 0xB2, 0x94,
    0xC7, 0x39, 0xAD, 0x18, 0x82, 0xCE, 0x18, 0x04, 0xCD, 0x18, 0xAE, 0x18, 0xAE, 0x10, 0x8C, 0x10,
    0x6D, 0x10, 0x81, 0x4C, 0x08, 0x14, 0x2E, 0x08, 0x4F, 0x08, 0x6E, 0x10, 0x8C, 0x10, 0xAC, 0x18,
    0xAD, 0x18, 0xCD, 0x18, 0xCE, 0x18, 0xCD, 0x18, 0x12, 0x21, 0x06, 0x00, 0x08, 0x00, 0x13, 0x21,
    0xAE, 0x18, 0x4B, 0x08, 0x6C, 0x08, 0x4C, 0x08, 0x6B, 0x10, 0x8C, 0x10, 0x8D, 0x10, 0xAD, 0x18,
    0x81, 0xAE, 0x18, 0x81, 0xCE, 0x18, 0x81, 0xAD, 0x18, 0x12, 0xAC, 0x18, 0x8D, 0x10, 0x8E, 0x10,
    0x6C, 0x10, 0x6B, 0x10, 0x6C, 0x08, 0x6C, 0x10, 0x4C, 0x4A, 0x86, 0x31, 0x28, 0x42, 0x92, 0x94,
    0x55, 0xAD, 0x10, 0x84, 0x30, 0x84, 0xC7, 0x39, 0xE7, 0x39, 0x6D, 0x6B, 0x75, 0xAD, 0xB2, 0x94,
    0x81, 0xEF, 0x7B, 0x08, 0x08, 0x42, 0x49, 0x4A, 0x14, 0xA5, 0x34, 0xA5, 0xEF, 0x7B, 0x30, 0x84,
    0x24, 0x21, 0xCD, 0x18, 0xCE, 0x18, 0x81, 0xAD, 0x18, 0x00, 0xAE, 0x18, 0x81, 0x8E, 0x10, 0x81,
    0x6C, 0x10, 0x04, 0x6B, 0x10, 0x6D, 0x10, 0x8E, 0x10, 0x8D, 0x10, 0xAC, 0x18, 0x81, 0xAD, 0x18,
    0x00, 0xCE, 0x18, 0x81, 0xCD, 0x18, 0x81, 0xAE, 0x18, 0x07, 0x8C, 0x10, 0x8D, 0x10, 0x6D, 0x10,
    0x4C, 0x08, 0x4F, 0x08, 0x6C, 0x10, 0x8C, 0x10, 0x8D, 0x10, 0x81, 0xAD, 0x18, 0x00, 0xAE, 0x18,
    0x81, 0xCE, 0x18, 0x00, 0xCD, 0x18, 0x81, 0xAD, 0x18, 0x81, 0x8C, 0x10, 0x18, 0x6D, 0x10, 0x6B,
    0x08, 0xAB, 0x52, 0xE7, 0x39, 0x49, 0x4A, 0xD3, 0x9C, 0x34, 0xA5, 0x10, 0x84, 0x30, 0x84, 0x61,
    0x08, 0xE7, 0x39, 0xCF, 0x7B, 0x75, 0xAD, 0x92, 0x94, 0x10, 0x84, 0x6D, 0x6B, 0x08, 0x42, 0x8A,
    0x52, 0x55, 0xAD, 0x14, 0xA5, 0xEF, 0x7B, 0x30, 0x84, 0xC7, 0x39, 0xAD, 0x18, 0xAE, 0x18, 0x81,
    0xCE, 0x18, 0x00, 0xCD, 0x18, 0x81, 0xAD, 0x18, 0x81, 0x8C, 0x10, 0x05, 0x6D, 0x10, 0x6B, 0x08,
    0x4D, 0x08, 0x6E, 0x10, 0x8E, 0x10, 0x8D, 0x10, 0x82, 0xAD, 0x18, 0x81, 0xCE, 0x18, 0x07, 0x12,
    0x21, 0x07, 0x00, 0x08, 0x00, 0x34, 0x29, 0xD0, 0x18, 0x4A, 0x08, 0x8C, 0x10, 0x8E, 0x10, 0x81,
    0x8C, 0x10, 0x82, 0xAD, 0x18, 0x00, 0xAE, 0x18, 0x81, 0xCE, 0x18, 0x00, 0xAE, 0x18, 0x82, 0xAD,
    0x18, 0x00, 0x8D, 0x10, 0x81, 0x8C, 0x10, 0x81, 0x8D, 0x10, 0x0D, 0x4B, 0x4A, 0x86, 0x31, 0xE7,
    0x39, 0x49, 0x4A, 0xEB, 0x5A, 0x4D, 0x6B, 0xEF, 0x7B, 0xA6, 0x31, 0xE7, 0x39, 0x28, 0x42, 0xAA,
    0x52, 0x0C, 0x63, 0xAE, 0x73, 0xCF, 0x7B, 0x81, 0x08, 0x42, 0x04, 0x69, 0x4A, 0xEB, 0x5A, 0x6D,
    0x6B, 0xEF, 0x7B, 0x24, 0x21, 0x82, 0xCD, 0x18, 0x82, 0xAD, 0x18, 0x82, 0x8D, 0x10, 0x81, 0x8C,
    0x10, 0x00, 0x8D, 0x10, 0x83, 0xAD, 0x18, 0x82, 0xCD, 0x18, 0x81, 0xAE, 0x18, 0x00, 0xAC, 0x18,
    0x82, 0x8C, 0x10, 0x82, 0x8D, 0x10, 0x00, 0xAD, 0x18, 0x82, 0xAE, 0x18, 0x81, 0xCE, 0x18, 0x03,
    0xCD, 0x18, 0xAD, 0x18, 0xAE, 0x18, 0xAD, 0x18, 0x82, 0x8C, 0x10, 0x00, 0xAB, 0x52, 0x81, 0xE7,
    0x39, 0x0A, 0x69, 0x4A, 0xEB, 0x5A, 0x6D, 0x6B, 0xEF, 0x7B, 0x41, 0x08, 0xE7, 0x39, 0x28, 0x42,
    0xCB, 0x5A, 0x2C, 0x63, 0xCF, 0x7B, 0x4D, 0x6B, 0x81, 0x08, 0x42, 0x04, 0x69, 0x4A, 0xEB, 0x5A,
    0x8E, 0x73, 0xEF, 0x7B, 0xC7, 0x39, 0x81, 0xAE, 0x18, 0x81, 0xCE, 0x18, 0x03, 0xCD, 0x18, 0xAD,
    0x18, 0xAE, 0x18, 0xAD, 0x18, 0x83, 0x8C, 0x10, 0x81, 0x8D, 0x10, 0x00, 0xAE, 0x18, 0x81, 0xAD,
    0x18, 0x00, 0xCD, 0x18, 0x81, 0xCE, 0x18, 0x0A, 0x11, 0x21, 0x28, 0x00, 0x08, 0x00, 0x55, 0x31,
    0xF0, 0x20, 0x2A, 0x08, 0xAD, 0x18, 0xAF, 0x10, 0xAF, 0x18, 0xAD, 0x18, 0xAE, 0x18, 0x81, 0xAD,
    0x18, 0x00, 0xCD, 0x18, 0x82, 0xCE, 0x18, 0x81, 0xAE, 0x18, 0x82, 0xAD, 0x18, 0x82, 0xAC, 0x18,
    0x14, 0x4B, 0x4A, 0x49, 0x4A, 0xEB, 0x5A, 0x6D, 0x6B, 0xEF, 0x7B, 0x51, 0x8C, 0x92, 0x94, 0x08,
    0x42, 0xEB, 0x5A, 0x2C, 0x63, 0xCF, 0x7B, 0x30, 0x84, 0x71, 0x8C, 0x51, 0x8C, 0xEB, 0x5A, 0x0C,
    0x63, 0x8E, 0x73, 0x10, 0x84, 0x51, 0x8C, 0x92, 0x94, 0x24, 0x21, 0x81, 0xCD, 0x18, 0x00, 0xCE,
    0x18, 0x83, 0xAD, 0x18, 0x03, 0xAE, 0x18, 0xAF, 0x10, 0xAE, 0x18, 0xAC, 0x18, 0x83, 0xAD, 0x18,
    0x83, 0xCD, 0x18, 0x07, 0xAD, 0x18, 0xAE, 0x18, 0xAF, 0x18, 0xAE, 0x18, 0xAD, 0x18, 0xAC, 0x18,
    0xAD, 0x18, 0xAE, 0x18, 0x82, 0xAD, 0x18, 0x00, 0xAE, 0x18, 0x82, 0xCE, 0x18, 0x14, 0xCD, 0x18,
    0xAE, 0x18, 0xAF, 0x18, 0xAE, 0x18, 0xAD, 0x18, 0xAE, 0x18, 0xAD, 0x18, 0xAA, 0x52, 0xCB, 0x5A,
    0x0C, 0x63, 0x8E, 0x73, 0xEF, 0x7B, 0x51, 0x8C, 0x92, 0x94, 0xA2, 0x10, 0xCB, 0x5A, 0x4D, 0x6B,
    0xCF, 0x7B, 0x30, 0x84, 0x71, 0x8C, 0xCF, 0x7B, 0x81, 0x0C, 0x63, 0x05, 0xAE, 0x73, 0x10, 0x84,
    0x71, 0x8C, 0x92, 0x94, 0xC7, 0x39, 0xAE, 0x18, 0x82, 0xCE, 0x18, 0x05, 0xCD, 0x18, 0xAE, 0x18,
    0xAF, 0x18, 0xAE, 0x18, 0xAD, 0x18, 0xAE, 0x18, 0x83, 0xAD, 0x18, 0x02, 0xAE, 0x18, 0xAF, 0x18,
    0xAE, 0x18, 0x82, 0xCD, 0x18, 0x05, 0x11, 0x21, 0x28, 0x08, 0x07, 0x00, 0x96, 0x31, 0x11, 0x21,
    0x29, 0x08, 0x81, 0xCD, 0x18, 0x81, 0xCE, 0x18, 0x81, 0xCF, 0x18, 0x82, 0xAE, 0x18, 0x03, 0xAD,
    0x18, 0xAE, 0x18, 0xAF, 0x18, 0xCF, 0x18, 0x81, 0xCD, 0x18, 0x81, 0xCE, 0x18, 0x81, 0xCD, 0x18,
    0x14, 0x4B, 0x4A, 0xEB, 0x5A, 0xEF, 0x7B, 0x30, 0x84, 0x6D, 0x6B, 0x30, 0x84, 0x18, 0xC6, 0xAA,
    0x52, 0xCF, 0x7B, 0x30, 0x84, 0xCF, 0x7B, 0xAE, 0x73, 0x75, 0xAD, 0xB6, 0xB5, 0xAE, 0x73, 0xEF,
    0x7B, 0x10, 0x84, 0x6D, 0x6B, 0xB2, 0x94, 0x18, 0xC6, 0x24, 0x21, 0x82, 0xAF, 0x18, 0x00, 0xAE,
    0x18, 0x81, 0xCE, 0x18, 0x00, 0xCD, 0x18, 0x81, 0xCE, 0x18, 0x03, 0xCF, 0x18, 0xCE, 0x18, 0xCD,
    0x18, 0xCE, 0x18, 0x81, 0xCD, 0x18, 0x83, 0xAD, 0x18, 0x01, 0xCD, 0x18, 0xCE, 0x18, 0x81, 0xCF,
    0x18, 0x00, 0xCE, 0x18, 0x86, 0xCD, 0x18, 0x00, 0xAD, 0x18, 0x81, 0xAE, 0x18, 0x01, 0xAD, 0x18,
    0xCD, 0x18, 0x82, 0xCE, 0x18, 0x10, 0xCF, 0x18, 0xCE, 0x18, 0xAB, 0x52, 0x8E, 0x73, 0xEF, 0x7B,
    0x10, 0x84, 0x6D, 0x6B, 0x92, 0x94, 0x18, 0xC6, 0xE3, 0x18, 0xCF, 0x7B, 0x30, 0x84, 0xAE, 0x73,
    0xCF, 0x7B, 0xB6, 0xB5, 0xF3, 0x9C, 0xCF, 0x7B, 0x81, 0x10, 0x84, 0x05, 0x6D, 0x6B, 0xF3, 0x9C,
    0xF7, 0xBD, 0xC7, 0x39, 0xCD, 0x18, 0xAD, 0x18, 0x81, 0xAE, 0x18, 0x01, 0xAD, 0x18, 0xCD, 0x18,
    0x82, 0xCE, 0x18, 0x04, 0xCF, 0x18, 0xCE, 0x18, 0xCF, 0x18, 0xCE, 0x18, 0xCD, 0x18, 0x81, 0xCE,
    0x18, 0x01, 0xAF, 0x18, 0xAE, 0x18, 0x81, 0xAD, 0x18, 0x05, 0x11, 0x21, 0x49, 0x08, 0x07, 0x00,
    0xB7, 0x39, 0x32, 0x29, 0x28, 0x00, 0x82, 0xEE, 0x20, 0x82, 0xCE, 0x18, 0x81, 0xAE, 0x18, 0x01,
    0xAD, 0x10, 0xAC, 0x18, 0x81, 0xAE, 0x18, 0x00, 0xCF, 0x18, 0x81, 0xCE, 0x18, 0x12, 0xEF, 0x18,
    0xF0, 0x20, 0xEF, 0x20, 0xEE, 0x18, 0x4B, 0x4A, 0x69, 0x4A, 0xAE, 0x73, 0x71, 0x8C, 0x49, 0x4A,
    0x65, 0x29, 0xB2, 0x94, 0x8A, 0x52, 0x2C, 0x63, 0x92, 0x94, 0x6D, 0x6B, 0x45, 0x29, 0xEB, 0x5A,
    0x55, 0xAD, 0x2C, 0x63, 0x81, 0x30, 0x84, 0x05, 0xE7, 0x39, 0xC7, 0x39, 0x14, 0xA5, 0x24, 0x21,
    0xAD, 0x10, 0xAE, 0x10, 0x81, 0xAE, 0x18, 0x82, 0xCE, 0x18, 0x00, 0xEE, 0x18, 0x81, 0xEE, 0x20,
    0x01, 0xEF, 0x18, 0xCE, 0x18, 0x81, 0xCF, 0x18, 0x03, 0xAF, 0x18, 0xAD, 0x18, 0xAD, 0x10, 0xAE,
    0x10, 0x81, 0xAD, 0x18, 0x81, 0xCD, 0x18, 0x01, 0xCF, 0x18, 0xEF, 0x18, 0x81, 0xEE, 0x20, 0x00,
    0xEE, 0x18, 0x82, 0xCD, 0x18, 0x01, 0xAE, 0x18, 0xAD, 0x18, 0x81, 0xAE, 0x10, 0x81, 0xAD, 0x18,
    0x81, 0xCD, 0x18, 0x19, 0xCE, 0x18, 0xEE, 0x18, 0xEE, 0x20, 0xAB, 0x52, 0xEB, 0x5A, 0xEF, 0x7B,
    0x51, 0x8C, 0x08, 0x42, 0xA6, 0x31, 0xF3, 0x9C, 0xA2, 0x10, 0x0C, 0x63, 0x92, 0x94, 0x0C, 0x63,
    0x45, 0x29, 0xAE, 0x73, 0xB2, 0x94, 0x2C, 0x63, 0x51, 0x8C, 0x10, 0x84, 0x86, 0x31, 0x08, 0x42,
    0x34, 0xA5, 0xC7, 0x39, 0xAE, 0x18, 0xAD, 0x18, 0x81, 0xAE, 0x10, 0x81, 0xAD, 0x18, 0x81, 0xCD,
    0x18, 0x01, 0xCE, 0x18, 0xEE, 0x18, 0x81, 0xEE, 0x20, 0x0D, 0xEF, 0x18, 0xCE, 0x18, 0xCD, 0x18,
    0xCE, 0x18, 0xAE, 0x18, 0xAF, 0x18, 0xAD, 0x10, 0xAE, 0x10, 0xF1, 0x20, 0x4C, 0x08, 0x09, 0x00,
    0xD8, 0x41, 0x53, 0x29, 0x07, 0x00, 0x81, 0x0F, 0x21, 0x0C, 0x0E, 0x21, 0xEE, 0x20, 0xEE, 0x18,
    0xCE, 0x18, 0xAD, 0x18, 0xAD, 0x10, 0x8D, 0x10, 0x8C, 0x10, 0xAD, 0x10, 0xAD, 0x18, 0xCD, 0x18,
    0xED, 0x18, 0xEE, 0x20, 0x83, 0x0F, 0x21, 0x1C, 0x4C, 0x4A, 0x28, 0x42, 0x10, 0x84, 0x38, 0xC6,
    0x75, 0xAD, 0x8A, 0x52, 0x10, 0x84, 0x49, 0x4A, 0xCB, 0x5A, 0xB6, 0xB5, 0x38, 0xC6, 0x0C, 0x63,
    0xEB, 0x5A, 0xF3, 0x9C, 0xAA, 0x52, 0xF3, 0x9C, 0x79, 0xCE, 0x92, 0x94, 0x8A, 0x52, 0x71, 0x8C,
    0x24, 0x21, 0x8B, 0x10, 0x8D, 0x10, 0xAE, 0x10, 0xAD, 0x18, 0xCE, 0x18, 0xEE, 0x18, 0xEE, 0x20,
    0x0E, 0x21, 0x81, 0x0F, 0x21, 0x0C, 0x0E, 0x21, 0xEE, 0x20, 0xEE, 0x18, 0xCE, 0x18, 0xAF, 0x18,
    0xAF, 0x10, 0x8E, 0x10, 0x8F, 0x10, 0xAD, 0x10, 0xAD, 0x18, 0xCD, 0x18, 0xED, 0x18, 0xEF, 0x20,
    0x83, 0x0F, 0x21, 0x0B, 0xEE, 0x20, 0xED, 0x18, 0xCD, 0x18, 0xAD, 0x18, 0xAC, 0x18, 0x8C, 0x10,
    0x8D, 0x10, 0xAE, 0x10, 0xAD, 0x18, 0xCD, 0x18, 0xED, 0x18, 0xEE, 0x20, 0x81, 0x0F, 0x21, 0x81,
    0x8A, 0x52, 0x1B, 0xB2, 0x94, 0x59, 0xCE, 0xD3, 0x9C, 0x8A, 0x52, 0x51, 0x8C, 0x82, 0x10, 0xAA,
    0x52, 0xF7, 0xBD, 0x18, 0xC6, 0xEB, 0x5A, 0x4D, 0x6B, 0x51, 0x8C, 0xCB, 0x5A, 0x55, 0xAD, 0x9A,
    0xD6, 0xEF, 0x7B, 0x8A, 0x52, 0xB2, 0x94, 0xC7, 0x39, 0xAD, 0x18, 0xAC, 0x18, 0x8C, 0x10, 0x8D,
    0x10, 0xAE, 0x10, 0xAD, 0x18, 0xCD, 0x18, 0xED, 0x18, 0xEE, 0x20, 0x83, 0x0F, 0x21, 0x04, 0xEE,
    0x20, 0xEE, 0x18, 0xCE, 0x18, 0xAD, 0x18, 0xAC, 0x18, 0x81, 0x8C, 0x10, 0x05, 0xD0, 0x18, 0x6D,
    0x10, 0x0A, 0x00, 0x19, 0x42, 0x73, 0x31, 0x06, 0x00, 0x81, 0x30, 0x29, 0x2D, 0x2F, 0x21, 0x0E,
    0x21, 0xEE, 0x20, 0xCE, 0x18, 0xAE, 0x18, 0x8C, 0x10, 0x6C, 0x08, 0x4C, 0x08, 0x8D, 0x10, 0xAC,
    0x18, 0xCD, 0x18, 0xEE, 0x20, 0x0E, 0x21, 0x2F, 0x21, 0x2F, 0x29, 0x30, 0x29, 0x2F, 0x21, 0x4B,
    0x4A, 0xC7, 0x39, 0xAA, 0x52, 0x18, 0xC6, 0xD7, 0xBD, 0x51, 0x8C, 0x71, 0x8C, 0xE7, 0x39, 0x28,
    0x42, 0xF3, 0x9C, 0x38, 0xC6, 0xF3, 0x9C, 0x10, 0x84, 0x30, 0x84, 0x49, 0x4A, 0x2C, 0x63, 0x59,
    0xCE, 0x96, 0xB5, 0x30, 0x84, 0x71, 0x8C, 0x24, 0x21, 0x6B, 0x10, 0x6C, 0x08, 0x8D, 0x10, 0xAE,
    0x18, 0xCE, 0x18, 0xEE, 0x20, 0x0F, 0x21, 0x2F, 0x21, 0x81, 0x30, 0x29, 0x05, 0x2F, 0x21, 0x0E,
    0x21, 0xEE, 0x20, 0xCD, 0x18, 0xAC, 0x18, 0x8D, 0x10, 0x81, 0x4D, 0x08, 0x05, 0x8D, 0x10, 0xAD,
    0x18, 0xCE, 0x18, 0xEE, 0x20, 0x0F, 0x21, 0x2F, 0x21, 0x81, 0x30, 0x29, 0x2D, 0x2F, 0x21, 0x0F,
    0x21, 0xEE, 0x20, 0xCF, 0x18, 0xAD, 0x18, 0x8C, 0x10, 0x4C, 0x08, 0x6B, 0x08, 0x8D, 0x10, 0xAE,
    0x18, 0xCD, 0x18, 0xEE, 0x20, 0x0F, 0x21, 0x2F, 0x21, 0x30, 0x29, 0x8B, 0x52, 0x28, 0x42, 0x0C,
    0x63, 0x38, 0xC6, 0xB6, 0xB5, 0x30, 0x84, 0x71, 0x8C, 0x61, 0x08, 0x08, 0x42, 0x75, 0xAD, 0x18,
    0xC6, 0xB2, 0x94, 0x30, 0x84, 0xAE, 0x73, 0x49, 0x4A, 0xAE, 0x73, 0x79, 0xCE, 0x75, 0xAD, 0x10,
    0x84, 0x71, 0x8C, 0xC7, 0x39, 0xAD, 0x18, 0x8C, 0x10, 0x4C, 0x08, 0x6B, 0x08, 0x8D, 0x10, 0xAE,
    0x18, 0xCD, 0x18, 0xEE, 0x20, 0x0F, 0x21, 0x2F, 0x21, 0x81, 0x30, 0x29, 0x05, 0x2F, 0x21, 0x0F,
    0x21, 0xEE, 0x20, 0xCE, 0x18, 0xAC, 0x18, 0x8C, 0x10, 0x81, 0x6B, 0x10, 0x05, 0xAC, 0x18, 0x8B,
    0x10, 0x09, 0x00, 0x39, 0x4A, 0x94, 0x31, 0x05, 0x00, 0x81, 0x50, 0x29, 0x0D, 0x30, 0x29, 0x0F,
    0x21, 0xEE, 0x20, 0xED, 0x18, 0xAF, 0x18, 0x8E, 0x10, 0x6B, 0x10, 0x6D, 0x10, 0x8F, 0x10, 0xAE,
    0x18, 0xCF, 0x18, 0xEF, 0x20, 0x0F, 0x21, 0x2F, 0x29, 0x81, 0x50, 0x29, 0x0C, 0x2F, 0x29, 0x4B,
    0x4A, 0x65, 0x29, 0xC7, 0x39, 0x49, 0x4A, 0x0C, 0x63, 0x4D, 0x6B, 0xEF, 0x7B, 0xA6, 0x31, 0xC7,
    0x39, 0x08, 0x42, 0xCB, 0x5A, 0x0C, 0x63, 0x81, 0xAE, 0x73, 0x0E, 0xE7, 0x39, 0xC7, 0x39, 0x8A,
    0x52, 0xEB, 0x5A, 0x6D, 0x6B, 0xCF, 0x7B, 0x24, 0x21, 0x6E, 0x08, 0x6C, 0x10, 0x8C, 0x10, 0xAF,
    0x18, 0xCF, 0x18, 0xEE, 0x20, 0x0F, 0x21, 0x30, 0x29, 0x81, 0x50, 0x29, 0x0D, 0x30, 0x29, 0x0F,
    0x21, 0xEE, 0x20, 0xED, 0x18, 0xCC, 0x18, 0x8C, 0x10, 0x6D, 0x10, 0x6D, 0x08, 0x8D, 0x10, 0xAE,
    0x18, 0xCE, 0x18, 0xEE, 0x20, 0x0F, 0x21, 0x30, 0x29, 0x81, 0x50, 0x29, 0x05, 0x2F, 0x29, 0x0F,
    0x21, 0xEE, 0x20, 0xCF, 0x18, 0xAF, 0x18, 0x8C, 0x10, 0x81, 0x6C, 0x10, 0x07, 0x8C, 0x10, 0xAE,
    0x18, 0xCF, 0x18, 0xEF, 0x20, 0x0F, 0x21, 0x2F, 0x29, 0x50, 0x29, 0x8B, 0x52, 0x81, 0xC7, 0x39,
    0x0A, 0x69, 0x4A, 0x0C, 0x63, 0x4D, 0x6B, 0xEF, 0x7B, 0x41, 0x08, 0xA6, 0x31, 0x08, 0x42, 0xEB,
    0x5A, 0x2C, 0x63, 0xAE, 0x73, 0x2C, 0x63, 0x81, 0xE7, 0x39, 0x06, 0xAA, 0x52, 0xEB, 0x5A, 0x6D,
    0x6B, 0xCF, 0x7B, 0xC7, 0x39, 0xAF, 0x18, 0x8C, 0x10, 0x81, 0x6C, 0x10, 0x05, 0x8C, 0x10, 0xAE,
    0x18, 0xCF, 0x18, 0xEF, 0x20, 0x0F, 0x21, 0x2F, 0x29, 0x81, 0x50, 0x29, 0x0F, 0x30, 0x29, 0x0F,
    0x21, 0xEF, 0x20, 0xCF, 0x18, 0xAE, 0x18, 0x8E, 0x10, 0x6D, 0x10, 0x6B, 0x10, 0xAC, 0x18, 0x8B,
    0x10, 0x07, 0x00, 0x38, 0x4A, 0x94, 0x31, 0x26, 0x00, 0x8B, 0x52, 0x45, 0x29, 0x90, 0x24, 0x21,
    0x0B, 0xC7, 0x39, 0x82, 0x10, 0xC3, 0x18, 0xE3, 0x18, 0x24, 0x21, 0x65, 0x29, 0xC7, 0x39, 0xA2,
    0x10, 0xC3, 0x18, 0xE3, 0x18, 0x24, 0x21, 0x45, 0x29, 0x81, 0xA6, 0x31, 0x81, 0xC3, 0x18, 0x04,
    0x04, 0x21, 0x45, 0x29, 0x86, 0x31, 0xC7, 0x39, 0xE3, 0x18, 0x91, 0x24, 0x21, 0x04, 0xEB, 0x5A,
    0x8D, 0x31, 0xEE, 0x20, 0x0E, 0x21, 0xAB, 0x52, 0x91, 0x24, 0x21, 0x00, 0xE7, 0x39, 0x81, 0xC3,
    0x18, 0x0A, 0x04, 0x21, 0x45, 0x29, 0x86, 0x31, 0xC7, 0x39, 0x00, 0x00, 0xC3, 0x18, 0xE3, 0x18,
    0x24, 0x21, 0x65, 0x29, 0xA6, 0x31, 0x65, 0x29, 0x81, 0xC3, 0x18, 0x04, 0x04, 0x21, 0x45, 0x29,
    0x86, 0x31, 0xC7, 0x39, 0x65, 0x29, 0x91, 0x24, 0x21, 0x0A, 0x2C, 0x63, 0xCD, 0x18, 0xEF, 0x20,
    0x8B, 0x10, 0x07, 0x00, 0x37, 0x4A, 0x93, 0x31, 0x28, 0x08, 0x8A, 0x52, 0xEF, 0x7B, 0x10, 0x84,
    0x81, 0x92, 0x94, 0x03, 0x96, 0xB5, 0x18, 0xC6, 0xC7, 0x39, 0xCF, 0x7B, 0x81, 0x71, 0x8C, 0x04,
    0x14, 0xA5, 0x18, 0xC6, 0x92, 0x94, 0xEF, 0x7B, 0x30, 0x84, 0x81, 0x92, 0x94, 0x10, 0xD7, 0xBD,
    0xF7, 0xBD, 0x0C, 0x63, 0xEF, 0x7B, 0x92, 0x94, 0x71, 0x8C, 0x55, 0xAD, 0x18, 0xC6, 0xAA, 0x52,
    0xEF, 0x7B, 0x51, 0x8C, 0x92, 0x94, 0xD3, 0x9C, 0xF7, 0xBD, 0xB6, 0xB5, 0xEF, 0x7B, 0x8F, 0x7C,
    0x81, 0x92, 0x94, 0x03, 0x96, 0xB5, 0x18, 0xC6, 0xC7, 0x39, 0xCF, 0x7B, 0x81, 0x71, 0x8C, 0x04,
    0x14, 0xA5, 0x18, 0xC6, 0x92, 0x94, 0xEF, 0x7B, 0x30, 0x84, 0x81, 0x92, 0x94, 0x0E, 0xD7, 0xBD,
    0xF7, 0xBD, 0x0C, 0x63, 0xEF, 0x7B, 0x92, 0x94, 0x71, 0x8C, 0x55, 0xAD, 0x18, 0xC6, 0xAA, 0x52,
    0xAC, 0x31, 0xEF, 0x20, 0x0F, 0x21, 0x28, 0x42, 0xEF, 0x7B, 0x30, 0x84, 0x81, 0x92, 0x94, 0x03,
    0xB6, 0xB5, 0xF7, 0xBD, 0xAA, 0x52, 0xEF, 0x7B, 0x81, 0x71, 0x8C, 0x06, 0x34, 0xA5, 0x18, 0xC6,
    0x6D, 0x6B, 0xEF, 0x7B, 0x51, 0x8C, 0x92, 0x94, 0xB2, 0x94, 0x81, 0xF7, 0xBD, 0x01, 0xAE, 0x73,
    0x10, 0x84, 0x81, 0x92, 0x94, 0x0A, 0x75, 0xAD, 0x18, 0xC6, 0xE3, 0x18, 0xCF, 0x7B, 0x71, 0x8C,
    0x92, 0x94, 0xF3, 0x9C, 0xF7, 0xBD, 0xF3, 0x9C, 0xEF, 0x7B, 0x30, 0x84, 0x81, 0x92, 0x94, 0x03,
    0xB6, 0xB5, 0xF7, 0xBD, 0xAA, 0x52, 0xEF, 0x7B, 0x81, 0x71, 0x8C, 0x06, 0x34, 0xA5, 0x18, 0xC6,
    0x6D, 0x6B, 0xEF, 0x7B, 0x51, 0x8C, 0x92, 0x94, 0xB2, 0x94, 0x81, 0xF7, 0xBD, 0x01, 0xAE, 0x73,
    0x10, 0x84, 0x81, 0x92, 0x94, 0x7F, 0x75, 0xAD, 0x18, 0xC6, 0x82, 0x10, 0x0D, 0x21, 0x30, 0x29,
    0x6C, 0x10, 0x08, 0x00, 0x37, 0x4A, 0x73, 0x31, 0x49, 0x08, 0x8A, 0x52, 0x6D, 0x6B, 0xCF, 0x7B,
    0xAE, 0x73, 0xE7, 0x39, 0xAA, 0x52, 0x96, 0xB5, 0x86, 0x31, 0x6D, 0x6B, 0x30, 0x84, 0x8A, 0x52,
    0xC7, 0x39, 0xB2, 0x94, 0x51, 0x8C, 0x6D, 0x6B, 0xEF, 0x7B, 0x4D, 0x6B, 0xA6, 0x31, 0x2C, 0x63,
    0x96, 0xB5, 0xAA, 0x52, 0xAE, 0x73, 0x94, 0x73, 0xD8, 0x39, 0xCE, 0x39, 0x55, 0xAD, 0x8A, 0x52,
    0x6D, 0x6B, 0xEF, 0x93, 0xA9, 0xC2, 0x45, 0x99, 0xCF, 0x7B, 0x96, 0xB5, 0x6D, 0x6B, 0x88, 0x47,
    0x4A, 0x56, 0xC7, 0x3A, 0xAA, 0x52, 0x96, 0xB5, 0x86, 0x31, 0x6D, 0x6B, 0x30, 0x84, 0x8A, 0x52,
    0xC7, 0x39, 0xB2, 0x94, 0x51, 0x8C, 0x6D, 0x6B, 0xEF, 0x7B, 0x4D, 0x6B, 0xA6, 0x31, 0x2C, 0x63,
    0x96, 0xB5, 0xAA, 0x52, 0xAE, 0x73, 0xEF, 0x7B, 0x28, 0x42, 0xE7, 0x39, 0x55, 0xAD, 0x8A, 0x52,
    0xAD, 0x39, 0x0E, 0x21, 0x0F, 0x21, 0x28, 0x42, 0x6D, 0x6B, 0xEF, 0x7B, 0x6D, 0x6B, 0xC7, 0x39,
    0xEB, 0x5A, 0x96, 0xB5, 0x49, 0x4A, 0x8E, 0x73, 0x10, 0x84, 0x28, 0x42, 0xC7, 0x39, 0x34, 0xA5,
    0x4D, 0x6B, 0x6D, 0x6B, 0x10, 0x84, 0x0C, 0x63, 0xA6, 0x31, 0x8E, 0x73, 0xB6, 0xB5, 0x2C, 0x63,
    0xCF, 0x7B, 0xAE, 0x73, 0x08, 0x42, 0x69, 0x4A, 0x96, 0xB5, 0xC3, 0x18, 0x6D, 0x6B, 0x10, 0x84,
    0xAA, 0x52, 0xC7, 0x39, 0x71, 0x8C, 0xD3, 0x9C, 0x6D, 0x6B, 0xEF, 0x7B, 0x6D, 0x6B, 0xC7, 0x39,
    0xEB, 0x5A, 0x96, 0xB5, 0x49, 0x4A, 0x8E, 0x73, 0x10, 0x84, 0x28, 0x42, 0xC7, 0x39, 0x34, 0xA5,
    0x4D, 0x6B, 0x6D, 0x6B, 0x10, 0x84, 0x0C, 0x63, 0xA6, 0x31, 0x8E, 0x73, 0xB6, 0xB5, 0x2C, 0x63,
    0xCF, 0x7B, 0xAE, 0x73, 0x08, 0x42, 0x2B, 0x69, 0x4A, 0x96, 0xB5, 0x82, 0x10, 0x2F, 0x21, 0x72,
    0x29, 0x6A, 0x10, 0x08, 0x00, 0x17, 0x42, 0x72, 0x31, 0x69, 0x10, 0x8A, 0x52, 0xCB, 0x5A, 0xB2,
    0x94, 0x96, 0xB5, 0x2C, 0x63, 0xE7, 0x39, 0x92, 0x94, 0x45, 0x29, 0xEB, 0x5A, 0x96, 0xB5, 0x92,
    0x94, 0xE7, 0x39, 0x6D, 0x6B, 0x10, 0x84, 0xEB, 0x5A, 0x34, 0xA5, 0x96, 0xB5, 0x28, 0x42, 0x08,
    0x42, 0xF3, 0x9C, 0x28, 0x42, 0x70, 0x6B, 0x7A, 0x64, 0x6B, 0x4F, 0x8B, 0x36, 0x2A, 0x4F, 0xA7,
    0x3E, 0xE8, 0x46, 0x09, 0x67, 0x6A, 0x6F, 0x87, 0x66, 0xC8, 0x4E, 0x4A, 0x57, 0xE8, 0x46, 0x81,
    0xE8, 0x47, 0x17, 0x67, 0x3F, 0xA7, 0x3C, 0x92, 0x94, 0x45, 0x29, 0xEB, 0x5A, 0x96, 0xB5, 0x92,
    0x94, 0xE7, 0x39, 0x6D, 0x6B, 0x10, 0x84, 0xEB, 0x5A, 0x34, 0xA5, 0x96, 0xB5, 0x28, 0x42, 0x08,
    0x42, 0xF3, 0x9C, 0x28, 0x42, 0xEF, 0x7B, 0x96, 0xB5, 0xEF, 0x7B, 0xC7, 0x39, 0x10, 0x84, 0x69,
    0x4A, 0xCE, 0x39, 0x81, 0x0F, 0x21, 0x0E, 0x28, 0x42, 0xEB, 0x5A, 0x14, 0xA5, 0xB6, 0xB5, 0x8A,
    0x52, 0x08, 0x42, 0xD3, 0x9C, 0xE7, 0x39, 0xAE, 0x73, 0x96, 0xB5, 0x30, 0x84, 0xC7, 0x39, 0xEF,
    0x7B, 0x0C, 0x63, 0xCB, 0x5A, 0x81, 0x55, 0xAD, 0x1D, 0xE7, 0x39, 0x49, 0x4A, 0x34, 0xA5, 0xAA,
    0x52, 0x92, 0x94, 0x96, 0xB5, 0x8E, 0x73, 0xE7, 0x39, 0x71, 0x8C, 0xA2, 0x10, 0xCB, 0x5A, 0x75,
    0xAD, 0xD3, 0x9C, 0xE7, 0x39, 0x2C, 0x63, 0x71, 0x8C, 0xEB, 0x5A, 0x14, 0xA5, 0xB6, 0xB5, 0x8A,
    0x52, 0x08, 0x42, 0xD3, 0x9C, 0xE7, 0x39, 0xAE, 0x73, 0x96, 0xB5, 0x30, 0x84, 0xC7, 0x39, 0xEF,
    0x7B, 0x0C, 0x63, 0xCB, 0x5A, 0x81, 0x55, 0xAD, 0x6D, 0xE7, 0x39, 0x49, 0x4A, 0x34, 0xA5, 0xAA,
    0x52, 0x92, 0x94, 0x96, 0xB5, 0x8E, 0x73, 0xE7, 0x39, 0x71, 0x8C, 0x82, 0x10, 0x4F, 0x29, 0x94,
    0x31, 0x69, 0x08, 0x07, 0x00, 0x16, 0x42, 0x52, 0x29, 0x8B, 0x10, 0x8A, 0x52, 0x69, 0x4A, 0x51,
    0x8C, 0xBA, 0xD6, 0x96, 0xB5, 0xAE, 0x73, 0x92, 0x94, 0x04, 0x21, 0x8A, 0x52, 0x59, 0xCE, 0x79,
    0xCE, 0x30, 0x84, 0x10, 0x84, 0x8E, 0x73, 0x69, 0x4A, 0x14, 0xA5, 0xDB, 0xDE, 0x14, 0xA5, 0x8E,
    0x73, 0x92, 0x94, 0xC7, 0x39, 0xEE, 0x5A, 0x18, 0x23, 0xA9, 0x3F, 0xD1, 0x22, 0x6F, 0x7D, 0x67,
    0x3B, 0x08, 0x44, 0xC9, 0x93, 0xC4, 0xAA, 0x84, 0x8A, 0x4C, 0x6C, 0x6F, 0x7D, 0x09, 0x4C, 0xA8,
    0x47, 0xE9, 0x4F, 0xEE, 0x76, 0x2E, 0x74, 0x92, 0x94, 0x04, 0x21, 0x8A, 0x52, 0x59, 0xCE, 0x79,
    0xCE, 0x30, 0x84, 0x10, 0x84, 0x8E, 0x73, 0x69, 0x4A, 0x14, 0xA5, 0xDB, 0xDE, 0x14, 0xA5, 0x8E,
    0x73, 0x92, 0x94, 0xC7, 0x39, 0x8E, 0x73, 0x9A, 0xD6, 0x18, 0xC6, 0xCF, 0x7B, 0x71, 0x8C, 0x08,
    0x42, 0xEF, 0x39, 0x30, 0x29, 0x0F, 0x21, 0x28, 0x42, 0x69, 0x4A, 0xD3, 0x9C, 0xDB, 0xDE, 0x55,
    0xAD, 0x8E, 0x73, 0x92, 0x94, 0xA6, 0x31, 0x4D, 0x6B, 0x79, 0xCE, 0x59, 0xCE, 0xEF, 0x7B, 0x51,
    0x8C, 0xAA, 0x52, 0x69, 0x4A, 0x75, 0xAD, 0xBA, 0xD6, 0xD3, 0x9C, 0x8E, 0x73, 0xB2, 0x94, 0x28,
    0x42, 0x10, 0x84, 0xBA, 0xD6, 0xD7, 0xBD, 0xAE, 0x73, 0x92, 0x94, 0x61, 0x08, 0x49, 0x4A, 0x18,
    0xC6, 0x9A, 0xD6, 0x51, 0x8C, 0x81, 0xEF, 0x7B, 0x21, 0x69, 0x4A, 0xD3, 0x9C, 0xDB, 0xDE, 0x55,
    0xAD, 0x8E, 0x73, 0x92, 0x94, 0xA6, 0x31, 0x4D, 0x6B, 0x79, 0xCE, 0x59, 0xCE, 0xEF, 0x7B, 0x51,
    0x8C, 0xAA, 0x52, 0x69, 0x4A, 0x75, 0xAD, 0xBA, 0xD6, 0xD3, 0x9C, 0x8E, 0x73, 0xB2, 0x94, 0x28,
    0x42, 0x10, 0x84, 0xBA, 0xD6, 0xD7, 0xBD, 0xAE, 0x73, 0x92, 0x94, 0x82, 0x10, 0x70, 0x31, 0xD5,
    0x39, 0x49, 0x08, 0x07, 0x00, 0xF5, 0x41, 0x51, 0x29, 0x8C, 0x10, 0x8A, 0x52, 0x81, 0x08, 0x42,
    0x1B, 0x51, 0x8C, 0xB2, 0x94, 0xCF, 0x7B, 0x10, 0x84, 0xC3, 0x18, 0xC7, 0x39, 0x2C, 0x63, 0xF3,
    0x9C, 0x30, 0x84, 0xEF, 0x7B, 0x0C, 0x63, 0x08, 0x42, 0x49, 0x4A, 0xB2, 0x94, 0x92, 0x94, 0xCF,
    0x7B, 0x10, 0x84, 0x86, 0x31, 0xE7, 0x39, 0x2C, 0x5C, 0xA8, 0x47, 0x50, 0x6B, 0x30, 0x84, 0xC7,
    0x39, 0xE7, 0x39, 0xAA, 0x5A, 0x29, 0x82, 0xAC, 0x7A, 0x81, 0xCF, 0x7B, 0x5F, 0x08, 0x42, 0xC7,
    0x3D, 0xD0, 0x84, 0xB2, 0x94, 0xCF, 0x7B, 0x10, 0x84, 0xC3, 0x18, 0xC7, 0x39, 0x2C, 0x63, 0xF3,
    0x9C, 0x30, 0x84, 0xEF, 0x7B, 0x0C, 0x63, 0x08, 0x42, 0x49, 0x4A, 0xB2, 0x94, 0x92, 0x94, 0xCF,
    0x7B, 0x10, 0x84, 0x86, 0x31, 0xE7, 0x39, 0xCF, 0x7B, 0xF3, 0x9C, 0xEF, 0x7B, 0x30, 0x84, 0xC7,
    0x39, 0xF0, 0x41, 0x30, 0x29, 0x2F, 0x21, 0x28, 0x42, 0x08, 0x42, 0x28, 0x42, 0x92, 0x94, 0xB2,
    0x94, 0xCF, 0x7B, 0x10, 0x84, 0x45, 0x29, 0xE7, 0x39, 0x8E, 0x73, 0xF3, 0x9C, 0xEF, 0x7B, 0x10,
    0x84, 0x49, 0x4A, 0xE7, 0x39, 0xAA, 0x52, 0xD3, 0x9C, 0x71, 0x8C, 0xCF, 0x7B, 0xEF, 0x7B, 0xC7,
    0x39, 0x08, 0x42, 0x30, 0x84, 0xD3, 0x9C, 0xCF, 0x7B, 0x10, 0x84, 0x41, 0x08, 0xC7, 0x39, 0x0C,
    0x63, 0xD3, 0x9C, 0x30, 0x84, 0xEF, 0x7B, 0x4D, 0x6B, 0x08, 0x42, 0x28, 0x42, 0x92, 0x94, 0xB2,
    0x94, 0xCF, 0x7B, 0x10, 0x84, 0x45, 0x29, 0xE7, 0x39, 0x8E, 0x73, 0xF3, 0x9C, 0xEF, 0x7B, 0x10,
    0x84, 0x49, 0x4A, 0xE7, 0x39, 0xAA, 0x52, 0xD3, 0x9C, 0x71, 0x8C, 0xCF, 0x7B, 0xEF, 0x7B, 0xC7,
    0x39, 0x08, 0x42, 0x30, 0x84, 0xD3, 0x9C, 0xCF, 0x7B, 0x10, 0x84, 0x82, 0x10, 0xB1, 0x31, 0x17,
    0x42, 0x29, 0x08, 0x09, 0x00, 0xD5, 0x39, 0x30, 0x29, 0xAD, 0x18, 0x8A, 0x52, 0x81, 0x08, 0x42,
    0x0A, 0x69, 0x4A, 0xCB, 0x5A, 0x6D, 0x6B, 0xEF, 0x7B, 0xC3, 0x18, 0xE7, 0x39, 0x49, 0x4A, 0xAA,
    0x52, 0x2C, 0x63, 0xAE, 0x73, 0xEB, 0x5A, 0x81, 0x08, 0x42, 0x10, 0x69, 0x4A, 0xEB, 0x5A, 0x6D,
    0x6B, 0xEF, 0x7B, 0x86, 0x31, 0xE7, 0x39, 0xE9, 0x4B, 0xA8, 0x47, 0x4D, 0x6B, 0xEF, 0x7B, 0xA6,
    0x31, 0xE7, 0x39, 0x28, 0x42, 0x8A, 0x52, 0x0C, 0x63, 0x8E, 0x73, 0xCF, 0x7B, 0x81, 0x08, 0x42,
    0x0A, 0x69, 0x4A, 0xCB, 0x5A, 0x6D, 0x6B, 0xEF, 0x7B, 0xC3, 0x18, 0xE7, 0x39, 0x49, 0x4A, 0xAA,
    0x52, 0x2C, 0x63, 0xAE, 0x73, 0xEB, 0x5A, 0x81, 0x08, 0x42, 0x0E, 0x69, 0x4A, 0xEB, 0x5A, 0x6D,
    0x6B, 0xEF, 0x7B, 0x86, 0x31, 0xE7, 0x39, 0x49, 0x4A, 0xCB, 0x5A, 0x4D, 0x6B, 0xEF, 0x7B, 0xA6,
    0x31, 0x10, 0x42, 0x50, 0x29, 0x2F, 0x29, 0x28, 0x42, 0x81, 0x08, 0x42, 0x10, 0x69, 0x4A, 0xEB,
    0x5A, 0x6D, 0x6B, 0xEF, 0x7B, 0x45, 0x29, 0xE7, 0x39, 0x49, 0x4A, 0xCB, 0x5A, 0x4D, 0x6B, 0xCF,
    0x7B, 0x28, 0x42, 0xE7, 0x39, 0x28, 0x42, 0x8A, 0x52, 0xEB, 0x5A, 0x8E, 0x73, 0xEF, 0x7B, 0x81,
    0xE7, 0x39, 0x0A, 0x69, 0x4A, 0xCB, 0x5A, 0x4D, 0x6B, 0xEF, 0x7B, 0x41, 0x08, 0xE7, 0x39, 0x49,
    0x4A, 0xAA, 0x52, 0x2C, 0x63, 0xAE, 0x73, 0x4D, 0x6B, 0x81, 0x08, 0x42, 0x10, 0x69, 0x4A, 0xEB,
    0x5A, 0x6D, 0x6B, 0xEF, 0x7B, 0x45, 0x29, 0xE7, 0x39, 0x49, 0x4A, 0xCB, 0x5A, 0x4D, 0x6B, 0xCF,
    0x7B, 0x28, 0x42, 0xE7, 0x39, 0x28, 0x42, 0x8A, 0x52, 0xEB, 0x5A, 0x8E, 0x73, 0xEF, 0x7B, 0x81,
    0xE7, 0x39, 0x0C, 0x69, 0x4A, 0xCB, 0x5A, 0x4D, 0x6B, 0xEF, 0x7B, 0x82, 0x10, 0xD2, 0x39, 0x38,
    0x4A, 0x08, 0x00, 0x0A, 0x00, 0xF6, 0x41, 0x31, 0x29, 0xAE, 0x18, 0x8A, 0x52, 0x81, 0xCF, 0x7B,
    0x1B, 0x92, 0x94, 0x14, 0xA5, 0x96, 0xB5, 0xB6, 0xB5, 0xA6, 0x31, 0xAE, 0x73, 0x30, 0x84, 0xF3,
    0x9C, 0x55, 0xAD, 0xB6, 0xB5, 0x51, 0x8C, 0xCF, 0x7B, 0xEF, 0x7B, 0xB2, 0x94, 0x14, 0xA5, 0x96,
    0xB5, 0xB6, 0xB5, 0xEB, 0x5A, 0xAE, 0x73, 0x2F, 0x7D, 0xC9, 0x4F, 0x75, 0xAD, 0xB6, 0xB5, 0x8A,
    0x52, 0xAE, 0x73, 0x10, 0x84, 0xD3, 0x9C, 0x34, 0xA5, 0x81, 0x96, 0xB5, 0x81, 0xCF, 0x7B, 0x66,
    0x92, 0x94, 0x14, 0xA5, 0x96, 0xB5, 0xB6, 0xB5, 0xA6, 0x31, 0xAE, 0x73, 0x30, 0x84, 0xF3, 0x9C,
    0x55, 0xAD, 0xB6, 0xB5, 0x51, 0x8C, 0xCF, 0x7B, 0xEF, 0x7B, 0xB2, 0x94, 0x14, 0xA5, 0x96, 0xB5,
    0xB6, 0xB5, 0xEB, 0x5A, 0xAE, 0x73, 0x71, 0x8C, 0x14, 0xA5, 0x75, 0xAD, 0xB6, 0xB5, 0x8A, 0x52,
    0x11, 0x42, 0x50, 0x29, 0x2F, 0x29, 0x28, 0x42, 0xCF, 0x7B, 0xEF, 0x7B, 0x92, 0x94, 0x14, 0xA5,
    0x96, 0xB5, 0xB6, 0xB5, 0xAA, 0x52, 0xAE, 0x73, 0x51, 0x8C, 0x14, 0xA5, 0x75, 0xAD, 0xB6, 0xB5,
    0x4D, 0x6B, 0xAE, 0x73, 0x10, 0x84, 0xB2, 0x94, 0x34, 0xA5, 0x96, 0xB5, 0xB6, 0xB5, 0x8E, 0x73,
    0xCF, 0x7B, 0x71, 0x8C, 0x14, 0xA5, 0x75, 0xAD, 0xB6, 0xB5, 0xE3, 0x18, 0xAE, 0x73, 0x30, 0x84,
    0xF3, 0x9C, 0x55, 0xAD, 0x96, 0xB5, 0xD3, 0x9C, 0xCF, 0x7B, 0xEF, 0x7B, 0x92, 0x94, 0x14, 0xA5,
    0x96, 0xB5, 0xB6, 0xB5, 0xAA, 0x52, 0xAE, 0x73, 0x51, 0x8C, 0x14, 0xA5, 0x75, 0xAD, 0xB6, 0xB5,
    0x4D, 0x6B, 0xAE, 0x73, 0x10, 0x84, 0xB2, 0x94, 0x34, 0xA5, 0x96, 0xB5, 0xB6, 0xB5, 0x8E, 0x73,
    0xCF, 0x7B, 0x71, 0x8C, 0x14, 0xA5, 0x75, 0xAD, 0xB6, 0xB5, 0x82, 0x10, 0xD2, 0x39, 0x59, 0x4A,
    0x06, 0x00, 0x09, 0x00, 0x36, 0x4A, 0x72, 0x31, 0xAD, 0x18, 0x8A, 0x52, 0x8E, 0x73, 0xCF, 0x7B,
    0xAE, 0x73, 0xAA, 0x52, 0xEF, 0x7B, 0xF7, 0xBD, 0xA6, 0x31, 0xAE, 0x73, 0x10, 0x84, 0x81, 0xEB,
    0x5A, 0x1D, 0x75, 0xAD, 0x71, 0x8C, 0xAE, 0x73, 0xEF, 0x7B, 0x6D, 0x6B, 0x8A, 0x52, 0x71, 0x8C,
    0xD7, 0xBD, 0xCB, 0x5A, 0xCF, 0x7B, 0xCE, 0x74, 0xA8, 0x47, 0x2C, 0x63, 0xF7, 0xBD, 0xAA, 0x52,
    0xAE, 0x73, 0xEF, 0x7B, 0x0C, 0x7B, 0xAA, 0x62, 0xF3, 0x9C, 0x96, 0xB5, 0x8E, 0x73, 0xCF, 0x7B,
    0xAE, 0x73, 0xAA, 0x52, 0xEF, 0x7B, 0xF7, 0xBD, 0xA6, 0x31, 0xAE, 0x73, 0x10, 0x84, 0x81, 0xEB,
    0x5A, 0x7F, 0x75, 0xAD, 0x71, 0x8C, 0xAE, 0x73, 0xEF, 0x7B, 0x6D, 0x6B, 0x8A, 0x52, 0x71, 0x8C,
    0xD7, 0xBD, 0xCB, 0x5A, 0xCF, 0x7B, 0xEF, 0x7B, 0xAA, 0x52, 0x2C, 0x63, 0xF7, 0xBD, 0xAA, 0x52,
    0x10, 0x42, 0x70, 0x29, 0x4F, 0x29, 0x28, 0x42, 0xAE, 0x73, 0xEF, 0x7B, 0x8E, 0x73, 0x8A, 0x52,
    0x30, 0x84, 0xD7, 0xBD, 0x8A, 0x52, 0xAE, 0x73, 0xEF, 0x7B, 0xAA, 0x52, 0x0C, 0x63, 0xD7, 0xBD,
    0x4D, 0x6B, 0xAE, 0x73, 0xEF, 0x7B, 0x4D, 0x6B, 0xAA, 0x52, 0xD3, 0x9C, 0xD7, 0xBD, 0x4D, 0x6B,
    0xCF, 0x7B, 0xAE, 0x73, 0xAA, 0x52, 0xAE, 0x73, 0xF7, 0xBD, 0xE3, 0x18, 0xAE, 0x73, 0x10, 0x84,
    0xCB, 0x7A, 0xCB, 0x62, 0x55, 0xAD, 0xD3, 0x9C, 0xAE, 0x73, 0xEF, 0x7B, 0x8E, 0x73, 0x8A, 0x52,
    0x30, 0x84, 0xD7, 0xBD, 0x8A, 0x52, 0xAE, 0x73, 0xEF, 0x7B, 0xAA, 0x52, 0x0C, 0x63, 0xD7, 0xBD,
    0x4D, 0x6B, 0xAE, 0x73, 0xEF, 0x7B, 0x4D, 0x6B, 0xAA, 0x52, 0xD3, 0x9C, 0xD7, 0xBD, 0x4D, 0x6B,
    0xCF, 0x7B, 0xAE, 0x73, 0xAA, 0x52, 0xAE, 0x73, 0xF7, 0xBD, 0x82, 0x10, 0xD2, 0x39, 0x38, 0x4A,
    0x27, 0x08, 0x07, 0x00, 0x77, 0x52, 0x93, 0x31, 0xAB, 0x10, 0x8A, 0x52, 0x0C, 0x63, 0x71, 0x8C,
    0xB2, 0x94, 0xE7, 0x39, 0xA6, 0x31, 0xD3, 0x9C, 0x45, 0x29, 0x0C, 0x63, 0xF3, 0x9C, 0x0C, 0x63,
    0x45, 0x29, 0xAE, 0x73, 0x30, 0x84, 0x0C, 0x63, 0xB2, 0x94, 0x71, 0x8C, 0x24, 0x21, 0xE7, 0x39,
    0x34, 0xA5, 0x69, 0x4A, 0x8E, 0x7B, 0xCB, 0xCC, 0x87, 0x57, 0x42, 0xA0, 0x71, 0x8C, 0x69, 0x4A,
    0xEB, 0x5A, 0xAE, 0xC3, 0xB1, 0xF4, 0x63, 0xD0, 0x6A, 0x62, 0x34, 0xA5, 0x0C, 0x63, 0x71, 0x8C,
    0xB2, 0x94, 0xE7, 0x39, 0xA6, 0x31, 0xD3, 0x9C, 0x45, 0x29, 0x0C, 0x63, 0xF3, 0x9C, 0x0C, 0x63,
    0x45, 0x29, 0x53, 0xAE, 0x73, 0x30, 0x84, 0x0C, 0x63, 0xB2, 0x94, 0x71, 0x8C, 0x24, 0x21, 0xE7,
    0x39, 0x34, 0xA5, 0x69, 0x4A, 0xCF, 0x7B, 0xD3, 0x9C, 0x69, 0x4A, 0x65, 0x29, 0x71, 0x8C, 0x69,
    0x4A, 0x10, 0x42, 0x70, 0x29, 0x50, 0x29, 0x28, 0x42, 0x0C, 0x63, 0xB2, 0x94, 0x92, 0x94, 0x86,
    0x31, 0xE7, 0x39, 0x14, 0xA5, 0x08, 0x42, 0x8E, 0x73, 0xF3, 0x9C, 0x8A, 0x52, 0x45, 0x29, 0x30,
    0x84, 0x2C, 0x63, 0x0C, 0x63, 0xD3, 0x9C, 0x10, 0x84, 0x24, 0x21, 0x49, 0x4A, 0x55, 0xAD, 0xCB,
    0x5A, 0x30, 0x84, 0xB2, 0x94, 0x08, 0x42, 0xA6, 0x31, 0xB2, 0x94, 0xA2, 0x10, 0xEB, 0x5A, 0x6C,
    0xD3, 0x30, 0xF4, 0x42, 0xC0, 0x4D, 0x73, 0x92, 0x94, 0x0C, 0x63, 0xB2, 0x94, 0x92, 0x94, 0x86,
    0x31, 0xE7, 0x39, 0x14, 0xA5, 0x08, 0x42, 0x8E, 0x73, 0xF3, 0x9C, 0x8A, 0x52, 0x45, 0x29, 0x30,
    0x84, 0x2C, 0x63, 0x0C, 0x63, 0xD3, 0x9C, 0x10, 0x84, 0x24, 0x21, 0x49, 0x4A, 0x55, 0xAD, 0xCB,
    0x5A, 0x30, 0x84, 0xB2, 0x94, 0x08, 0x42, 0xA6, 0x31, 0xB2, 0x94, 0x82, 0x10, 0xB2, 0x39, 0x38,
    0x42, 0x69, 0x08, 0x07, 0x00, 0xB7, 0x5A, 0xD4, 0x39, 0x8A, 0x10, 0x81, 0x8A, 0x52, 0x06, 0xD3,
    0x9C, 0xBA, 0xD6, 0x14, 0xA5, 0xEB, 0x5A, 0x92, 0x94, 0x24, 0x21, 0xCB, 0x5A, 0x81, 0x38, 0xC6,
    0x00, 0x6D, 0x6B, 0x81, 0xCF, 0x7B, 0x1A, 0xAA, 0x52, 0x75, 0xAD, 0xBA, 0xD6, 0x51, 0x8C, 0xEB,
    0x5A, 0xD3, 0x9C, 0x08, 0x42, 0x0C, 0x83, 0x86, 0xCB, 0x87, 0x4F, 0x43, 0xA0, 0x30, 0x8C, 0x28,
    0x42, 0x8A, 0x52, 0xAA, 0xD2, 0x8A, 0xF2, 0x22, 0xC8, 0x4B, 0x7A, 0xD3, 0x9C, 0x8A, 0x52, 0xD3,
    0x9C, 0xBA, 0xD6, 0x14, 0xA5, 0xEB, 0x5A, 0x92, 0x94, 0x24, 0x21, 0xCB, 0x5A, 0x81, 0x38, 0xC6,
    0x00, 0x6D, 0x6B, 0x81, 0xCF, 0x7B, 0x7F, 0xAA, 0x52, 0x75, 0xAD, 0xBA, 0xD6, 0x51, 0x8C, 0xEB,
    0x5A, 0xD3, 0x9C, 0x08, 0x42, 0xEF, 0x7B, 0x79, 0xCE, 0xD7, 0xBD, 0x0C, 0x63, 0x51, 0x8C, 0x28,
    0x42, 0xF0, 0x41, 0x71, 0x31, 0x71, 0x29, 0x28, 0x42, 0xAA, 0x52, 0x34, 0xA5, 0xDB, 0xDE, 0x92,
    0x94, 0xEB, 0x5A, 0xB2, 0x94, 0xC7, 0x39, 0xAE, 0x73, 0x79, 0xCE, 0xF7, 0xBD, 0x2C, 0x63, 0x10,
    0x84, 0xEB, 0x5A, 0xAA, 0x52, 0xB6, 0xB5, 0x9A, 0xD6, 0xEF, 0x7B, 0xEB, 0x5A, 0xF3, 0x9C, 0x69,
    0x4A, 0x92, 0x94, 0x9A, 0xD6, 0x55, 0xAD, 0xEB, 0x5A, 0x71, 0x8C, 0x82, 0x10, 0x8A, 0x52, 0xE8,
    0xD9, 0x69, 0xEA, 0x22, 0xB8, 0x2D, 0x7B, 0x30, 0x84, 0xAA, 0x52, 0x34, 0xA5, 0xDB, 0xDE, 0x92,
    0x94, 0xEB, 0x5A, 0xB2, 0x94, 0xC7, 0x39, 0xAE, 0x73, 0x79, 0xCE, 0xF7, 0xBD, 0x2C, 0x63, 0x10,
    0x84, 0xEB, 0x5A, 0xAA, 0x52, 0xB6, 0xB5, 0x9A, 0xD6, 0xEF, 0x7B, 0xEB, 0x5A, 0xF3, 0x9C, 0x69,
    0x4A, 0x92, 0x94, 0x9A, 0xD6, 0x55, 0xAD, 0xEB, 0x5A, 0x71, 0x8C, 0x82, 0x10, 0xB1, 0x31, 0x17,
    0x42, 0x8A, 0x10, 0x08, 0x00, 0xF8, 0x62, 0x16, 0x42, 0x8A, 0x10, 0x8A, 0x52, 0x28, 0x42, 0xCB,
    0x5A, 0xB6, 0xB5, 0x55, 0xAD, 0x10, 0x84, 0x51, 0x8C, 0xE3, 0x18, 0x08, 0x42, 0xF3, 0x9C, 0xB6,
    0xB5, 0x92, 0x94, 0x30, 0x84, 0x2C, 0x63, 0x28, 0x42, 0x6D, 0x6B, 0xF7, 0xBD, 0x34, 0xA5, 0xEF,
    0x7B, 0x51, 0x8C, 0xA6, 0x31, 0x69, 0x4A, 0xA9, 0x8B, 0x88, 0x47, 0x6C, 0x7A, 0x51, 0x8C, 0xE7,
    0x39, 0x08, 0x42, 0xAB, 0x82, 0x46, 0xA1, 0xC9, 0x89, 0xCF, 0x83, 0x10, 0x84, 0x28, 0x42, 0xCB,
    0x5A, 0xB6, 0xB5, 0x55, 0xAD, 0x10, 0x84, 0x51, 0x8C, 0xE3, 0x18, 0x08, 0x42, 0xF3, 0x9C, 0xB6,
    0xB5, 0x92, 0x94, 0x30, 0x84, 0x2C, 0x63, 0x0D, 0x28, 0x42, 0x6D, 0x6B, 0xF7, 0xBD, 0x34, 0xA5,
    0xEF, 0x7B, 0x51, 0x8C, 0xA6, 0x31, 0x69, 0x4A, 0x55, 0xAD, 0x96, 0xB5, 0x30, 0x84, 0x51, 0x8C,
    0xE7, 0x39, 0xEE, 0x39, 0x81, 0x71, 0x31, 0x81, 0x28, 0x42, 0x08, 0x2C, 0x63, 0xF7, 0xBD, 0x34,
    0xA5, 0xEF, 0x7B, 0x51, 0x8C, 0x65, 0x29, 0x49, 0x4A, 0x34, 0xA5, 0xB6, 0xB5, 0x81, 0x51, 0x8C,
    0x1D, 0x69, 0x4A, 0x08, 0x42, 0x10, 0x84, 0xD7, 0xBD, 0xF3, 0x9C, 0xEF, 0x7B, 0x30, 0x84, 0x08,
    0x42, 0xAA, 0x52, 0x96, 0xB5, 0x75, 0xAD, 0x10, 0x84, 0x51, 0x8C, 0x61, 0x08, 0xE7, 0x39, 0x8A,
    0x8A, 0x46, 0xA1, 0x0A, 0x82, 0xF0, 0x83, 0x8E, 0x73, 0x28, 0x42, 0x2C, 0x63, 0xF7, 0xBD, 0x34,
    0xA5, 0xEF, 0x7B, 0x51, 0x8C, 0x65, 0x29, 0x49, 0x4A, 0x34, 0xA5, 0xB6, 0xB5, 0x81, 0x51, 0x8C,
    0x15, 0x69, 0x4A, 0x08, 0x42, 0x10, 0x84, 0xD7, 0xBD, 0xF3, 0x9C, 0xEF, 0x7B, 0x30, 0x84, 0x08,
    0x42, 0xAA, 0x52, 0x96, 0xB5, 0x75, 0xAD, 0x10, 0x84, 0x51, 0x8C, 0x82, 0x10, 0x8F, 0x31, 0xF5,
    0x41, 0xAA, 0x10, 0x07, 0x00, 0x38, 0x63, 0x37, 0x4A, 0x69, 0x08, 0x8A, 0x52, 0x81, 0xE7, 0x39,
    0x0A, 0x49, 0x4A, 0xCB, 0x5A, 0x6D, 0x6B, 0xEF, 0x7B, 0xC3, 0x18, 0xC7, 0x39, 0x28, 0x42, 0xCB,
    0x5A, 0x2C, 0x63, 0xCF, 0x7B, 0xEB, 0x5A, 0x81, 0xE7, 0x39, 0x0E, 0x69, 0x4A, 0xCB, 0x5A, 0x8E,
    0x73, 0xCF, 0x7B, 0x86, 0x31, 0xC7, 0x39, 0xC8, 0x43, 0xA8, 0x47, 0x4D, 0x6B, 0xEF, 0x7B, 0xA6,
    0x31, 0xC7, 0x39, 0x08, 0x42, 0x8A, 0x52, 0xEB, 0x5A, 0x81, 0xAE, 0x73, 0x81, 0xE7, 0x39, 0x0A,
    0x49, 0x4A, 0xCB, 0x5A, 0x6D, 0x6B, 0xEF, 0x7B, 0xC3, 0x18, 0xC7, 0x39, 0x28, 0x42, 0xCB, 0x5A,
    0x2C, 0x63, 0xCF, 0x7B, 0xEB, 0x5A, 0x81, 0xE7, 0x39, 0x0E, 0x69, 0x4A, 0xCB, 0x5A, 0x8E, 0x73,
    0xCF, 0x7B, 0x86, 0x31, 0xC7, 0x39, 0x28, 0x42, 0xCB, 0x5A, 0x4D, 0x6B, 0xEF, 0x7B, 0xA6, 0x31,
    0xCE, 0x39, 0x70, 0x31, 0x91, 0x31, 0x28, 0x42, 0x81, 0xE7, 0x39, 0x1D, 0x69, 0x4A, 0xCB, 0x5A,
    0x6D, 0x6B, 0xCF, 0x7B, 0x45, 0x29, 0xC7, 0x39, 0x28, 0x42, 0xCB, 0x5A, 0x2C, 0x63, 0xCF, 0x7B,
    0x28, 0x42, 0xC7, 0x39, 0x08, 0x42, 0x8A, 0x52, 0xEB, 0x5A, 0x8E, 0x73, 0xCF, 0x7B, 0xC7, 0x39,
    0xE7, 0x39, 0x49, 0x4A, 0xCB, 0x5A, 0x4D, 0x6B, 0xEF, 0x7B, 0x41, 0x08, 0xC7, 0x39, 0x08, 0x42,
    0xAA, 0x52, 0x0C, 0x63, 0xAE, 0x73, 0x2C, 0x63, 0x81, 0xE7, 0x39, 0x5D, 0x69, 0x4A, 0xCB, 0x5A,
    0x6D, 0x6B, 0xCF, 0x7B, 0x45, 0x29, 0xC7, 0x39, 0x28, 0x42, 0xCB, 0x5A, 0x2C, 0x63, 0xCF, 0x7B,
    0x28, 0x42, 0xC7, 0x39, 0x08, 0x42, 0x8A, 0x52, 0xEB, 0x5A, 0x8E, 0x73, 0xCF, 0x7B, 0xC7, 0x39,
    0xE7, 0x39, 0x49, 0x4A, 0xCB, 0x5A, 0x4D, 0x6B, 0xEF, 0x7B, 0x82, 0x10, 0x4F, 0x29, 0xD3, 0x39,
    0xCC, 0x18, 0x08, 0x00, 0x79, 0x6B, 0x78, 0x4A, 0x47, 0x08, 0x8A, 0x52, 0xA6, 0x31, 0xC7, 0x39,
    0x08, 0x42, 0x69, 0x4A, 0x8A, 0x52, 0xAA, 0x52, 0xA2, 0x10, 0xA6, 0x31, 0xE7, 0x39, 0x49, 0x4A,
    0x8A, 0x52, 0xAA, 0x52, 0x08, 0x42, 0xA6, 0x31, 0xC7, 0x39, 0x28, 0x42, 0x69, 0x4A, 0x8A, 0x52,
    0xAA, 0x52, 0x45, 0x29, 0x85, 0x2A, 0x05, 0x2C, 0x87, 0x3F, 0x45, 0x2B, 0xE9, 0x4A, 0x24, 0x21,
    0xA6, 0x31, 0xE7, 0x39, 0x28, 0x42, 0x69, 0x4A, 0xAA, 0x52, 0x8A, 0x52, 0xA6, 0x31, 0xC7, 0x39,
    0x08, 0x42, 0x69, 0x4A, 0x8A, 0x52, 0xAA, 0x52, 0xA2, 0x10, 0xA6, 0x31, 0xE7, 0x39, 0x49, 0x4A,
    0x8A, 0x52, 0xAA, 0x52, 0x08, 0x42, 0xA6, 0x31, 0xC7, 0x39, 0x28, 0x42, 0x69, 0x4A, 0x8A, 0x52,
    0xAA, 0x52, 0x45, 0x29, 0xA6, 0x31, 0x08, 0x42, 0x49, 0x4A, 0x8A, 0x52, 0xAA, 0x52, 0x24, 0x21,
    0xAE, 0x31, 0x71, 0x31, 0x92, 0x31, 0x28, 0x42, 0x81, 0xC7, 0x39, 0x0E, 0x28, 0x42, 0x69, 0x4A,
    0x8A, 0x52, 0xAA, 0x52, 0x24, 0x21, 0xA6, 0x31, 0x08, 0x42, 0x49, 0x4A, 0x8A, 0x52, 0xAA, 0x52,
    0x65, 0x29, 0xA6, 0x31, 0xC7, 0x39, 0x28, 0x42, 0x69, 0x4A, 0x81, 0xAA, 0x52, 0x0C, 0x86, 0x31,
    0xA6, 0x31, 0x08, 0x42, 0x49, 0x4A, 0x8A, 0x52, 0xAA, 0x52, 0x41, 0x08, 0xA6, 0x31, 0xE7, 0x39,
    0x49, 0x4A, 0x8A, 0x52, 0xAA, 0x52, 0x28, 0x42, 0x81, 0xC7, 0x39, 0x0E, 0x28, 0x42, 0x69, 0x4A,
    0x8A, 0x52, 0xAA, 0x52, 0x24, 0x21, 0xA6, 0x31, 0x08, 0x42, 0x49, 0x4A, 0x8A, 0x52, 0xAA, 0x52,
    0x65, 0x29, 0xA6, 0x31, 0xC7, 0x39, 0x28, 0x42, 0x69, 0x4A, 0x81, 0xAA, 0x52, 0x23, 0x86, 0x31,
    0xA6, 0x31, 0x08, 0x42, 0x49, 0x4A, 0x8A, 0x52, 0xAA, 0x52, 0x82, 0x10, 0x2F, 0x21, 0x92, 0x31,
    0xEC, 0x18, 0x07, 0x00, 0x99, 0x7B, 0x9A, 0x52, 0x05, 0x00, 0x8A, 0x52, 0xEF, 0x7B, 0x30, 0x84,
    0x71, 0x8C, 0x10, 0x84, 0x55, 0xAD, 0x18, 0xC6, 0xC7, 0x39, 0xEF, 0x7B, 0x71, 0x8C, 0x10, 0x84,
    0xB2, 0x94, 0x18, 0xC6, 0x92, 0x94, 0xEF, 0x7B, 0x30, 0x84, 0x71, 0x8C, 0x30, 0x84, 0xB6, 0xB5,
    0xF7, 0xBD, 0x0C, 0x63, 0x0C, 0x66, 0x82, 0xE8, 0x47, 0x02, 0x57, 0xBE, 0xAA, 0x52, 0xEF, 0x7B,
    0x81, 0x51, 0x8C, 0x2E, 0x71, 0x8C, 0xF7, 0xBD, 0xB6, 0xB5, 0xEF, 0x7B, 0x30, 0x84, 0x71, 0x8C,
    0x10, 0x84, 0x55, 0xAD, 0x18, 0xC6, 0xC7, 0x39, 0xEF, 0x7B, 0x71, 0x8C, 0x10, 0x84, 0xB2, 0x94,
    0x18, 0xC6, 0x92, 0x94, 0xEF, 0x7B, 0x30, 0x84, 0x71, 0x8C, 0x30, 0x84, 0xB6, 0xB5, 0xF7, 0xBD,
    0x0C, 0x63, 0x10, 0x84, 0x71, 0x8C, 0x10, 0x84, 0xF3, 0x9C, 0x38, 0xC6, 0xAA, 0x52, 0x8B, 0x31,
    0x91, 0x31, 0xB2, 0x39, 0x28, 0x42, 0xEF, 0x7B, 0x30, 0x84, 0x71, 0x8C, 0x10, 0x84, 0x96, 0xB5,
    0x18, 0xC6, 0xAA, 0x52, 0xEF, 0x7B, 0x71, 0x8C, 0x10, 0x84, 0xD3, 0x9C, 0x38, 0xC6, 0x6D, 0x6B,
    0xEF, 0x7B, 0x82, 0x51, 0x8C, 0x81, 0xF7, 0xBD, 0x1A, 0xAE, 0x73, 0x10, 0x84, 0x71, 0x8C, 0x10,
    0x84, 0x34, 0xA5, 0x38, 0xC6, 0xE3, 0x18, 0xEF, 0x7B, 0x71, 0x8C, 0x30, 0x84, 0x92, 0x94, 0x18,
    0xC6, 0xF3, 0x9C, 0xEF, 0x7B, 0x30, 0x84, 0x71, 0x8C, 0x10, 0x84, 0x96, 0xB5, 0x18, 0xC6, 0xAA,
    0x52, 0xEF, 0x7B, 0x71, 0x8C, 0x10, 0x84, 0xD3, 0x9C, 0x38, 0xC6, 0x6D, 0x6B, 0xEF, 0x7B, 0x82,
    0x51, 0x8C, 0x81, 0xF7, 0xBD, 0x58, 0xAE, 0x73, 0x10, 0x84, 0x71, 0x8C, 0x10, 0x84, 0x34, 0xA5,
    0x38, 0xC6, 0x82, 0x10, 0xCB, 0x18, 0x2F, 0x29, 0xED, 0x20, 0x07, 0x00, 0xD9, 0x7B, 0xBA, 0x52,
    0x06, 0x00, 0x8A, 0x52, 0x4D, 0x6B, 0xEF, 0x7B, 0xCF, 0x7B, 0xC7, 0x39, 0xE7, 0x39, 0x55, 0xAD,
    0x65, 0x29, 0x4D, 0x6B, 0x51, 0x8C, 0x8A, 0x52, 0x65, 0x29, 0x30, 0x84, 0x51, 0x8C, 0x4D, 0x6B,
    0x10, 0x84, 0x6D, 0x6B, 0x86, 0x31, 0x69, 0x4A, 0x75, 0xAD, 0x8A, 0x52, 0xED, 0x6B, 0x89, 0x4F,
    0xE8, 0x47, 0x07, 0x3E, 0xF3, 0x9C, 0x8A, 0x52, 0x4D, 0x6B, 0x30, 0x84, 0x0C, 0x63, 0x65, 0x29,
    0x2C, 0x63, 0x75, 0xAD, 0x4D, 0x6B, 0xEF, 0x7B, 0xCF, 0x7B, 0xC7, 0x39, 0xE7, 0x39, 0x55, 0xAD,
    0x65, 0x29, 0x4D, 0x6B, 0x51, 0x8C, 0x8A, 0x52, 0x65, 0x29, 0x30, 0x84, 0x51, 0x8C, 0x4D, 0x6B,
    0x10, 0x84, 0x6D, 0x6B, 0x86, 0x31, 0x69, 0x4A, 0x75, 0xAD, 0x8A, 0x52, 0x8E, 0x73, 0x10, 0x84,
    0x28, 0x42, 0x65, 0x29, 0xF3, 0x9C, 0x8A, 0x52, 0x8B, 0x31, 0x91, 0x31, 0xB2, 0x39, 0x28, 0x42,
    0x4D, 0x6B, 0x10, 0x84, 0x8E, 0x73, 0xA6, 0x31, 0x49, 0x4A, 0x75, 0xAD, 0x49, 0x4A, 0x8E, 0x73,
    0x30, 0x84, 0x28, 0x42, 0x45, 0x29, 0xB2, 0x94, 0x81, 0x4D, 0x6B, 0x1D, 0x30, 0x84, 0x2C, 0x63,
    0x65, 0x29, 0xCB, 0x5A, 0x96, 0xB5, 0x0C, 0x63, 0xCF, 0x7B, 0xEF, 0x7B, 0xE7, 0x39, 0xC7, 0x39,
    0x34, 0xA5, 0xC3, 0x18, 0x2C, 0x63, 0x30, 0x84, 0xAA, 0x52, 0x65, 0x29, 0xEF, 0x7B, 0xD3, 0x9C,
    0x4D, 0x6B, 0x10, 0x84, 0x8E, 0x73, 0xA6, 0x31, 0x49, 0x4A, 0x75, 0xAD, 0x49, 0x4A, 0x8E, 0x73,
    0x30, 0x84, 0x28, 0x42, 0x45, 0x29, 0xB2, 0x94, 0x81, 0x4D, 0x6B, 0x61, 0x30, 0x84, 0x2C, 0x63,
    0x65, 0x29, 0xCB, 0x5A, 0x96, 0xB5, 0x0C, 0x63, 0xCF, 0x7B, 0xEF, 0x7B, 0xE7, 0x39, 0xC7, 0x39,
    0x34, 0xA5, 0x82, 0x10, 0xCC, 0x18, 0x2F, 0x29, 0x0E, 0x21, 0x0A, 0x00, 0xB9, 0x7B, 0x99, 0x52,
    0x48, 0x08, 0x8A, 0x52, 0xCB, 0x5A, 0xF3, 0x9C, 0x18, 0xC6, 0xEF, 0x7B, 0x28, 0x42, 0x71, 0x8C,
    0x24, 0x21, 0x0C, 0x63, 0xD7, 0xBD, 0x75, 0xAD, 0x49, 0x4A, 0x6D, 0x6B, 0xEF, 0x7B, 0xEB, 0x5A,
    0x55, 0xAD, 0x38, 0xC6, 0xCB, 0x5A, 0x28, 0x42, 0xD3, 0x9C, 0x28, 0x42, 0x10, 0x84, 0xB3, 0x9E,
    0xA8, 0x47, 0x88, 0x42, 0x10, 0x84, 0x49, 0x4A, 0xCB, 0x5A, 0x96, 0xB5, 0xD7, 0xBD, 0x69, 0x4A,
    0xAA, 0x52, 0x14, 0xA5, 0xCB, 0x5A, 0xF3, 0x9C, 0x18, 0xC6, 0xEF, 0x7B, 0x28, 0x42, 0x71, 0x8C,
    0x24, 0x21, 0x0C, 0x63, 0xD7, 0xBD, 0x75, 0xAD, 0x49, 0x4A, 0x6D, 0x6B, 0xEF, 0x7B, 0xEB, 0x5A,
    0x55, 0xAD, 0x38, 0xC6, 0xCB, 0x5A, 0x28, 0x42, 0xD3, 0x9C, 0x28, 0x42, 0x10, 0x84, 0xF7, 0xBD,
    0xD3, 0x9C, 0x28, 0x42, 0x10, 0x84, 0x49, 0x4A, 0xAE, 0x39, 0xB1, 0x31, 0xD2, 0x39, 0x28, 0x42,
    0xEB, 0x5A, 0x55, 0xAD, 0x38, 0xC6, 0x4D, 0x6B, 0x28, 0x42, 0xB2, 0x94, 0xE7, 0x39, 0xCF, 0x7B,
    0xF7, 0xBD, 0x14, 0xA5, 0x28, 0x42, 0xCF, 0x7B, 0x0C, 0x63, 0xCB, 0x5A, 0x96, 0xB5, 0xF7, 0xBD,
    0x81, 0x69, 0x4A, 0x1D, 0x14, 0xA5, 0xAA, 0x52, 0xB2, 0x94, 0x18, 0xC6, 0x51, 0x8C, 0x28, 0x42,
    0x51, 0x8C, 0xA2, 0x10, 0xCB, 0x5A, 0xB6, 0xB5, 0x96, 0xB5, 0x49, 0x4A, 0x2C, 0x63, 0x51, 0x8C,
    0xEB, 0x5A, 0x55, 0xAD, 0x38, 0xC6, 0x4D, 0x6B, 0x28, 0x42, 0xB2, 0x94, 0xE7, 0x39, 0xCF, 0x7B,
    0xF7, 0xBD, 0x14, 0xA5, 0x28, 0x42, 0xCF, 0x7B, 0x0C, 0x63, 0xCB, 0x5A, 0x96, 0xB5, 0xF7, 0xBD,
    0x81, 0x69, 0x4A, 0x7F, 0x14, 0xA5, 0xAA, 0x52, 0xB2, 0x94, 0x18, 0xC6, 0x51, 0x8C, 0x28, 0x42,
    0x51, 0x8C, 0x82, 0x10, 0x30, 0x21, 0xB2, 0x31, 0xED, 0x20, 0x0A, 0x00, 0xB8, 0x73, 0x98, 0x52,
    0x69, 0x10, 0x8A, 0x52, 0x49, 0x4A, 0xCF, 0x7B, 0x9A, 0xD6, 0x96, 0xB5, 0xEF, 0x7B, 0x92, 0x94,
    0xE3, 0x18, 0x49, 0x4A, 0x18, 0xC6, 0x38, 0xC6, 0x71, 0x8C, 0x30, 0x84, 0x6D, 0x6B, 0x49, 0x4A,
    0x92, 0x94, 0xBA, 0xD6, 0x34, 0xA5, 0xCF, 0x7B, 0x92, 0x94, 0xC7, 0x39, 0x2C, 0x63, 0x58, 0xC6,
    0xB1, 0x8E, 0x10, 0x84, 0x71, 0x8C, 0x08, 0x42, 0x28, 0x42, 0x55, 0xAD, 0x79, 0xCE, 0xD3, 0x9C,
    0xEF, 0x7B, 0x71, 0x8C, 0x49, 0x4A, 0xCF, 0x7B, 0x9A, 0xD6, 0x96, 0xB5, 0xEF, 0x7B, 0x92, 0x94,
    0xE3, 0x18, 0x49, 0x4A, 0x18, 0xC6, 0x38, 0xC6, 0x71, 0x8C, 0x30, 0x84, 0x6D, 0x6B, 0x49, 0x4A,
    0x92, 0x94, 0xBA, 0xD6, 0x34, 0xA5, 0xCF, 0x7B, 0x92, 0x94, 0xC7, 0x39, 0x2C, 0x63, 0x59, 0xCE,
    0xF7, 0xBD, 0x10, 0x84, 0x71, 0x8C, 0x08, 0x42, 0xEF, 0x39, 0xB2, 0x39, 0xD2, 0x39, 0x28, 0x42,
    0x69, 0x4A, 0x30, 0x84, 0xBA, 0xD6, 0x55, 0xAD, 0xCF, 0x7B, 0x92, 0x94, 0x86, 0x31, 0xEB, 0x5A,
    0x38, 0xC6, 0x18, 0xC6, 0x30, 0x84, 0x71, 0x8C, 0x8A, 0x52, 0x49, 0x4A, 0x14, 0xA5, 0x9A, 0xD6,
    0xF3, 0x9C, 0xCF, 0x7B, 0x92, 0x94, 0x28, 0x42, 0x8E, 0x73, 0x79, 0xCE, 0xB6, 0xB5, 0xEF, 0x7B,
    0x92, 0x94, 0x61, 0x08, 0x28, 0x42, 0xD7, 0xBD, 0x59, 0xCE, 0x92, 0x94, 0x10, 0x84, 0xCF, 0x7B,
    0x69, 0x4A, 0x30, 0x84, 0xBA, 0xD6, 0x55, 0xAD, 0xCF, 0x7B, 0x92, 0x94, 0x86, 0x31, 0xEB, 0x5A,
    0x38, 0xC6, 0x18, 0xC6, 0x30, 0x84, 0x71, 0x8C, 0x8A, 0x52, 0x49, 0x4A, 0x14, 0xA5, 0x9A, 0xD6,
    0xF3, 0x9C, 0xCF, 0x7B, 0x0F, 0x92, 0x94, 0x28, 0x42, 0x8E, 0x73, 0x79, 0xCE, 0xB6, 0xB5, 0xEF,
    0x7B, 0x92, 0x94, 0x82, 0x10, 0x71, 0x31, 0xF5, 0x41, 0xED, 0x18, 0x07, 0x00, 0x98, 0x73, 0x77,
    0x52, 0xA9, 0x10, 0x8A, 0x52, 0x81, 0xE7, 0x39, 0x1A, 0x8E, 0x73, 0xEF, 0x7B, 0xAE, 0x73, 0xEF,
    0x7B, 0xC3, 0x18, 0xC7, 0x39, 0xAA, 0x52, 0x10, 0x84, 0xAE, 0x73, 0xEF, 0x7B, 0xEB, 0x5A, 0xE7,
    0x39, 0x28, 0x42, 0xCF, 0x7B, 0xEF, 0x7B, 0xAE, 0x73, 0xEF, 0x7B, 0x86, 0x31, 0xC7, 0x39, 0x2C,
    0x63, 0x10, 0x84, 0x8E, 0x73, 0x10, 0x84, 0xA6, 0x31, 0xC7, 0x39, 0x69, 0x4A, 0xEF, 0x7B, 0x81,
    0xCF, 0x7B, 0x00, 0xAE, 0x73, 0x81, 0xE7, 0x39, 0x6A, 0x8E, 0x73, 0xEF, 0x7B, 0xAE, 0x73, 0xEF,
    0x7B, 0xC3, 0x18, 0xC7, 0x39, 0xAA, 0x52, 0x10, 0x84, 0xAE, 0x73, 0xEF, 0x7B, 0xEB, 0x5A, 0xE7,
    0x39, 0x28, 0x42, 0xCF, 0x7B, 0xEF, 0x7B, 0xAE, 0x73, 0xEF, 0x7B, 0x86, 0x31, 0xC7, 0x39, 0x2C,
    0x63, 0x10, 0x84, 0x8E, 0x73, 0x10, 0x84, 0xA6, 0x31, 0x10, 0x42, 0xB3, 0x39, 0xD2, 0x39, 0x28,
    0x42, 0xE7, 0x39, 0x08, 0x42, 0xCF, 0x7B, 0xEF, 0x7B, 0xAE, 0x73, 0xEF, 0x7B, 0x45, 0x29, 0xC7,
    0x39, 0x0C, 0x63, 0x10, 0x84, 0x8E, 0x73, 0xEF, 0x7B, 0x28, 0x42, 0xE7, 0x39, 0x69, 0x4A, 0xEF,
    0x7B, 0xCF, 0x7B, 0xAE, 0x73, 0xCF, 0x7B, 0xC7, 0x39, 0xE7, 0x39, 0x6D, 0x6B, 0x10, 0x84, 0xAE,
    0x73, 0xEF, 0x7B, 0x41, 0x08, 0xC7, 0x39, 0xAA, 0x52, 0x10, 0x84, 0xAE, 0x73, 0xCF, 0x7B, 0x2C,
    0x63, 0xE7, 0x39, 0x08, 0x42, 0xCF, 0x7B, 0xEF, 0x7B, 0xAE, 0x73, 0xEF, 0x7B, 0x45, 0x29, 0xC7,
    0x39, 0x0C, 0x63, 0x10, 0x84, 0x8E, 0x73, 0xEF, 0x7B, 0x28, 0x42, 0xE7, 0x39, 0x69, 0x4A, 0xEF,
    0x7B, 0xCF, 0x7B, 0xAE, 0x73, 0xCF, 0x7B, 0xC7, 0x39, 0xE7, 0x39, 0x6D, 0x6B, 0x10, 0x84, 0xAE,
    0x73, 0xEF, 0x7B, 0x82, 0x10, 0xB1, 0x39, 0x56, 0x4A, 0xCC, 0x18, 0x09, 0x00, 0x78, 0x73, 0x57,
    0x4A, 0xCB, 0x18, 0x8A, 0x52, 0xA6, 0x31, 0x86, 0x31, 0xC7, 0x39, 0x28, 0x42, 0xAA, 0x52, 0x0C,
    0x63, 0x82, 0x10, 0x65, 0x29, 0xC7, 0x39, 0x28, 0x42, 0x69, 0x4A, 0xEB, 0x5A, 0x49, 0x4A, 0x81,
    0x86, 0x31, 0x10, 0xE7, 0x39, 0x49, 0x4A, 0xAA, 0x52, 0x0C, 0x63, 0x24, 0x21, 0x86, 0x31, 0xC7,
    0x39, 0x28, 0x42, 0x8A, 0x52, 0x0C, 0x63, 0x45, 0x29, 0x86, 0x31, 0xA6, 0x31, 0x08, 0x42, 0x69,
    0x4A, 0xCB, 0x5A, 0xEB, 0x5A, 0x81, 0x86, 0x31, 0x0A, 0xC7, 0x39, 0x28, 0x42, 0xAA, 0x52, 0x0C,
    0x63, 0x82, 0x10, 0x65, 0x29, 0xC7, 0x39, 0x28, 0x42, 0x69, 0x4A, 0xEB, 0x5A, 0x49, 0x4A, 0x81,
    0x86, 0x31, 0x0B, 0xE7, 0x39, 0x49, 0x4A, 0xAA, 0x52, 0x0C, 0x63, 0x24, 0x21, 0x86, 0x31, 0xC7,
    0x39, 0x28, 0x42, 0x8A, 0x52, 0x0C, 0x63, 0x49, 0x4A, 0x31, 0x42, 0x81, 0xD3, 0x39, 0x00, 0x8A,
    0x52, 0x81, 0x86, 0x31, 0x1D, 0xE7, 0x39, 0x49, 0x4A, 0xAA, 0x52, 0x0C, 0x63, 0x04, 0x21, 0x65,
    0x29, 0xC7, 0x39, 0x28, 0x42, 0x8A, 0x52, 0x0C, 0x63, 0xA6, 0x31, 0x86, 0x31, 0xA6, 0x31, 0xE7,
    0x39, 0x49, 0x4A, 0xCB, 0x5A, 0x0C, 0x63, 0x65, 0x29, 0x86, 0x31, 0xC7, 0x39, 0x28, 0x42, 0xAA,
    0x52, 0x0C, 0x63, 0x20, 0x00, 0x65, 0x29, 0xC7, 0x39, 0x08, 0x42, 0x69, 0x4A, 0xEB, 0x5A, 0x8A,
    0x52, 0x81, 0x86, 0x31, 0x20, 0xE7, 0x39, 0x49, 0x4A, 0xAA, 0x52, 0x0C, 0x63, 0x04, 0x21, 0x65,
    0x29, 0xC7, 0x39, 0x28, 0x42, 0x8A, 0x52, 0x0C, 0x63, 0xA6, 0x31, 0x86, 0x31, 0xA6, 0x31, 0xE7,
    0x39, 0x49, 0x4A, 0xCB, 0x5A, 0x0C, 0x63, 0x65, 0x29, 0x86, 0x31, 0xC7, 0x39, 0x28, 0x42, 0xAA,
    0x52, 0x0C, 0x63, 0x08, 0x42, 0xF2, 0x41, 0x98, 0x52, 0xAA, 0x18, 0x08, 0x00, 0x58, 0x6B, 0x36,
    0x4A, 0xEE, 0x18, 0x51, 0x4A, 0xB0, 0x52, 0x81, 0x8F, 0x52, 0x03, 0x8E, 0x52, 0x6D, 0x4A, 0x6C,
    0x4A, 0x4C, 0x4A, 0x81, 0x4B, 0x4A, 0x00, 0x4C, 0x4A, 0x81, 0x6D, 0x4A, 0x00, 0x8E, 0x52, 0x81,
    0x8F, 0x52, 0x81, 0xB0, 0x52, 0x15, 0x8F, 0x52, 0xCF, 0x7B, 0x0C, 0x63, 0xEF, 0x7B, 0x92, 0x94,
    0xD3, 0x9C, 0x75, 0xAD, 0xF7, 0xBD, 0xAA, 0x52, 0xCF, 0x7B, 0x51, 0x8C, 0xD3, 0x9C, 0x34, 0xA5,
    0xD7, 0xBD, 0xB6, 0xB5, 0xEF, 0x7B, 0x10, 0x84, 0x92, 0x94, 0xF3, 0x9C, 0x96, 0xB5, 0xF7, 0xBD,
    0xC7, 0x39, 0x81, 0x4B, 0x4A, 0x03, 0x4C, 0x4A, 0x6C, 0x4A, 0x6D, 0x4A, 0x8E, 0x52, 0x81, 0x8F,
    0x52, 0x81, 0xB0, 0x52, 0x81, 0x8F, 0x52, 0x03, 0x8E, 0x52, 0x6E, 0x4A, 0x6D, 0x4A, 0x4C, 0x4A,
    0x81, 0x4B, 0x4A, 0x05, 0x4C, 0x4A, 0x34, 0x42, 0xF3, 0x39, 0xD3, 0x39, 0x4F, 0x4A, 0x8F, 0x52,
    0x81, 0xB0, 0x52, 0x00, 0x8F, 0x52, 0x81, 0x8E, 0x52, 0x81, 0x6D, 0x4A, 0x00, 0x4C, 0x4A, 0x81,
    0x4B, 0x4A, 0x00, 0x4C, 0x4A, 0x81, 0x6D, 0x4A, 0x00, 0x8E, 0x52, 0x81, 0x8F, 0x52, 0x17, 0xB0,
    0x52, 0x30, 0x84, 0xAE, 0x73, 0xEF, 0x7B, 0x92, 0x94, 0xF3, 0x9C, 0x96, 0xB5, 0xF7, 0xBD, 0xE3,
    0x18, 0xCF, 0x7B, 0x51, 0x8C, 0xD3, 0x9C, 0x55, 0xAD, 0xF7, 0xBD, 0xF3, 0x9C, 0xEF, 0x7B, 0x10,
    0x84, 0xB2, 0x94, 0xF3, 0x9C, 0xB6, 0xB5, 0xF7, 0xBD, 0xCB, 0x5A, 0x6D, 0x4A, 0x4C, 0x4A, 0x81,
    0x4B, 0x4A, 0x00, 0x4C, 0x4A, 0x81, 0x6D, 0x4A, 0x00, 0x8E, 0x52, 0x81, 0x8F, 0x52, 0x81, 0xB0,
    0x52, 0x81, 0x8F, 0x52, 0x0B, 0x8E, 0x52, 0x6E, 0x4A, 0x6D, 0x4A, 0x4C, 0x4A, 0x4B, 0x4A, 0x35,
    0x42, 0xFA, 0x5A, 0x8A, 0x10, 0x07, 0x00, 0x17, 0x63, 0x14, 0x42, 0x0E, 0x21, 0x81, 0x50, 0x29,
    0x05, 0x70, 0x31, 0xB1, 0x31, 0xD2, 0x39, 0xF3, 0x41, 0x14, 0x42, 0x35, 0x4A, 0x81, 0x56, 0x4A,
    0x1D, 0x35, 0x4A, 0x15, 0x42, 0xF3, 0x41, 0xD2, 0x39, 0xB1, 0x31, 0x72, 0x31, 0x51, 0x29, 0x4F,
    0x29, 0x70, 0x31, 0x8F, 0x52, 0xAA, 0x52, 0xAE, 0x73, 0xCF, 0x7B, 0x28, 0x42, 0x69, 0x4A, 0xB6,
    0xB5, 0x8A, 0x52, 0x8E, 0x73, 0xEF, 0x7B, 0xEB, 0x5A, 0xE7, 0x39, 0x71, 0x8C, 0x96, 0xB5, 0x6D,
    0x6B, 0xCF, 0x7B, 0x8E, 0x73, 0x08, 0x42, 0x2C, 0x63, 0xD7, 0xBD, 0x24, 0x21, 0x81, 0x56, 0x4A,
    0x0D, 0x35, 0x4A, 0x14, 0x42, 0xF3, 0x41, 0xD2, 0x39, 0xB2, 0x31, 0x71, 0x31, 0x51, 0x29, 0x50,
    0x29, 0x70, 0x31, 0xB1, 0x31, 0xD3, 0x39, 0xF4, 0x41, 0x14, 0x42, 0x35, 0x4A, 0x81, 0x56, 0x4A,
    0x0D, 0x35, 0x4A, 0x14, 0x42, 0xF3, 0x41, 0xD2, 0x39, 0xB2, 0x31, 0x71, 0x31, 0x51, 0x29, 0x50,
    0x29, 0x70, 0x31, 0xB1, 0x31, 0xD2, 0x39, 0xF3, 0x41, 0x14, 0x42, 0x35, 0x4A, 0x81, 0x56, 0x4A,
    0x1D, 0x35, 0x4A, 0x15, 0x42, 0xF3, 0x41, 0xD2, 0x39, 0xB1, 0x31, 0x71, 0x31, 0x4F, 0x29, 0xAB,
    0x52, 0x4D, 0x6B, 0xCF, 0x7B, 0x8E, 0x73, 0x08, 0x42, 0xEB, 0x5A, 0xD7, 0xBD, 0xC3, 0x18, 0x8E,
    0x73, 0xEF, 0x7B, 0xAA, 0x52, 0x08, 0x42, 0xF3, 0x9C, 0xD3, 0x9C, 0x8E, 0x73, 0xEF, 0x7B, 0x4D,
    0x6B, 0xE7, 0x39, 0x8E, 0x73, 0xB6, 0xB5, 0xC7, 0x39, 0x14, 0x42, 0x35, 0x4A, 0x81, 0x56, 0x4A,
    0x05, 0x35, 0x4A, 0x15, 0x42, 0xF3, 0x41, 0xD2, 0x39, 0xB1, 0x31, 0x71, 0x31, 0x81, 0x4F, 0x29,
    0x05, 0x70, 0x31, 0xB2, 0x31, 0xD3, 0x39, 0xF4, 0x41, 0x14, 0x42, 0x35, 0x4A, 0x81, 0x56, 0x4A,
    0x0D, 0x3B, 0x63, 0x6A, 0x08, 0x07, 0x00, 0xF7, 0x5A, 0xF3, 0x39, 0x0F, 0x21, 0xEE, 0x18, 0xEF,
    0x18, 0x4F, 0x29, 0x90, 0x31, 0xD2, 0x39, 0x14, 0x42, 0x35, 0x4A, 0x76, 0x4A, 0x81, 0x97, 0x52,
    0x05, 0x76, 0x4A, 0x35, 0x4A, 0x14, 0x42, 0xD3, 0x39, 0x91, 0x31, 0x4F, 0x29, 0x81, 0xEE, 0x18,
    0x15, 0x4F, 0x29, 0xB0, 0x52, 0x49, 0x4A, 0xEF, 0x7B, 0x34, 0xA5, 0xCB, 0x5A, 0x86, 0x31, 0x30,
    0x84, 0x69, 0x4A, 0xCB, 0x5A, 0x34, 0xA5, 0x51, 0x8C, 0x24, 0x21, 0x8A, 0x52, 0x14, 0xA5, 0xEB,
    0x5A, 0x92, 0x94, 0x14, 0xA5, 0x28, 0x42, 0xA6, 0x31, 0x92, 0x94, 0x24, 0x21, 0x81, 0x97, 0x52,
    0x0D, 0x76, 0x4A, 0x35, 0x4A, 0x13, 0x42, 0xD2, 0x39, 0x91, 0x31, 0x4F, 0x29, 0xEE, 0x18, 0xEF,
    0x18, 0x50, 0x29, 0x91, 0x31, 0xD2, 0x39, 0x14, 0x42, 0x35, 0x4A, 0x76, 0x4A, 0x81, 0x97, 0x52,
    0x0D, 0x76, 0x4A, 0x35, 0x4A, 0x14, 0x42, 0xD2, 0x39, 0x90, 0x31, 0x4F, 0x29, 0xED, 0x18, 0xEC,
    0x18, 0x4F, 0x29, 0x91, 0x31, 0xD3, 0x39, 0x14, 0x42, 0x35, 0x4A, 0x76, 0x4A, 0x81, 0x97, 0x52,
    0x15, 0x76, 0x4A, 0x35, 0x4A, 0x14, 0x42, 0xD2, 0x39, 0x90, 0x31, 0x4F, 0x29, 0xED, 0x18, 0xAC,
    0x52, 0xAA, 0x52, 0x71, 0x8C, 0x14, 0xA5, 0x69, 0x4A, 0xA6, 0x31, 0x71, 0x8C, 0xA2, 0x10, 0xCB,
    0x5A, 0x34, 0xA5, 0xCF, 0x7B, 0x45, 0x29, 0x2C, 0x63, 0x71, 0x8C, 0xEB, 0x5A, 0x81, 0xF3, 0x9C,
    0x05, 0xA6, 0x31, 0xC7, 0x39, 0xD3, 0x9C, 0xC7, 0x39, 0x35, 0x4A, 0x76, 0x4A, 0x81, 0x97, 0x52,
    0x0D, 0x76, 0x4A, 0x35, 0x4A, 0x14, 0x42, 0xD2, 0x39, 0x90, 0x31, 0x4F, 0x29, 0xED, 0x18, 0xEC,
    0x18, 0x4F, 0x29, 0x91, 0x31, 0xD2, 0x39, 0x14, 0x42, 0x35, 0x4A, 0x76, 0x4A, 0x81, 0x97, 0x52,
    0x0D, 0x7C, 0x73, 0x27, 0x00, 0x07, 0x00, 0xF7, 0x62, 0xF3, 0x39, 0x2E, 0x21, 0xED, 0x18, 0xEE,
    0x18, 0x50, 0x29, 0x91, 0x31, 0xD3, 0x39, 0x14, 0x42, 0x55, 0x4A, 0x76, 0x52, 0x81, 0x97, 0x52,
    0x1D, 0x76, 0x52, 0x55, 0x4A, 0x14, 0x42, 0xD3, 0x39, 0x91, 0x31, 0x4F, 0x29, 0xEE, 0x18, 0xF0,
    0x18, 0x4F, 0x29, 0xB0, 0x52, 0xE7, 0x39, 0xCF, 0x7B, 0xBA, 0xD6, 0x38, 0xC6, 0x6D, 0x6B, 0x71,
    0x8C, 0x28, 0x42, 0x69, 0x4A, 0xF7, 0xBD, 0xBA, 0xD6, 0x71, 0x8C, 0x6D, 0x6B, 0xB2, 0x94, 0x69,
    0x4A, 0xB2, 0x94, 0xDB, 0xDE, 0x96, 0xB5, 0x4D, 0x6B, 0x92, 0x94, 0x24, 0x21, 0x81, 0x97, 0x52,
    0x0D, 0x76, 0x52, 0x55, 0x4A, 0x14, 0x42, 0xD2, 0x39, 0x91, 0x31, 0x4F, 0x29, 0xED, 0x18, 0xEE,
    0x18, 0x4F, 0x29, 0x91, 0x31, 0xD3, 0x39, 0x14, 0x42, 0x56, 0x4A, 0x76, 0x52, 0x81, 0x97, 0x52,
    0x05, 0x77, 0x52, 0x55, 0x4A, 0x14, 0x42, 0xD2, 0x39, 0x91, 0x31, 0x4F, 0x29, 0x81, 0xED, 0x18,
    0x35, 0x50, 0x29, 0x91, 0x31, 0xD3, 0x39, 0x14, 0x42, 0x55, 0x4A, 0x76, 0x52, 0x97, 0x52, 0x98,
    0x52, 0x76, 0x52, 0x55, 0x4A, 0x14, 0x42, 0xD3, 0x39, 0x91, 0x31, 0x50, 0x29, 0xEE, 0x18, 0xAC,
    0x52, 0x49, 0x4A, 0x71, 0x8C, 0xDB, 0xDE, 0xD7, 0xBD, 0x6D, 0x6B, 0x92, 0x94, 0x82, 0x10, 0x69,
    0x4A, 0x59, 0xCE, 0x9A, 0xD6, 0x10, 0x84, 0xCF, 0x7B, 0x10, 0x84, 0x8A, 0x52, 0x34, 0xA5, 0xFB,
    0xDE, 0x14, 0xA5, 0x2C, 0x63, 0xB2, 0x94, 0xC7, 0x39, 0x55, 0x4A, 0x76, 0x52, 0x97, 0x52, 0x98,
    0x52, 0x76, 0x52, 0x55, 0x4A, 0x14, 0x42, 0xD3, 0x39, 0x91, 0x31, 0x50, 0x29, 0xEE, 0x18, 0xED,
    0x18, 0x4F, 0x29, 0x91, 0x31, 0xD2, 0x39, 0x14, 0x42, 0x55, 0x4A, 0x76, 0x52, 0x81, 0x97, 0x52,
    0x0D, 0x9C, 0x73, 0x27, 0x00, 0x09, 0x00, 0x57, 0x6B, 0x34, 0x4A, 0x0D, 0x21, 0x4F, 0x29, 0x50,
    0x29, 0x91, 0x31, 0xD2, 0x39, 0xF4, 0x39, 0x15, 0x42, 0x35, 0x4A, 0x76, 0x4A, 0x81, 0x97, 0x52,
    0x14, 0x76, 0x4A, 0x35, 0x4A, 0x14, 0x42, 0xF3, 0x39, 0xD2, 0x39, 0x90, 0x31, 0x4F, 0x29, 0x50,
    0x29, 0x91, 0x31, 0xB0, 0x52, 0x86, 0x31, 0x28, 0x42, 0x92, 0x94, 0x55, 0xAD, 0x10, 0x84, 0x30,
    0x84, 0xC7, 0x39, 0xE7, 0x39, 0x6D, 0x6B, 0x75, 0xAD, 0xB2, 0x94, 0x81, 0xEF, 0x7B, 0x06, 0x08,
    0x42, 0x49, 0x4A, 0x14, 0xA5, 0x34, 0xA5, 0xEF, 0x7B, 0x30, 0x84, 0x24, 0x21, 0x81, 0x97, 0x52,
    0x05, 0x56, 0x4A, 0x36, 0x4A, 0x15, 0x42, 0xF3, 0x39, 0xD3, 0x39, 0x92, 0x31, 0x81, 0x4F, 0x29,
    0x05, 0x90, 0x31, 0xD1, 0x39, 0xF3, 0x39, 0x14, 0x42, 0x35, 0x4A, 0x56, 0x4A, 0x81, 0x97, 0x52,
    0x05, 0x56, 0x4A, 0x35, 0x4A, 0x15, 0x42, 0xF4, 0x39, 0xD2, 0x39, 0x92, 0x31, 0x81, 0x50, 0x29,
    0x05, 0x92, 0x31, 0xD2, 0x39, 0xF3, 0x39, 0x14, 0x42, 0x35, 0x4A, 0x76, 0x4A, 0x81, 0x97, 0x52,
    0x1D, 0x76, 0x4A, 0x35, 0x4A, 0x14, 0x42, 0xF3, 0x39, 0xD2, 0x39, 0x92, 0x31, 0x51, 0x29, 0xAC,
    0x52, 0xE7, 0x39, 0x49, 0x4A, 0xD3, 0x9C, 0x34, 0xA5, 0x10, 0x84, 0x30, 0x84, 0x61, 0x08, 0xE7,
    0x39, 0xCF, 0x7B, 0x75, 0xAD, 0x92, 0x94, 0x10, 0x84, 0x6D, 0x6B, 0x08, 0x42, 0x8A, 0x52, 0x55,
    0xAD, 0x14, 0xA5, 0xEF, 0x7B, 0x30, 0x84, 0xC7, 0x39, 0x35, 0x4A, 0x76, 0x4A, 0x81, 0x97, 0x52,
    0x05, 0x76, 0x4A, 0x35, 0x4A, 0x14, 0x42, 0xF3, 0x39, 0xD2, 0x39, 0x92, 0x31, 0x81, 0x51, 0x29,
    0x05, 0x91, 0x31, 0xD3, 0x39, 0xF4, 0x39, 0x14, 0x42, 0x35, 0x4A, 0x76, 0x4A, 0x81, 0x97, 0x52,
    0x11, 0x7B, 0x6B, 0x68, 0x10, 0x08, 0x00, 0x97, 0x73, 0x76, 0x52, 0x0D, 0x21, 0xB1, 0x31, 0xB2,
    0x31, 0xD3, 0x39, 0xF3, 0x39, 0x13, 0x42, 0x14, 0x42, 0x35, 0x4A, 0x56, 0x4A, 0x76, 0x4A, 0x57,
    0x4A, 0x56, 0x4A, 0x35, 0x4A, 0x81, 0x14, 0x42, 0x12, 0xF3, 0x39, 0xD2, 0x39, 0xB2, 0x31, 0xB1,
    0x31, 0xD2, 0x39, 0x8F, 0x52, 0x86, 0x31, 0xE7, 0x39, 0x49, 0x4A, 0xEB, 0x5A, 0x4D, 0x6B, 0xEF,
    0x7B, 0xA6, 0x31, 0xE7, 0x39, 0x28, 0x42, 0xAA, 0x52, 0x0C, 0x63, 0xAE, 0x73, 0xCF, 0x7B, 0x81,
    0x08, 0x42, 0x04, 0x69, 0x4A, 0xEB, 0x5A, 0x6D, 0x6B, 0xEF, 0x7B, 0x24, 0x21, 0x81, 0x76, 0x4A,
    0x05, 0x55, 0x4A, 0x35, 0x4A, 0x15, 0x42, 0x14, 0x42, 0xF4, 0x39, 0xD3, 0x39, 0x81, 0xB2, 0x31,
    0x05, 0xD3, 0x39, 0xF3, 0x39, 0x13, 0x42, 0x14, 0x42, 0x35, 0x4A, 0x55, 0x4A, 0x81, 0x76, 0x4A,
    0x01, 0x55, 0x4A, 0x35, 0x4A, 0x81, 0x15, 0x42, 0x01, 0xF4, 0x39, 0xD3, 0x39, 0x81, 0xB1, 0x31,
    0x05, 0xD3, 0x39, 0xF3, 0x39, 0x13, 0x42, 0x14, 0x42, 0x35, 0x4A, 0x55, 0x4A, 0x81, 0x76, 0x4A,
    0x01, 0x55, 0x4A, 0x35, 0x4A, 0x81, 0x14, 0x42, 0x03, 0xF3, 0x39, 0xD2, 0x39, 0xB1, 0x31, 0xAC,
    0x52, 0x81, 0xE7, 0x39, 0x0A, 0x69, 0x4A, 0xEB, 0x5A, 0x6D, 0x6B, 0xEF, 0x7B, 0x41, 0x08, 0xE7,
    0x39, 0x28, 0x42, 0xCB, 0x5A, 0x2C, 0x63, 0xCF, 0x7B, 0x4D, 0x6B, 0x81, 0x08, 0x42, 0x06, 0x69,
    0x4A, 0xEB, 0x5A, 0x8E, 0x73, 0xEF, 0x7B, 0xC7, 0x39, 0x35, 0x4A, 0x55, 0x4A, 0x81, 0x76, 0x4A,
    0x01, 0x55, 0x4A, 0x35, 0x4A, 0x81, 0x14, 0x42, 0x05, 0xF3, 0x39, 0xD2, 0x39, 0xB1, 0x31, 0xB2,
    0x31, 0xD3, 0x39, 0xF4, 0x39, 0x81, 0x15, 0x42, 0x01, 0x35, 0x4A, 0x55, 0x4A, 0x81, 0x76, 0x4A,
    0x05, 0x39, 0x6B, 0xAA, 0x10, 0x07, 0x00, 0xF8, 0x83, 0xB7, 0x5A, 0xEC, 0x18, 0x81, 0xF3, 0x41,
    0x00, 0x13, 0x42, 0x81, 0x14, 0x42, 0x81, 0x34, 0x42, 0x00, 0x35, 0x42, 0x81, 0x35, 0x4A, 0x81,
    0x35, 0x42, 0x00, 0x34, 0x42, 0x82, 0x14, 0x42, 0x81, 0xF4, 0x41, 0x15, 0x13, 0x42, 0x8F, 0x52,
    0x49, 0x4A, 0xEB, 0x5A, 0x6D, 0x6B, 0xEF, 0x7B, 0x51, 0x8C, 0x92, 0x94, 0x08, 0x42, 0xEB, 0x5A,
    0x2C, 0x63, 0xCF, 0x7B, 0x30, 0x84, 0x71, 0x8C, 0x51, 0x8C, 0xEB, 0x5A, 0x0C, 0x63, 0x8E, 0x73,
    0x10, 0x84, 0x51, 0x8C, 0x92, 0x94, 0x24, 0x21, 0x81, 0x35, 0x4A, 0x00, 0x34, 0x4A, 0x81, 0x34,
    0x42, 0x81, 0x14, 0x42, 0x00, 0x13, 0x42, 0x81, 0xF4, 0x41, 0x82, 0x14, 0x42, 0x81, 0x35, 0x42,
    0x03, 0x34, 0x42, 0x34, 0x4A, 0x35, 0x4A, 0x35, 0x42, 0x81, 0x34, 0x42, 0x82, 0x14, 0x42, 0x81,
    0xF3, 0x41, 0x82, 0x14, 0x42, 0x81, 0x34, 0x42, 0x00, 0x34, 0x4A, 0x81, 0x35, 0x4A, 0x82, 0x34,
    0x42, 0x81, 0x14, 0x42, 0x0F, 0x13, 0x42, 0xF3, 0x41, 0xAB, 0x52, 0xCB, 0x5A, 0x0C, 0x63, 0x8E,
    0x73, 0xEF, 0x7B, 0x51, 0x8C, 0x92, 0x94, 0xA2, 0x10, 0xCB, 0x5A, 0x4D, 0x6B, 0xCF, 0x7B, 0x30,
    0x84, 0x71, 0x8C, 0xCF, 0x7B, 0x81, 0x0C, 0x63, 0x06, 0xAE, 0x73, 0x10, 0x84, 0x71, 0x8C, 0x92,
    0x94, 0xC7, 0x39, 0x34, 0x42, 0x34, 0x4A, 0x81, 0x35, 0x4A, 0x82, 0x34, 0x42, 0x81, 0x14, 0x42,
    0x00, 0x13, 0x42, 0x81, 0xF3, 0x41, 0x00, 0x13, 0x42, 0x81, 0x14, 0x42, 0x82, 0x35, 0x42, 0x81,
    0x35, 0x4A, 0x05, 0x18, 0x63, 0xCC, 0x18, 0x09, 0x00, 0x58, 0x8C, 0xF8, 0x62, 0xCB, 0x18, 0x81,
    0x55, 0x4A, 0x00, 0x34, 0x4A, 0x81, 0x35, 0x42, 0x81, 0x34, 0x42, 0x00, 0x14, 0x42, 0x82, 0x13,
    0x42, 0x82, 0x34, 0x42, 0x01, 0x34, 0x4A, 0x35, 0x4A, 0x81, 0x55, 0x4A, 0x15, 0x35, 0x4A, 0x8E,
    0x52, 0xEB, 0x5A, 0xEF, 0x7B, 0x30, 0x84, 0x6D, 0x6B, 0x30, 0x84, 0x18, 0xC6, 0xAA, 0x52, 0xCF,
    0x7B, 0x30, 0x84, 0xCF, 0x7B, 0xAE, 0x73, 0x75, 0xAD, 0xB6, 0xB5, 0xAE, 0x73, 0xEF, 0x7B, 0x10,
    0x84, 0x6D, 0x6B, 0xB2, 0x94, 0x18, 0xC6, 0x24, 0x21, 0x81, 0x14, 0x42, 0x00, 0x13, 0x42, 0x82,
    0x34, 0x42, 0x81, 0x34, 0x4A, 0x81, 0x55, 0x4A, 0x01, 0x35, 0x4A, 0x34, 0x4A, 0x81, 0x34, 0x42,
    0x01, 0x35, 0x42, 0x14, 0x42, 0x81, 0x13, 0x42, 0x00, 0x14, 0x42, 0x82, 0x34, 0x42, 0x01, 0x34,
    0x4A, 0x35, 0x4A, 0x81, 0x55, 0x4A, 0x81, 0x34, 0x4A, 0x82, 0x34, 0x42, 0x00, 0x14, 0x42, 0x81,
    0x13, 0x42, 0x00, 0x14, 0x42, 0x82, 0x34, 0x42, 0x11, 0x35, 0x42, 0x35, 0x4A, 0x55, 0x4A, 0xAB,
    0x52, 0x8E, 0x73, 0xEF, 0x7B, 0x10, 0x84, 0x6D, 0x6B, 0x92, 0x94, 0x18, 0xC6, 0xE3, 0x18, 0xCF,
    0x7B, 0x30, 0x84, 0xAE, 0x73, 0xCF, 0x7B, 0xB6, 0xB5, 0xF3, 0x9C, 0xCF, 0x7B, 0x81, 0x10, 0x84,
    0x05, 0x6D, 0x6B, 0xF3, 0x9C, 0xF7, 0xBD, 0xC7, 0x39, 0x34, 0x42, 0x14, 0x42, 0x81, 0x13, 0x42,
    0x00, 0x14, 0x42, 0x82, 0x34, 0x42, 0x01, 0x35, 0x42, 0x35, 0x4A, 0x81, 0x55, 0x4A, 0x01, 0x35,
    0x4A, 0x34, 0x4A, 0x82, 0x34, 0x42, 0x81, 0x14, 0x42, 0x06, 0x13, 0x42, 0xD7, 0x5A, 0x0D, 0x21,
    0x0A, 0x00, 0x98, 0x94, 0x39, 0x6B, 0xAA, 0x10, 0x81, 0x97, 0x52, 0x05, 0x76, 0x4A, 0x56, 0x4A,
    0x55, 0x4A, 0x34, 0x42, 0x14, 0x42, 0xF4, 0x39, 0x81, 0xD2, 0x39, 0x02, 0xF2, 0x39, 0x13, 0x42,
    0x34, 0x42, 0x81, 0x55, 0x4A, 0x12, 0x76, 0x4A, 0x96, 0x52, 0x97, 0x52, 0x76, 0x4A, 0x6E, 0x4A,
    0x69, 0x4A, 0xAE, 0x73, 0x71, 0x8C, 0x49, 0x4A, 0x65, 0x29, 0xB2, 0x94, 0x8A, 0x52, 0x2C, 0x63,
    0x92, 0x94, 0x6D, 0x6B, 0x45, 0x29, 0xEB, 0x5A, 0x55, 0xAD, 0x2C, 0x63, 0x81, 0x30, 0x84, 0x0B,
    0xE7, 0x39, 0xC7, 0x39, 0x14, 0xA5, 0x24, 0x21, 0xD2, 0x39, 0xD3, 0x39, 0xF3, 0x39, 0x14, 0x42,
    0x35, 0x42, 0x55, 0x4A, 0x56, 0x4A, 0x76, 0x4A, 0x81, 0x96, 0x52, 0x10, 0x76, 0x4A, 0x55, 0x4A,
    0x54, 0x4A, 0x34, 0x42, 0x13, 0x42, 0xF4, 0x39, 0xD3, 0x39, 0xD2, 0x39, 0xF3, 0x39, 0x15, 0x42,
    0x34, 0x42, 0x55, 0x4A, 0x56, 0x4A, 0x76, 0x4A, 0x96, 0x52, 0x97, 0x52, 0x76, 0x4A, 0x81, 0x55,
    0x4A, 0x02, 0x34, 0x42, 0x14, 0x42, 0xF4, 0x39, 0x81, 0xD2, 0x39, 0x1D, 0xF3, 0x39, 0x14, 0x42,
    0x34, 0x42, 0x55, 0x4A, 0x56, 0x4A, 0x76, 0x4A, 0x96, 0x52, 0xAB, 0x52, 0xEB, 0x5A, 0xEF, 0x7B,
    0x51, 0x8C, 0x08, 0x42, 0xA6, 0x31, 0xF3, 0x9C, 0xA2, 0x10, 0x0C, 0x63, 0x92, 0x94, 0x0C, 0x63,
    0x45, 0x29, 0xAE, 0x73, 0xB2, 0x94, 0x2C, 0x63, 0x51, 0x8C, 0x10, 0x84, 0x86, 0x31, 0x08, 0x42,
    0x34, 0xA5, 0xC7, 0x39, 0x14, 0x42, 0xF4, 0x39, 0x81, 0xD2, 0x39, 0x0D, 0xF3, 0x39, 0x14, 0x42,
    0x34, 0x42, 0x55, 0x4A, 0x56, 0x4A, 0x76, 0x4A, 0x96, 0x52, 0x97, 0x52, 0x77, 0x4A, 0x56, 0x4A,
    0x55, 0x4A, 0x34, 0x42, 0x13, 0x42, 0xF3, 0x39, 0x81, 0xD2, 0x39, 0x05, 0x94, 0x52, 0x2D, 0x21,
    0x09, 0x00, 0xF9, 0x9C, 0x7A, 0x6B, 0x68, 0x10, 0x81, 0xD8, 0x5A, 0x0D, 0xB7, 0x52, 0x96, 0x52,
    0x56, 0x4A, 0x34, 0x42, 0xF3, 0x41, 0xD3, 0x39, 0x93, 0x31, 0x92, 0x31, 0xD1, 0x39, 0xF3, 0x41,
    0x34, 0x42, 0x56, 0x4A, 0x96, 0x52, 0xB7, 0x52, 0x81, 0xD8, 0x5A, 0x1D, 0xB7, 0x52, 0x6D, 0x4A,
    0x28, 0x42, 0x10, 0x84, 0x38, 0xC6, 0x75, 0xAD, 0x8A, 0x52, 0x10, 0x84, 0x49, 0x4A, 0xCB, 0x5A,
    0xB6, 0xB5, 0x38, 0xC6, 0x0C, 0x63, 0xEB, 0x5A, 0xF3, 0x9C, 0xAA, 0x52, 0xF3, 0x9C, 0x79, 0xCE,
    0x92, 0x94, 0x8A, 0x52, 0x71, 0x8C, 0x24, 0x21, 0x90, 0x31, 0x91, 0x31, 0xD2, 0x39, 0xF3, 0x41,
    0x35, 0x42, 0x56, 0x4A, 0x77, 0x52, 0xB7, 0x52, 0x81, 0xD8, 0x5A, 0x0D, 0xB7, 0x52, 0x77, 0x52,
    0x55, 0x4A, 0x34, 0x42, 0xF3, 0x41, 0xD2, 0x39, 0x91, 0x31, 0x90, 0x31, 0xD2, 0x39, 0xF5, 0x41,
    0x34, 0x42, 0x55, 0x4A, 0x77, 0x52, 0xB7, 0x52, 0x81, 0xD8, 0x5A, 0x05, 0xB7, 0x52, 0x96, 0x52,
    0x55, 0x4A, 0x34, 0x42, 0xF3, 0x41, 0xD2, 0x39, 0x81, 0x91, 0x31, 0x1D, 0xD2, 0x39, 0xF4, 0x41,
    0x34, 0x42, 0x55, 0x4A, 0x76, 0x52, 0xB7, 0x52, 0xD8, 0x5A, 0xAB, 0x52, 0x8A, 0x52, 0xB2, 0x94,
    0x59, 0xCE, 0xD3, 0x9C, 0x8A, 0x52, 0x51, 0x8C, 0x82, 0x10, 0xAA, 0x52, 0xF7, 0xBD, 0x18, 0xC6,
    0xEB, 0x5A, 0x4D, 0x6B, 0x51, 0x8C, 0xCB, 0x5A, 0x55, 0xAD, 0x9A, 0xD6, 0xEF, 0x7B, 0x8A, 0x52,
    0xB2, 0x94, 0xC7, 0x39, 0xF3, 0x41, 0xD2, 0x39, 0x81, 0x91, 0x31, 0x05, 0xD2, 0x39, 0xF4, 0x41,
    0x34, 0x42, 0x55, 0x4A, 0x76, 0x52, 0xB7, 0x52, 0x81, 0xD8, 0x5A, 0x0D, 0xB8, 0x52, 0x77, 0x52,
    0x56, 0x4A, 0x34, 0x42, 0xF3, 0x41, 0xD1, 0x39, 0x91, 0x31, 0x90, 0x31, 0x32, 0x4A, 0x4E, 0x29,
    0x08, 0x00, 0x39, 0xAD, 0xBB, 0x73, 0x26, 0x00, 0x81, 0x1A, 0x63, 0x05, 0xD8, 0x5A, 0xB7, 0x52,
    0x76, 0x4A, 0x34, 0x42, 0xF2, 0x39, 0x91, 0x31, 0x81, 0x0F, 0x21, 0x05, 0x91, 0x31, 0xF2, 0x39,
    0x34, 0x42, 0x76, 0x4A, 0xB7, 0x52, 0xD8, 0x5A, 0x81, 0x1A, 0x63, 0x1D, 0xD8, 0x5A, 0x4B, 0x4A,
    0xC7, 0x39, 0xAA, 0x52, 0x18, 0xC6, 0xD7, 0xBD, 0x51, 0x8C, 0x71, 0x8C, 0xE7, 0x39, 0x28, 0x42,
    0xF3, 0x9C, 0x38, 0xC6, 0xF3, 0x9C, 0x10, 0x84, 0x30, 0x84, 0x49, 0x4A, 0x2C, 0x63, 0x59, 0xCE,
    0x96, 0xB5, 0x30, 0x84, 0x71, 0x8C, 0x24, 0x21, 0x0D, 0x21, 0x0E, 0x21, 0x90, 0x31, 0xF2, 0x39,
    0x34, 0x42, 0x76, 0x4A, 0xB7, 0x52, 0xD9, 0x5A, 0x81, 0x1A, 0x63, 0x0D, 0xD8, 0x5A, 0xB7, 0x52,
    0x76, 0x4A, 0x34, 0x42, 0xF2, 0x39, 0x91, 0x31, 0x0E, 0x21, 0x0D, 0x21, 0x90, 0x31, 0xF3, 0x39,
    0x34, 0x42, 0x75, 0x4A, 0xB7, 0x52, 0xD8, 0x5A, 0x81, 0x1A, 0x63, 0x2D, 0xD9, 0x5A, 0xB7, 0x52,
    0x76, 0x4A, 0x35, 0x42, 0xF3, 0x39, 0x91, 0x31, 0x10, 0x21, 0x0F, 0x21, 0x90, 0x31, 0xF3, 0x39,
    0x34, 0x42, 0x75, 0x4A, 0xB7, 0x52, 0xD8, 0x5A, 0x1A, 0x63, 0xAA, 0x52, 0x28, 0x42, 0x0C, 0x63,
    0x38, 0xC6, 0xB6, 0xB5, 0x30, 0x84, 0x71, 0x8C, 0x61, 0x08, 0x08, 0x42, 0x75, 0xAD, 0x18, 0xC6,
    0xB2, 0x94, 0x30, 0x84, 0xAE, 0x73, 0x49, 0x4A, 0xAE, 0x73, 0x79, 0xCE, 0x75, 0xAD, 0x10, 0x84,
    0x71, 0x8C, 0xC7, 0x39, 0xF3, 0x39, 0x91, 0x31, 0x10, 0x21, 0x0F, 0x21, 0x90, 0x31, 0xF3, 0x39,
    0x34, 0x42, 0x75, 0x4A, 0xB7, 0x52, 0xD8, 0x5A, 0x81, 0x1A, 0x63, 0x05, 0xD9, 0x5A, 0xB7, 0x52,
    0x76, 0x4A, 0x34, 0x42, 0xF2, 0x39, 0x90, 0x31, 0x81, 0x0F, 0x21, 0x05, 0xD1, 0x39, 0x6F, 0x29,
    0x09, 0x00, 0x59, 0xAD, 0xDB, 0x7B, 0x26, 0x00, 0x81, 0x1A, 0x63, 0x05, 0xF9, 0x5A, 0xB7, 0x52,
    0x76, 0x52, 0x34, 0x4A, 0xF2, 0x39, 0x90, 0x31, 0x81, 0x0F, 0x21, 0x05, 0x92, 0x31, 0xF3, 0x39,
    0x34, 0x4A, 0x76, 0x52, 0xB7, 0x52, 0xF9, 0x5A, 0x81, 0x1A, 0x63, 0x0C, 0xF9, 0x5A, 0x4B, 0x4A,
    0x65, 0x29, 0xC7, 0x39, 0x49, 0x4A, 0x0C, 0x63, 0x4D, 0x6B, 0xEF, 0x7B, 0xA6, 0x31, 0xC7, 0x39,
    0x08, 0x42, 0xCB, 0x5A, 0x0C, 0x63, 0x81, 0xAE, 0x73, 0x06, 0xE7, 0x39, 0xC7, 0x39, 0x8A, 0x52,
    0xEB, 0x5A, 0x6D, 0x6B, 0xCF, 0x7B, 0x24, 0x21, 0x81, 0x0E, 0x21, 0x05, 0x91, 0x31, 0xF2, 0x39,
    0x34, 0x4A, 0x76, 0x52, 0xB8, 0x52, 0xF9, 0x5A, 0x81, 0x1A, 0x63, 0x05, 0xF9, 0x5A, 0xB7, 0x52,
    0x76, 0x52, 0x34, 0x4A, 0xF2, 0x39, 0x90, 0x31, 0x81, 0x0E, 0x21, 0x05, 0x90, 0x31, 0xF3, 0x39,
    0x35, 0x42, 0x76, 0x52, 0xB7, 0x52, 0xF9, 0x5A, 0x81, 0x1A, 0x63, 0x05, 0xF9, 0x5A, 0xB7, 0x52,
    0x76, 0x52, 0x34, 0x4A, 0xF3, 0x39, 0x91, 0x31, 0x81, 0x0F, 0x21, 0x07, 0x90, 0x31, 0xF3, 0x39,
    0x35, 0x42, 0x76, 0x52, 0xB7, 0x52, 0xF9, 0x5A, 0x1A, 0x63, 0xAA, 0x52, 0x81, 0xC7, 0x39, 0x0A,
    0x69, 0x4A, 0x0C, 0x63, 0x4D, 0x6B, 0xEF, 0x7B, 0x41, 0x08, 0xA6, 0x31, 0x08, 0x42, 0xEB, 0x5A,
    0x2C, 0x63, 0xAE, 0x73, 0x2C, 0x63, 0x81, 0xE7, 0x39, 0x06, 0xAA, 0x52, 0xEB, 0x5A, 0x6D, 0x6B,
    0xCF, 0x7B, 0xC7, 0x39, 0xF3, 0x39, 0x91, 0x31, 0x81, 0x0F, 0x21, 0x05, 0x90, 0x31, 0xF3, 0x39,
    0x35, 0x42, 0x76, 0x52, 0xB7, 0x52, 0xF9, 0x5A, 0x81, 0x1A, 0x63, 0x05, 0xF9, 0x5A, 0xB7, 0x52,
    0x76, 0x4A, 0x35, 0x42, 0xF3, 0x39, 0x90, 0x31, 0x81, 0x0E, 0x21, 0x05, 0xD0, 0x39, 0x6F, 0x31,
    0x08, 0x00, 0x39, 0xA5, 0xBA, 0x73, 0x88, 0x10, 0x81, 0xF9, 0x5A, 0x05, 0xD9, 0x5A, 0xB8, 0x52,
    0x77, 0x52, 0x56, 0x4A, 0x14, 0x42, 0xD3, 0x39, 0x81, 0x91, 0x31, 0x05, 0xD3, 0x39, 0x15, 0x42,
    0x55, 0x4A, 0x76, 0x52, 0xB7, 0x52, 0xD8, 0x5A, 0x81, 0xF9, 0x5A, 0x0C, 0xD8, 0x5A, 0x6C, 0x4A,
    0x82, 0x10, 0xC3, 0x18, 0xE3, 0x18, 0x24, 0x21, 0x65, 0x29, 0xC7, 0x39, 0xA2, 0x10, 0xC3, 0x18,
    0xE3, 0x18, 0x24, 0x21, 0x45, 0x29, 0x81, 0xA6, 0x31, 0x81, 0xC3, 0x18, 0x04, 0x04, 0x21, 0x45,
    0x29, 0x86, 0x31, 0xC7, 0x39, 0x24, 0x21, 0x81, 0x92, 0x31, 0x05, 0xD4, 0x39, 0x14, 0x42, 0x55,
    0x4A, 0x76, 0x52, 0xB7, 0x52, 0xD8, 0x5A, 0x81, 0xF9, 0x5A, 0x0D, 0xD8, 0x5A, 0xB7, 0x52, 0x76,
    0x52, 0x55, 0x4A, 0x13, 0x42, 0xD2, 0x39, 0x90, 0x31, 0x91, 0x31, 0xD2, 0x39, 0x13, 0x42, 0x55,
    0x4A, 0x77, 0x52, 0xB8, 0x52, 0xD8, 0x5A, 0x81, 0xF9, 0x5A, 0x05, 0xD8, 0x5A, 0xB7, 0x52, 0x76,
    0x52, 0x55, 0x4A, 0x14, 0x42, 0xD2, 0x39, 0x81, 0x91, 0x31, 0x07, 0xD2, 0x39, 0x14, 0x42, 0x56,
    0x4A, 0x77, 0x52, 0xB8, 0x52, 0xD9, 0x5A, 0xF9, 0x5A, 0xAB, 0x52, 0x81, 0xC3, 0x18, 0x0A, 0x04,
    0x21, 0x45, 0x29, 0x86, 0x31, 0xC7, 0x39, 0x00, 0x00, 0xC3, 0x18, 0xE3, 0x18, 0x24, 0x21, 0x65,
    0x29, 0xA6, 0x31, 0x65, 0x29, 0x81, 0xC3, 0x18, 0x02, 0x04, 0x21, 0x45, 0x29, 0x86, 0x31, 0x81,
    0xC7, 0x39, 0x01, 0x14, 0x42, 0xD2, 0x39, 0x81, 0x91, 0x31, 0x05, 0xD2, 0x39, 0x14, 0x42, 0x56,
    0x4A, 0x77, 0x52, 0xB8, 0x52, 0xD9, 0x5A, 0x81, 0xF9, 0x5A, 0x0D, 0xD8, 0x5A, 0xB7, 0x52, 0x76,
    0x52, 0x55, 0x4A, 0x15, 0x42, 0xD3, 0x39, 0x90, 0x31, 0x91, 0x31, 0x53, 0x4A, 0x6E, 0x29, 0x07,
    0x00, 0x19, 0xA5, 0x99, 0x73, 0xCA, 0x18, 0x81, 0xD8, 0x5A, 0x05, 0xB7, 0x52, 0x97, 0x52, 0x77,
    0x52, 0x76, 0x4A, 0x55, 0x4A, 0x35, 0x42, 0x81, 0xF3, 0x41, 0x05, 0x34, 0x42, 0x55, 0x4A, 0x56,
    0x4A, 0x76, 0x52, 0x97, 0x52, 0xB8, 0x52, 0x81, 0xD8, 0x5A, 0x10, 0xB7, 0x52, 0x6D, 0x4A, 0x0C,
    0x63, 0xEF, 0x7B, 0x92, 0x94, 0x71, 0x8C, 0x55, 0xAD, 0x18, 0xC6, 0xAA, 0x52, 0xEF, 0x7B, 0x51,
    0x8C, 0x92, 0x94, 0xD3, 0x9C, 0xF7, 0xBD, 0xB6, 0xB5, 0xEF, 0x7B, 0x10, 0x84, 0x81, 0x92, 0x94,
    0x12, 0x96, 0xB5, 0x18, 0xC6, 0x24, 0x21, 0xF3, 0x41, 0xF4, 0x41, 0x34, 0x42, 0x55, 0x4A, 0x76,
    0x4A, 0x76, 0x52, 0x97, 0x52, 0xB8, 0x52, 0xD8, 0x5A, 0xD9, 0x5A, 0xB8, 0x52, 0x97, 0x52, 0x77,
    0x52, 0x56, 0x4A, 0x55, 0x4A, 0x34, 0x42, 0x81, 0xF3, 0x41, 0x05, 0x33, 0x42, 0x54, 0x4A, 0x75,
    0x4A, 0x76, 0x52, 0x97, 0x52, 0xB7, 0x52, 0x81, 0xD8, 0x5A, 0x05, 0xB7, 0x52, 0x97, 0x52, 0x76,
    0x52, 0x75, 0x4A, 0x55, 0x4A, 0x34, 0x42, 0x81, 0xF4, 0x41, 0x09, 0x34, 0x42, 0x54, 0x4A, 0x75,
    0x4A, 0x76, 0x52, 0x97, 0x52, 0xB8, 0x52, 0xD8, 0x5A, 0xAB, 0x52, 0xAE, 0x73, 0x10, 0x84, 0x81,
    0x92, 0x94, 0x0A, 0x75, 0xAD, 0x18, 0xC6, 0xE3, 0x18, 0xCF, 0x7B, 0x71, 0x8C, 0x92, 0x94, 0xF3,
    0x9C, 0xF7, 0xBD, 0xF3, 0x9C, 0xEF, 0x7B, 0x30, 0x84, 0x81, 0x92, 0x94, 0x04, 0xB6, 0xB5, 0xF7,
    0xBD, 0xC7, 0x39, 0x55, 0x4A, 0x34, 0x42, 0x81, 0xF4, 0x41, 0x05, 0x34, 0x42, 0x54, 0x4A, 0x75,
    0x4A, 0x76, 0x52, 0x97, 0x52, 0xB8, 0x52, 0x81, 0xD8, 0x5A, 0x0E, 0xB8, 0x52, 0x97, 0x52, 0x76,
    0x52, 0x76, 0x4A, 0x55, 0x4A, 0x35, 0x42, 0xF3, 0x41, 0xF4, 0x41, 0xD6, 0x5A, 0x4F, 0x29, 0x08,
    0x00, 0xF8, 0x9C, 0x79, 0x6B, 0xEC, 0x18, 0x97, 0x52, 0x82, 0x96, 0x52, 0x02, 0x76, 0x52, 0x76,
    0x4A, 0x75, 0x4A, 0x82, 0x55, 0x4A, 0x81, 0x75, 0x4A, 0x03, 0x76, 0x4A, 0x76, 0x52, 0x96, 0x52,
    0x97, 0x52, 0x81, 0x98, 0x52, 0x15, 0x97, 0x52, 0x8F, 0x52, 0xAA, 0x52, 0xAE, 0x73, 0xEF, 0x7B,
    0x28, 0x42, 0xE7, 0x39, 0x55, 0xAD, 0x8A, 0x52, 0x6D, 0x6B, 0x10, 0x84, 0xEB, 0x5A, 0xA6, 0x31,
    0xEF, 0x7B, 0x96, 0xB5, 0x6D, 0x6B, 0xCF, 0x7B, 0xAE, 0x73, 0xE7, 0x39, 0xAA, 0x52, 0x96, 0xB5,
    0x24, 0x21, 0x81, 0x55, 0x4A, 0x03, 0x56, 0x4A, 0x75, 0x4A, 0x76, 0x4A, 0x76, 0x52, 0x81, 0x96,
    0x52, 0x82, 0x97, 0x52, 0x01, 0x96, 0x52, 0x76, 0x52, 0x81, 0x77, 0x4A, 0x82, 0x56, 0x4A, 0x03,
    0x55, 0x4A, 0x76, 0x4A, 0x75, 0x4A, 0x96, 0x52, 0x83, 0x97, 0x52, 0x82, 0x96, 0x52, 0x00, 0x76,
    0x4A, 0x81, 0x75, 0x4A, 0x81, 0x55, 0x4A, 0x00, 0x56, 0x4A, 0x81, 0x75, 0x4A, 0x81, 0x96, 0x52,
    0x81, 0x97, 0x52, 0x14, 0xAB, 0x52, 0x2C, 0x63, 0xCF, 0x7B, 0xAE, 0x73, 0x08, 0x42, 0x69, 0x4A,
    0x96, 0xB5, 0xC3, 0x18, 0x6D, 0x6B, 0x10, 0x84, 0xAA, 0x52, 0xC7, 0x39, 0x71, 0x8C, 0xD3, 0x9C,
    0x6D, 0x6B, 0xEF, 0x7B, 0x6D, 0x6B, 0xC7, 0x39, 0xEB, 0x5A, 0x96, 0xB5, 0xC7, 0x39, 0x81, 0x75,
    0x4A, 0x81, 0x55, 0x4A, 0x00, 0x56, 0x4A, 0x81, 0x75, 0x4A, 0x81, 0x96, 0x52, 0x83, 0x97, 0x52,
    0x81, 0x96, 0x52, 0x00, 0x76, 0x4A, 0x81, 0x75, 0x4A, 0x81, 0x55, 0x4A, 0x06, 0x37, 0x6B, 0x2F,
    0x21, 0x0A, 0x00, 0xB8, 0x9C, 0x57, 0x6B, 0x2D, 0x21, 0x76, 0x4A, 0x81, 0x75, 0x4A, 0x00, 0x75,
    0x52, 0x81, 0x96, 0x52, 0x81, 0x97, 0x52, 0x81, 0xB7, 0x52, 0x00, 0x97, 0x52, 0x82, 0x96, 0x52,
    0x00, 0x75, 0x52, 0x81, 0x75, 0x4A, 0x81, 0x76, 0x4A, 0x14, 0xB0, 0x52, 0x28, 0x42, 0xEF, 0x7B,
    0x96, 0xB5, 0xEF, 0x7B, 0xC7, 0x39, 0x10, 0x84, 0x69, 0x4A, 0xCB, 0x5A, 0x55, 0xAD, 0x14, 0xA5,
    0xE7, 0x39, 0xAA, 0x52, 0x14, 0xA5, 0xCB, 0x5A, 0xB2, 0x94, 0x96, 0xB5, 0x2C, 0x63, 0xE7, 0x39,
    0x92, 0x94, 0x24, 0x21, 0x81, 0xB7, 0x52, 0x81, 0x97, 0x52, 0x81, 0x96, 0x52, 0x00, 0x76, 0x52,
    0x83, 0x75, 0x4A, 0x00, 0x75, 0x52, 0x82, 0x96, 0x52, 0x00, 0x97, 0x52, 0x81, 0xB7, 0x52, 0x81,
    0x97, 0x52, 0x81, 0x96, 0x52, 0x01, 0x76, 0x52, 0x76, 0x4A, 0x82, 0x75, 0x4A, 0x00, 0x75, 0x52,
    0x83, 0x96, 0x52, 0x81, 0xB7, 0x52, 0x81, 0x97, 0x52, 0x81, 0x96, 0x52, 0x00, 0x76, 0x52, 0x81,
    0x76, 0x4A, 0x14, 0xAC, 0x52, 0xAA, 0x52, 0x92, 0x94, 0x96, 0xB5, 0x8E, 0x73, 0xE7, 0x39, 0x71,
    0x8C, 0xA2, 0x10, 0xCB, 0x5A, 0x75, 0xAD, 0xD3, 0x9C, 0xE7, 0x39, 0x2C, 0x63, 0x71, 0x8C, 0xEB,
    0x5A, 0x14, 0xA5, 0xB6, 0xB5, 0x8A, 0x52, 0x08, 0x42, 0xD3, 0x9C, 0xC7, 0x39, 0x81, 0x96, 0x52,
    0x81, 0xB7, 0x52, 0x81, 0x97, 0x52, 0x81, 0x96, 0x52, 0x00, 0x76, 0x52, 0x81, 0x76, 0x4A, 0x02,
    0x75, 0x4A, 0x76, 0x4A, 0x76, 0x52, 0x83, 0x96, 0x52, 0x81, 0xB7, 0x52, 0x05, 0x98, 0x73, 0x0C,
    0x21, 0x09, 0x00, 0x97, 0x94, 0x17, 0x63, 0x4E, 0x29, 0x81, 0x34, 0x42, 0x0D, 0x55, 0x4A, 0x75,
    0x4A, 0x96, 0x52, 0x97, 0x52, 0xB8, 0x5A, 0xD8, 0x5A, 0xF8, 0x5A, 0xF9, 0x5A, 0xD9, 0x5A, 0xB7,
    0x5A, 0x97, 0x52, 0x96, 0x52, 0x75, 0x4A, 0x54, 0x4A, 0x81, 0x33, 0x42, 0x15, 0x55, 0x4A, 0xD1,
    0x5A, 0xC7, 0x39, 0x8E, 0x73, 0x9A, 0xD6, 0x18, 0xC6, 0xCF, 0x7B, 0x71, 0x8C, 0x08, 0x42, 0x49,
    0x4A, 0xB6, 0xB5, 0xBA, 0xD6, 0xB2, 0x94, 0xAE, 0x73, 0x92, 0x94, 0x69, 0x4A, 0x51, 0x8C, 0xBA,
    0xD6, 0x96, 0xB5, 0xAE, 0x73, 0x92, 0x94, 0x24, 0x21, 0x81, 0xF9, 0x5A, 0x05, 0xD8, 0x5A, 0xB8,
    0x5A, 0x97, 0x52, 0x96, 0x52, 0x75, 0x4A, 0x55, 0x4A, 0x81, 0x34, 0x42, 0x01, 0x54, 0x4A, 0x75,
    0x4A, 0x81, 0x96, 0x52, 0x01, 0xB7, 0x5A, 0xD8, 0x5A, 0x81, 0xF9, 0x5A, 0x05, 0xD8, 0x5A, 0xB8,
    0x5A, 0x97, 0x52, 0x96, 0x52, 0x75, 0x4A, 0x55, 0x4A, 0x81, 0x33, 0x42, 0x05, 0x55, 0x4A, 0x75,
    0x4A, 0x96, 0x52, 0x97, 0x52, 0xB8, 0x5A, 0xD8, 0x5A, 0x81, 0xF9, 0x5A, 0x12, 0xD8, 0x5A, 0xB8,
    0x5A, 0x97, 0x52, 0x96, 0x52, 0x75, 0x4A, 0x54, 0x4A, 0x34, 0x42, 0xAC, 0x52, 0x28, 0x42, 0x10,
    0x84, 0xBA, 0xD6, 0xD7, 0xBD, 0xAE, 0x73, 0x92, 0x94, 0x61, 0x08, 0x49, 0x4A, 0x18, 0xC6, 0x9A,
    0xD6, 0x51, 0x8C, 0x81, 0xEF, 0x7B, 0x08, 0x69, 0x4A, 0xD3, 0x9C, 0xDB, 0xDE, 0x55, 0xAD, 0x8E,
    0x73, 0x92, 0x94, 0xC7, 0x39, 0xB8, 0x5A, 0xD8, 0x5A, 0x81, 0xF9, 0x5A, 0x09, 0xD8, 0x5A, 0xB8,
    0x5A, 0x97, 0x52, 0x96, 0x52, 0x75, 0x4A, 0x54, 0x4A, 0x34, 0x42, 0x35, 0x42, 0x54, 0x4A, 0x75,
    0x4A, 0x81, 0x97, 0x52, 0x01, 0xB7, 0x5A, 0xD8, 0x5A, 0x81, 0xF9, 0x5A, 0x0D, 0xF9, 0x83, 0xEA,
    0x18, 0x07, 0x00, 0x57, 0x8C, 0xD6, 0x5A, 0x6F, 0x29, 0xD1, 0x39, 0xD2, 0x39, 0x14, 0x42, 0x56,
    0x4A, 0x96, 0x52, 0xB7, 0x52, 0xF9, 0x5A, 0x1A, 0x63, 0x81, 0x3A, 0x63, 0x05, 0x1A, 0x63, 0xF8,
    0x5A, 0xB7, 0x52, 0x96, 0x52, 0x55, 0x4A, 0x13, 0x42, 0x81, 0xD1, 0x39, 0x0C, 0x13, 0x42, 0xF2,
    0x5A, 0x86, 0x31, 0xE7, 0x39, 0xCF, 0x7B, 0xF3, 0x9C, 0xEF, 0x7B, 0x30, 0x84, 0xC7, 0x39, 0xE7,
    0x39, 0xCB, 0x5A, 0xD3, 0x9C, 0x71, 0x8C, 0x81, 0xCF, 0x7B, 0x81, 0x08, 0x42, 0x04, 0x51, 0x8C,
    0xB2, 0x94, 0xCF, 0x7B, 0x10, 0x84, 0x24, 0x21, 0x81, 0x3B, 0x63, 0x05, 0x19, 0x63, 0xF8, 0x5A,
    0xB8, 0x52, 0x96, 0x52, 0x54, 0x4A, 0x14, 0x42, 0x81, 0xD2, 0x39, 0x05, 0x14, 0x42, 0x55, 0x4A,
    0x96, 0x52, 0xB7, 0x52, 0xF8, 0x5A, 0x19, 0x63, 0x81, 0x3B, 0x63, 0x0D, 0x19, 0x63, 0xF8, 0x5A,
    0xB8, 0x52, 0x96, 0x52, 0x54, 0x4A, 0x14, 0x42, 0xD2, 0x39, 0xD1, 0x39, 0x13, 0x42, 0x54, 0x4A,
    0x96, 0x52, 0xB7, 0x52, 0xF8, 0x5A, 0x19, 0x63, 0x81, 0x3A, 0x63, 0x1D, 0x19, 0x63, 0xF8, 0x5A,
    0xB7, 0x52, 0x97, 0x52, 0x56, 0x4A, 0x13, 0x42, 0xD1, 0x39, 0xAC, 0x52, 0xC7, 0x39, 0x08, 0x42,
    0x30, 0x84, 0xD3, 0x9C, 0xCF, 0x7B, 0x10, 0x84, 0x41, 0x08, 0xC7, 0x39, 0x0C, 0x63, 0xD3, 0x9C,
    0x30, 0x84, 0xEF, 0x7B, 0x4D, 0x6B, 0x08, 0x42, 0x28, 0x42, 0x92, 0x94, 0xB2, 0x94, 0xCF, 0x7B,
    0x10, 0x84, 0xC7, 0x39, 0xF8, 0x5A, 0x19, 0x63, 0x81, 0x3A, 0x63, 0x1D, 0x19, 0x63, 0xF8, 0x5A,
    0xB7, 0x52, 0x97, 0x52, 0x56, 0x4A, 0x13, 0x42, 0xD1, 0x39, 0xD3, 0x39, 0x13, 0x42, 0x54, 0x4A,
    0x96, 0x52, 0xB7, 0x52, 0xF8, 0x5A, 0x1A, 0x63, 0x3B, 0x63, 0x3A, 0x63, 0x5B, 0x8C, 0xA9, 0x10,
    0x06, 0x00, 0xF7, 0x83, 0x95, 0x52, 0x91, 0x31, 0x4F, 0x29, 0x4E, 0x29, 0xD1, 0x39, 0x34, 0x42,
    0x96, 0x52, 0xD8, 0x5A, 0x19, 0x63, 0x5B, 0x6B, 0x81, 0x7C, 0x6B, 0x05, 0x5B, 0x6B, 0x19, 0x63,
    0xD8, 0x5A, 0x96, 0x52, 0x34, 0x42, 0xD1, 0x39, 0x81, 0x4F, 0x29, 0x0E, 0xD2, 0x39, 0x13, 0x63,
    0xA6, 0x31, 0xE7, 0x39, 0x49, 0x4A, 0xCB, 0x5A, 0x4D, 0x6B, 0xEF, 0x7B, 0xA6, 0x31, 0xE7, 0x39,
    0x28, 0x42, 0x8A, 0x52, 0x0C, 0x63, 0x8E, 0x73, 0xCF, 0x7B, 0x81, 0x08, 0x42, 0x04, 0x69, 0x4A,
    0xCB, 0x5A, 0x6D, 0x6B, 0xEF, 0x7B, 0x45, 0x29, 0x81, 0x7C, 0x6B, 0x0D, 0x5B, 0x6B, 0x19, 0x63,
    0xD8, 0x5A, 0x96, 0x52, 0x34, 0x42, 0xD1, 0x39, 0x50, 0x29, 0x4F, 0x29, 0xD1, 0x39, 0x34, 0x42,
    0x96, 0x52, 0xD8, 0x5A, 0x19, 0x63, 0x5B, 0x6B, 0x81, 0x7C, 0x6B, 0x0D, 0x5B, 0x6B, 0x19, 0x63,
    0xD8, 0x5A, 0x96, 0x52, 0x34, 0x42, 0xD3, 0x39, 0x52, 0x29, 0x50, 0x29, 0xD2, 0x39, 0x35, 0x42,
    0x96, 0x52, 0xD8, 0x5A, 0x19, 0x63, 0x5B, 0x6B, 0x81, 0x7C, 0x6B, 0x07, 0x5B, 0x6B, 0x19, 0x63,
    0xD7, 0x5A, 0x96, 0x52, 0x34, 0x42, 0xD2, 0x39, 0x4E, 0x29, 0xCD, 0x5A, 0x81, 0xE7, 0x39, 0x0A,
    0x69, 0x4A, 0xCB, 0x5A, 0x4D, 0x6B, 0xEF, 0x7B, 0x41, 0x08, 0xE7, 0x39, 0x49, 0x4A, 0xAA, 0x52,
    0x2C, 0x63, 0xAE, 0x73, 0x4D, 0x6B, 0x81, 0x08, 0x42, 0x06, 0x69, 0x4A, 0xEB, 0x5A, 0x6D, 0x6B,
    0xEF, 0x7B, 0xE7, 0x39, 0x19, 0x63, 0x5B, 0x6B, 0x81, 0x7C, 0x6B, 0x0D, 0x5B, 0x6B, 0x19, 0x63,
    0xD7, 0x5A, 0x96, 0x52, 0x34, 0x42, 0xD2, 0x39, 0x4E, 0x29, 0x4F, 0x29, 0xD2, 0x39, 0x34, 0x42,
    0x96, 0x52, 0xD8, 0x5A, 0x19, 0x63, 0x5B, 0x6B, 0x81, 0x7C, 0x6B, 0x05, 0xBC, 0x94, 0x48, 0x08,
    0x07, 0x00, 0x17, 0x84, 0x75, 0x8C, 0xAC, 0x10, 0x81, 0x50, 0x29, 0x12, 0xD1, 0x39, 0x34, 0x4A,
    0x96, 0x52, 0xD8, 0x5A, 0x1A, 0x63, 0x5B, 0x6B, 0x9D, 0x73, 0x9C, 0x73, 0x5B, 0x6B, 0x1A, 0x63,
    0xD8, 0x5A, 0x96, 0x52, 0x34, 0x4A, 0xD1, 0x39, 0x4F, 0x29, 0x50, 0x29, 0xD2, 0x39, 0xD4, 0x5A,
    0xAA, 0x52, 0x91, 0x8A, 0x52, 0x00, 0xAB, 0x52, 0x81, 0x9C, 0x73, 0x05, 0x5B, 0x6B, 0x1A, 0x63,
    0xD8, 0x5A, 0x96, 0x52, 0x34, 0x4A, 0xD1, 0x39, 0x81, 0x50, 0x29, 0x05, 0xD2, 0x39, 0x34, 0x4A,
    0x96, 0x52, 0xD8, 0x5A, 0x1A, 0x63, 0x5B, 0x6B, 0x81, 0x9D, 0x73, 0x18, 0x5B, 0x6B, 0x1A, 0x63,
    0xD8, 0x5A, 0x96, 0x52, 0x34, 0x4A, 0xD1, 0x39, 0x4F, 0x29, 0x50, 0x29, 0xD2, 0x39, 0x35, 0x4A,
    0x97, 0x52, 0xD8, 0x5A, 0x1A, 0x63, 0x5B, 0x6B, 0x9C, 0x73, 0x9D, 0x73, 0x5B, 0x6B, 0x1A, 0x63,
    0xD8, 0x5A, 0x96, 0x52, 0x34, 0x4A, 0xD2, 0x39, 0x51, 0x29, 0x6F, 0x4A, 0xAA, 0x52, 0x91, 0x8A,
    0x52, 0x12, 0x8B, 0x52, 0x1A, 0x63, 0x5B, 0x6B, 0x9C, 0x73, 0x9D, 0x73, 0x5B, 0x6B, 0x1A, 0x63,
    0xD8, 0x5A, 0x96, 0x52, 0x34, 0x4A, 0xD2, 0x39, 0x51, 0x29, 0x50, 0x29, 0xD2, 0x39, 0x34, 0x4A,
    0x96, 0x52, 0xD8, 0x5A, 0x1A, 0x63, 0x5B, 0x6B, 0x81, 0x9D, 0x73, 0x0D, 0xDC, 0xBD, 0x48, 0x08,
    0x08, 0x00, 0x57, 0x8C, 0xD5, 0x5A, 0x69, 0x10, 0x6E, 0x31, 0x13, 0x42, 0xB5, 0x52, 0x36, 0x63,
    0x97, 0x73, 0xF9, 0x7B, 0x5A, 0x8C, 0x9B, 0x94, 0x81, 0xDC, 0x9C, 0x05, 0x9B, 0x94, 0x5A, 0x8C,
    0xF8, 0x7B, 0x97, 0x73, 0x36, 0x63, 0xB4, 0x52, 0x81, 0x12, 0x42, 0x05, 0xB4, 0x52, 0x36, 0x63,
    0x97, 0x73, 0xF8, 0x7B, 0x5A, 0x8C, 0x9B, 0x94, 0x81, 0xDC, 0x9C, 0x05, 0x9B, 0x94, 0x5A, 0x8C,
    0xF8, 0x7B, 0x97, 0x73, 0x35, 0x63, 0xB4, 0x52, 0x81, 0x12, 0x42, 0x05, 0xB4, 0x52, 0x35, 0x63,
    0x97, 0x73, 0xF8, 0x7B, 0x5A, 0x8C, 0x9B, 0x94, 0x81, 0xDC, 0x9C, 0x05, 0x9B, 0x94, 0x5A, 0x8C,
    0xF9, 0x7B, 0x98, 0x73, 0x36, 0x63, 0xB4, 0x52, 0x81, 0x12, 0x42, 0x05, 0xB4, 0x52, 0x36, 0x63,
    0x97, 0x73, 0xF8, 0x7B, 0x5A, 0x8C, 0x9B, 0x94, 0x81, 0xDC, 0x9C, 0x0D, 0x9B, 0x94, 0x5A, 0x8C,
    0xF8, 0x7B, 0x97, 0x73, 0x36, 0x63, 0xB4, 0x52, 0x11, 0x42, 0x12, 0x42, 0xB4, 0x52, 0x35, 0x63,
    0x97, 0x73, 0xF8, 0x7B, 0x5A, 0x8C, 0x9B, 0x94, 0x81, 0xDC, 0x9C, 0x0D, 0x9B, 0x94, 0x5A, 0x8C,
    0xF9, 0x7B, 0x97, 0x73, 0x36, 0x63, 0xB4, 0x52, 0x12, 0x42, 0x13, 0x42, 0xB4, 0x52, 0x36, 0x63,
    0x97, 0x73, 0xF8, 0x7B, 0x5A, 0x8C, 0x9B, 0x94, 0x81, 0xDC, 0x9C, 0x0D, 0x9B, 0x94, 0x5A, 0x8C,
    0xF8, 0x7B, 0x97, 0x73, 0x36, 0x63, 0xB4, 0x52, 0x11, 0x42, 0x12, 0x42, 0xB4, 0x52, 0x35, 0x63,
    0x97, 0x73, 0xF8, 0x7B, 0x5A, 0x8C, 0x9B, 0x94, 0x81, 0xDC, 0x9C, 0x10, 0x9B, 0x94, 0x5A, 0x8C,
    0xF9, 0x7B, 0x97, 0x73, 0x36, 0x63, 0xB4, 0x52, 0x12, 0x42, 0x13, 0x42, 0xB5, 0x52, 0x36, 0x63,
    0x97, 0x73, 0xF8, 0x7B, 0x5A, 0x8C, 0x9B, 0x94, 0xDC, 0x9C, 0xDC, 0xBD, 0x7A, 0x6B, 0x81, 0x07,
    0x00, 0x0A, 0x17, 0x84, 0x0D, 0x21, 0x08, 0x00, 0x09, 0x00, 0xD1, 0x39, 0xB0, 0x31, 0x8F, 0x31,
    0x4E, 0x29, 0x2D, 0x21, 0xEB, 0x20, 0xAA, 0x10, 0x81, 0x48, 0x08, 0x05, 0xAA, 0x10, 0xEB, 0x20,
    0x2D, 0x21, 0x4E, 0x29, 0x8F, 0x31, 0xB0, 0x31, 0x81, 0xD1, 0x39, 0x0D, 0xB0, 0x31, 0x8F, 0x31,
    0x4E, 0x29, 0x2D, 0x21, 0xEC, 0x20, 0xA9, 0x10, 0x47, 0x08, 0x48, 0x08, 0xA9, 0x10, 0xEB, 0x20,
    0x2C, 0x21, 0x4E, 0x29, 0x8F, 0x31, 0xB0, 0x31, 0x81, 0xD1, 0x39, 0x05, 0xB1, 0x31, 0x90, 0x31,
    0x4E, 0x29, 0x2C, 0x21, 0xEB, 0x20, 0xAA, 0x10, 0x81, 0x48, 0x08, 0x05, 0xAA, 0x10, 0xEB, 0x20,
    0x2D, 0x21, 0x4E, 0x29, 0x8F, 0x31, 0xB0, 0x31, 0x81, 0xD1, 0x39, 0x05, 0xB0, 0x31, 0x8F, 0x31,
    0x4E, 0x29, 0x2D, 0x21, 0xEB, 0x20, 0xA9, 0x18, 0x81, 0x48, 0x08, 0x15, 0xAA, 0x10, 0xEC, 0x18,
    0x2D, 0x21, 0x4E, 0x29, 0x8F, 0x31, 0xB0, 0x31, 0xD0, 0x39, 0xD1, 0x39, 0xB0, 0x31, 0x8F, 0x31,
    0x4E, 0x29, 0x2C, 0x21, 0xEB, 0x20, 0xAA, 0x10, 0x48, 0x08, 0x47, 0x08, 0xA9, 0x10, 0xEB, 0x20,
    0x2D, 0x21, 0x4E, 0x29, 0x8F, 0x31, 0xB0, 0x31, 0x81, 0xD1, 0x39, 0x05, 0xB0, 0x31, 0x8F, 0x31,
    0x4E, 0x29, 0x2D, 0x21, 0xEB, 0x20, 0xA9, 0x18, 0x81, 0x48, 0x08, 0x15, 0xAA, 0x10, 0xEC, 0x18,
    0x2D, 0x21, 0x4E, 0x29, 0x8F, 0x31, 0xB0, 0x31, 0xD0, 0x39, 0xD1, 0x39, 0xB0, 0x31, 0x8F, 0x31,
    0x4E, 0x29, 0x2C, 0x21, 0xEB, 0x20, 0xAA, 0x10, 0x48, 0x08, 0x47, 0x08, 0xA9, 0x10, 0xEB, 0x20,
    0x2D, 0x21, 0x4E, 0x29, 0x8F, 0x31, 0xB0, 0x31, 0x81, 0xD1, 0x39, 0x05, 0xB0, 0x31, 0x8F, 0x31,
    0x4E, 0x29, 0x2D, 0x21, 0xEB, 0x20, 0xAA, 0x10, 0x81, 0x47, 0x08, 0x82, 0x07, 0x00, 0x00, 0x12,
    0x63, 0x83, 0x08, 0x00, 0x00, 0x07, 0x00, 0x83, 0x08, 0x00, 0x82, 0x07, 0x00, 0x81, 0x08, 0x00,
    0x81, 0x09, 0x00, 0x81, 0x08, 0x00, 0x81, 0x0A, 0x00, 0x81, 0x07, 0x00, 0x00, 0x09, 0x00, 0x85,
    0x08, 0x00, 0x01, 0x07, 0x00, 0x08, 0x00, 0x81, 0x09, 0x00, 0x01, 0x0A, 0x00, 0x09, 0x00, 0x84,
    0x08, 0x00, 0x81, 0x07, 0x00, 0x87, 0x08, 0x00, 0x81, 0x09, 0x00, 0x02, 0x0A, 0x00, 0x09, 0x00,
    0x08, 0x00, 0x81, 0x09, 0x00, 0x81, 0x07, 0x00, 0x83, 0x08, 0x00, 0x86, 0x09, 0x00, 0x01, 0x0A,
    0x00, 0x08, 0x00, 0x81, 0x07, 0x00, 0x81, 0x08, 0x00, 0x82, 0x07, 0x00, 0x82, 0x08, 0x00, 0x81,
    0x09, 0x00, 0x02, 0x0A, 0x00, 0x09, 0x00, 0x08, 0x00, 0x81, 0x09, 0x00, 0x81, 0x07, 0x00, 0x83,
    0x08, 0x00, 0x86, 0x09, 0x00, 0x01, 0x0A, 0x00, 0x08, 0x00, 0x81, 0x07, 0x00, 0x81, 0x08, 0x00,
    0x82, 0x07, 0x00, 0x82, 0x08, 0x00, 0x81, 0x09, 0x00, 0x01, 0x08, 0x00, 0x07, 0x00, 0x81, 0x08,
    0x00, 0x81, 0x09, 0x00, 0x04, 0x08, 0x00, 0x07, 0x00, 0x08, 0x00, 0x09, 0x00, 0x08, 0x00,
};
